Archive:  /mnt/SDCARD/System/updates/update_001/python.zip
  inflating: bin/2to3
  inflating: bin/pip3
  inflating: bin/pydoc3
  inflating: bin/python3.11-config
  inflating: bin/idle3.11
  inflating: bin/pip3.10
  inflating: bin/python3-config
  inflating: bin/2to3-3.11
  inflating: bin/pydoc3.11
  inflating: bin/pip3.11
  inflating: bin/idle3
  inflating: bin/python3
  inflating: bin/python3.11
  inflating: include/python3.11/pythonrun.h
  inflating: include/python3.11/patchlevel.h
  inflating: include/python3.11/opcode.h
  inflating: include/python3.11/marshal.h
  inflating: include/python3.11/bytearrayobject.h
  inflating: include/python3.11/errcode.h
  inflating: include/python3.11/pystrcmp.h
  inflating: include/python3.11/longobject.h
  inflating: include/python3.11/structmember.h
  inflating: include/python3.11/tupleobject.h
  inflating: include/python3.11/rangeobject.h
  inflating: include/python3.11/traceback.h
  inflating: include/python3.11/pystate.h
  inflating: include/python3.11/setobject.h
  inflating: include/python3.11/pytypedefs.h
  inflating: include/python3.11/tracemalloc.h
  inflating: include/python3.11/pymacro.h
  inflating: include/python3.11/pylifecycle.h
  inflating: include/python3.11/fileobject.h
  inflating: include/python3.11/exports.h
  inflating: include/python3.11/complexobject.h
  inflating: include/python3.11/bytesobject.h
  inflating: include/python3.11/moduleobject.h
  inflating: include/python3.11/iterobject.h
  inflating: include/python3.11/memoryobject.h
  inflating: include/python3.11/pyerrors.h
  inflating: include/python3.11/pythread.h
  inflating: include/python3.11/weakrefobject.h
  inflating: include/python3.11/internal/pycore_bitutils.h
  inflating: include/python3.11/internal/pycore_runtime.h
  inflating: include/python3.11/internal/pycore_getopt.h
  inflating: include/python3.11/internal/pycore_ast.h
  inflating: include/python3.11/internal/pycore_typeobject.h
  inflating: include/python3.11/internal/pycore_dict.h
  inflating: include/python3.11/internal/pycore_floatobject.h
  inflating: include/python3.11/internal/pycore_pyarena.h
  inflating: include/python3.11/internal/pycore_sliceobject.h
  inflating: include/python3.11/internal/pycore_pymath.h
  inflating: include/python3.11/internal/pycore_hashtable.h
  inflating: include/python3.11/internal/pycore_unicodeobject.h
  inflating: include/python3.11/internal/pycore_atomic_funcs.h
  inflating: include/python3.11/internal/pycore_condvar.h
  inflating: include/python3.11/internal/pycore_parser.h
  inflating: include/python3.11/internal/pycore_pyerrors.h
  inflating: include/python3.11/internal/pycore_sysmodule.h
  inflating: include/python3.11/internal/pycore_interp.h
  inflating: include/python3.11/internal/pycore_ceval.h
  inflating: include/python3.11/internal/pycore_moduleobject.h
  inflating: include/python3.11/internal/pycore_tuple.h
  inflating: include/python3.11/internal/pycore_exceptions.h
  inflating: include/python3.11/internal/pycore_asdl.h
  inflating: include/python3.11/internal/pycore_initconfig.h
  inflating: include/python3.11/internal/pycore_pystate.h
  inflating: include/python3.11/internal/pycore_ast_state.h
  inflating: include/python3.11/internal/pycore_interpreteridobject.h
  inflating: include/python3.11/internal/pycore_namespace.h
  inflating: include/python3.11/internal/pycore_traceback.h
  inflating: include/python3.11/internal/pycore_frame.h
  inflating: include/python3.11/internal/pycore_object.h
  inflating: include/python3.11/internal/pycore_gc.h
  inflating: include/python3.11/internal/pycore_signal.h
  inflating: include/python3.11/internal/pycore_compile.h
  inflating: include/python3.11/internal/pycore_atomic.h
  inflating: include/python3.11/internal/pycore_context.h
  inflating: include/python3.11/internal/pycore_structseq.h
  inflating: include/python3.11/internal/pycore_strhex.h
  inflating: include/python3.11/internal/pycore_abstract.h
  inflating: include/python3.11/internal/pycore_ucnhash.h
  inflating: include/python3.11/internal/pycore_global_strings.h
  inflating: include/python3.11/internal/pycore_code.h
  inflating: include/python3.11/internal/pycore_list.h
  inflating: include/python3.11/internal/pycore_pathconfig.h
  inflating: include/python3.11/internal/pycore_gil.h
  inflating: include/python3.11/internal/pycore_pylifecycle.h
  inflating: include/python3.11/internal/pycore_bytesobject.h
  inflating: include/python3.11/internal/pycore_runtime_init.h
  inflating: include/python3.11/internal/pycore_global_objects.h
  inflating: include/python3.11/internal/pycore_genobject.h
  inflating: include/python3.11/internal/pycore_fileutils.h
  inflating: include/python3.11/internal/pycore_function.h
  inflating: include/python3.11/internal/pycore_hamt.h
  inflating: include/python3.11/internal/pycore_long.h
  inflating: include/python3.11/internal/pycore_unionobject.h
  inflating: include/python3.11/internal/pycore_call.h
  inflating: include/python3.11/internal/pycore_accu.h
  inflating: include/python3.11/internal/pycore_import.h
  inflating: include/python3.11/internal/pycore_dtoa.h
  inflating: include/python3.11/internal/pycore_emscripten_signal.h
  inflating: include/python3.11/internal/pycore_bytes_methods.h
  inflating: include/python3.11/internal/pycore_symtable.h
  inflating: include/python3.11/internal/pycore_warnings.h
  inflating: include/python3.11/internal/pycore_pymem.h
  inflating: include/python3.11/internal/pycore_format.h
  inflating: include/python3.11/internal/pycore_pyhash.h
  inflating: include/python3.11/internal/pycore_blocks_output_buffer.h
  inflating: include/python3.11/internal/pycore_opcode.h
  inflating: include/python3.11/import.h
  inflating: include/python3.11/codecs.h
  inflating: include/python3.11/pymacconfig.h
  inflating: include/python3.11/cpython/pythonrun.h
  inflating: include/python3.11/cpython/bytearrayobject.h
  inflating: include/python3.11/cpython/pyctype.h
  inflating: include/python3.11/cpython/longobject.h
  inflating: include/python3.11/cpython/longintrepr.h
  inflating: include/python3.11/cpython/tupleobject.h
  inflating: include/python3.11/cpython/odictobject.h
  inflating: include/python3.11/cpython/funcobject.h
  inflating: include/python3.11/cpython/traceback.h
  inflating: include/python3.11/cpython/pystate.h
  inflating: include/python3.11/cpython/setobject.h
  inflating: include/python3.11/cpython/classobject.h
  inflating: include/python3.11/cpython/pylifecycle.h
  inflating: include/python3.11/cpython/pytime.h
  inflating: include/python3.11/cpython/fileobject.h
  inflating: include/python3.11/cpython/complexobject.h
  inflating: include/python3.11/cpython/bytesobject.h
  inflating: include/python3.11/cpython/pyerrors.h
  inflating: include/python3.11/cpython/pythread.h
  inflating: include/python3.11/cpython/pydebug.h
  inflating: include/python3.11/cpython/weakrefobject.h
  inflating: include/python3.11/cpython/genobject.h
  inflating: include/python3.11/cpython/import.h
  inflating: include/python3.11/cpython/initconfig.h
  inflating: include/python3.11/cpython/floatobject.h
  inflating: include/python3.11/cpython/listobject.h
  inflating: include/python3.11/cpython/object.h
  inflating: include/python3.11/cpython/warnings.h
  inflating: include/python3.11/cpython/compile.h
  inflating: include/python3.11/cpython/objimpl.h
  inflating: include/python3.11/cpython/fileutils.h
  inflating: include/python3.11/cpython/context.h
  inflating: include/python3.11/cpython/unicodeobject.h
  inflating: include/python3.11/cpython/cellobject.h
  inflating: include/python3.11/cpython/ceval.h
  inflating: include/python3.11/cpython/frameobject.h
  inflating: include/python3.11/cpython/pyframe.h
  inflating: include/python3.11/cpython/sysmodule.h
  inflating: include/python3.11/cpython/pymem.h
  inflating: include/python3.11/cpython/pyfpe.h
  inflating: include/python3.11/cpython/dictobject.h
  inflating: include/python3.11/cpython/pthread_stubs.h
  inflating: include/python3.11/cpython/abstract.h
  inflating: include/python3.11/cpython/picklebufobject.h
  inflating: include/python3.11/cpython/descrobject.h
  inflating: include/python3.11/cpython/modsupport.h
  inflating: include/python3.11/cpython/code.h
  inflating: include/python3.11/cpython/methodobject.h
  inflating: include/python3.11/floatobject.h
  inflating: include/python3.11/listobject.h
  inflating: include/python3.11/token.h
  inflating: include/python3.11/object.h
  inflating: include/python3.11/sliceobject.h
  inflating: include/python3.11/warnings.h
  inflating: include/python3.11/pymath.h
  inflating: include/python3.11/compile.h
  inflating: include/python3.11/pybuffer.h
  inflating: include/python3.11/objimpl.h
  inflating: include/python3.11/fileutils.h
  inflating: include/python3.11/pydtrace.h
  inflating: include/python3.11/unicodeobject.h
  inflating: include/python3.11/ceval.h
  inflating: include/python3.11/bltinmodule.h
  inflating: include/python3.11/boolobject.h
  inflating: include/python3.11/osdefs.h
  inflating: include/python3.11/pyconfig.h
  inflating: include/python3.11/pycapsule.h
  inflating: include/python3.11/py_curses.h
  inflating: include/python3.11/frameobject.h
  inflating: include/python3.11/typeslots.h
  inflating: include/python3.11/pyframe.h
  inflating: include/python3.11/structseq.h
  inflating: include/python3.11/sysmodule.h
  inflating: include/python3.11/pymem.h
  inflating: include/python3.11/Python.h
  inflating: include/python3.11/datetime.h
  inflating: include/python3.11/pyexpat.h
  inflating: include/python3.11/dictobject.h
  inflating: include/python3.11/pyport.h
  inflating: include/python3.11/abstract.h
  inflating: include/python3.11/descrobject.h
  inflating: include/python3.11/pyhash.h
  inflating: include/python3.11/intrcheck.h
  inflating: include/python3.11/genericaliasobject.h
  inflating: include/python3.11/modsupport.h
  inflating: include/python3.11/osmodule.h
  inflating: include/python3.11/pystrtod.h
  inflating: include/python3.11/enumobject.h
  inflating: include/python3.11/dynamic_annotations.h
  inflating: include/python3.11/methodobject.h
  inflating: lib/pkgconfig/python3-embed.pc
  inflating: lib/pkgconfig/python-3.11.pc
  inflating: lib/pkgconfig/python-3.11-embed.pc
  inflating: lib/pkgconfig/python3.pc
  inflating: lib/python3.11/netrc.py
  inflating: lib/python3.11/stringprep.py
  inflating: lib/python3.11/wsgiref/__init__.py
  inflating: lib/python3.11/wsgiref/util.py
  inflating: lib/python3.11/wsgiref/types.py
  inflating: lib/python3.11/wsgiref/handlers.py
  inflating: lib/python3.11/wsgiref/validate.py
  inflating: lib/python3.11/wsgiref/simple_server.py
  inflating: lib/python3.11/wsgiref/headers.py
  inflating: lib/python3.11/wsgiref/__pycache__/simple_server.cpython-311.opt-2.pyc
  inflating: lib/python3.11/wsgiref/__pycache__/util.cpython-311.opt-1.pyc
  inflating: lib/python3.11/wsgiref/__pycache__/headers.cpython-311.pyc
  inflating: lib/python3.11/wsgiref/__pycache__/validate.cpython-311.opt-2.pyc
  inflating: lib/python3.11/wsgiref/__pycache__/handlers.cpython-311.opt-2.pyc
  inflating: lib/python3.11/wsgiref/__pycache__/types.cpython-311.pyc
  inflating: lib/python3.11/wsgiref/__pycache__/headers.cpython-311.opt-1.pyc
  inflating: lib/python3.11/wsgiref/__pycache__/__init__.cpython-311.opt-1.pyc
  inflating: lib/python3.11/wsgiref/__pycache__/simple_server.cpython-311.opt-1.pyc
  inflating: lib/python3.11/wsgiref/__pycache__/__init__.cpython-311.pyc
  inflating: lib/python3.11/wsgiref/__pycache__/validate.cpython-311.opt-1.pyc
  inflating: lib/python3.11/wsgiref/__pycache__/types.cpython-311.opt-2.pyc
  inflating: lib/python3.11/wsgiref/__pycache__/types.cpython-311.opt-1.pyc
  inflating: lib/python3.11/wsgiref/__pycache__/handlers.cpython-311.opt-1.pyc
  inflating: lib/python3.11/wsgiref/__pycache__/validate.cpython-311.pyc
  inflating: lib/python3.11/wsgiref/__pycache__/__init__.cpython-311.opt-2.pyc
  inflating: lib/python3.11/wsgiref/__pycache__/handlers.cpython-311.pyc
  inflating: lib/python3.11/wsgiref/__pycache__/headers.cpython-311.opt-2.pyc
  inflating: lib/python3.11/wsgiref/__pycache__/util.cpython-311.opt-2.pyc
  inflating: lib/python3.11/wsgiref/__pycache__/simple_server.cpython-311.pyc
  inflating: lib/python3.11/wsgiref/__pycache__/util.cpython-311.pyc
  inflating: lib/python3.11/weakref.py
  inflating: lib/python3.11/antigravity.py
  inflating: lib/python3.11/_compat_pickle.py
  inflating: lib/python3.11/random.py
  inflating: lib/python3.11/tkinter/test/test_ttk/test_extensions.py
  inflating: lib/python3.11/tkinter/test/test_ttk/test_widgets.py
  inflating: lib/python3.11/tkinter/test/test_ttk/test_style.py
  inflating: lib/python3.11/tkinter/test/test_ttk/__init__.py
  inflating: lib/python3.11/tkinter/test/test_ttk/__pycache__/test_extensions.cpython-311.opt-1.pyc
  inflating: lib/python3.11/tkinter/test/test_ttk/__pycache__/test_extensions.cpython-311.pyc
  inflating: lib/python3.11/tkinter/test/test_ttk/__pycache__/test_widgets.cpython-311.opt-1.pyc
  inflating: lib/python3.11/tkinter/test/test_ttk/__pycache__/__init__.cpython-311.opt-1.pyc
  inflating: lib/python3.11/tkinter/test/test_ttk/__pycache__/test_extensions.cpython-311.opt-2.pyc
  inflating: lib/python3.11/tkinter/test/test_ttk/__pycache__/__init__.cpython-311.pyc
  inflating: lib/python3.11/tkinter/test/test_ttk/__pycache__/test_style.cpython-311.opt-1.pyc
  inflating: lib/python3.11/tkinter/test/test_ttk/__pycache__/test_widgets.cpython-311.opt-2.pyc
  inflating: lib/python3.11/tkinter/test/test_ttk/__pycache__/test_style.cpython-311.opt-2.pyc
  inflating: lib/python3.11/tkinter/test/test_ttk/__pycache__/__init__.cpython-311.opt-2.pyc
  inflating: lib/python3.11/tkinter/test/test_ttk/__pycache__/test_widgets.cpython-311.pyc
  inflating: lib/python3.11/tkinter/test/test_ttk/__pycache__/test_style.cpython-311.pyc
  inflating: lib/python3.11/tkinter/test/widget_tests.py
  inflating: lib/python3.11/tkinter/test/__init__.py
  inflating: lib/python3.11/tkinter/test/README
  inflating: lib/python3.11/tkinter/test/support.py
  inflating: lib/python3.11/tkinter/test/test_tkinter/test_variables.py
  inflating: lib/python3.11/tkinter/test/test_tkinter/test_font.py
  inflating: lib/python3.11/tkinter/test/test_tkinter/test_widgets.py
  inflating: lib/python3.11/tkinter/test/test_tkinter/test_loadtk.py
  inflating: lib/python3.11/tkinter/test/test_tkinter/test_colorchooser.py
  inflating: lib/python3.11/tkinter/test/test_tkinter/__init__.py
  inflating: lib/python3.11/tkinter/test/test_tkinter/test_geometry_managers.py
  inflating: lib/python3.11/tkinter/test/test_tkinter/test_images.py
  inflating: lib/python3.11/tkinter/test/test_tkinter/test_text.py
  inflating: lib/python3.11/tkinter/test/test_tkinter/test_simpledialog.py
  inflating: lib/python3.11/tkinter/test/test_tkinter/__pycache__/test_text.cpython-311.opt-1.pyc
  inflating: lib/python3.11/tkinter/test/test_tkinter/__pycache__/test_geometry_managers.cpython-311.opt-1.pyc
  inflating: lib/python3.11/tkinter/test/test_tkinter/__pycache__/test_images.cpython-311.pyc
  inflating: lib/python3.11/tkinter/test/test_tkinter/__pycache__/test_colorchooser.cpython-311.pyc
  inflating: lib/python3.11/tkinter/test/test_tkinter/__pycache__/test_font.cpython-311.opt-2.pyc
  inflating: lib/python3.11/tkinter/test/test_tkinter/__pycache__/test_loadtk.cpython-311.opt-1.pyc
  inflating: lib/python3.11/tkinter/test/test_tkinter/__pycache__/test_messagebox.cpython-311.pyc
  inflating: lib/python3.11/tkinter/test/test_tkinter/__pycache__/test_misc.cpython-311.opt-1.pyc
  inflating: lib/python3.11/tkinter/test/test_tkinter/__pycache__/test_loadtk.cpython-311.opt-2.pyc
  inflating: lib/python3.11/tkinter/test/test_tkinter/__pycache__/test_misc.cpython-311.opt-2.pyc
  inflating: lib/python3.11/tkinter/test/test_tkinter/__pycache__/test_widgets.cpython-311.opt-1.pyc
  inflating: lib/python3.11/tkinter/test/test_tkinter/__pycache__/test_font.cpython-311.opt-1.pyc
  inflating: lib/python3.11/tkinter/test/test_tkinter/__pycache__/__init__.cpython-311.opt-1.pyc
  inflating: lib/python3.11/tkinter/test/test_tkinter/__pycache__/test_text.cpython-311.pyc
  inflating: lib/python3.11/tkinter/test/test_tkinter/__pycache__/test_images.cpython-311.opt-2.pyc
  inflating: lib/python3.11/tkinter/test/test_tkinter/__pycache__/test_simpledialog.cpython-311.opt-1.pyc
  inflating: lib/python3.11/tkinter/test/test_tkinter/__pycache__/__init__.cpython-311.pyc
  inflating: lib/python3.11/tkinter/test/test_tkinter/__pycache__/test_widgets.cpython-311.opt-2.pyc
  inflating: lib/python3.11/tkinter/test/test_tkinter/__pycache__/test_simpledialog.cpython-311.opt-2.pyc
  inflating: lib/python3.11/tkinter/test/test_tkinter/__pycache__/test_messagebox.cpython-311.opt-1.pyc
  inflating: lib/python3.11/tkinter/test/test_tkinter/__pycache__/test_variables.cpython-311.opt-1.pyc
  inflating: lib/python3.11/tkinter/test/test_tkinter/__pycache__/test_messagebox.cpython-311.opt-2.pyc
  inflating: lib/python3.11/tkinter/test/test_tkinter/__pycache__/test_images.cpython-311.opt-1.pyc
  inflating: lib/python3.11/tkinter/test/test_tkinter/__pycache__/test_font.cpython-311.pyc
  inflating: lib/python3.11/tkinter/test/test_tkinter/__pycache__/test_colorchooser.cpython-311.opt-1.pyc
  inflating: lib/python3.11/tkinter/test/test_tkinter/__pycache__/test_variables.cpython-311.opt-2.pyc
  inflating: lib/python3.11/tkinter/test/test_tkinter/__pycache__/test_text.cpython-311.opt-2.pyc
  inflating: lib/python3.11/tkinter/test/test_tkinter/__pycache__/__init__.cpython-311.opt-2.pyc
  inflating: lib/python3.11/tkinter/test/test_tkinter/__pycache__/test_colorchooser.cpython-311.opt-2.pyc
  inflating: lib/python3.11/tkinter/test/test_tkinter/__pycache__/test_misc.cpython-311.pyc
  inflating: lib/python3.11/tkinter/test/test_tkinter/__pycache__/test_widgets.cpython-311.pyc
  inflating: lib/python3.11/tkinter/test/test_tkinter/__pycache__/test_geometry_managers.cpython-311.pyc
  inflating: lib/python3.11/tkinter/test/test_tkinter/__pycache__/test_variables.cpython-311.pyc
  inflating: lib/python3.11/tkinter/test/test_tkinter/__pycache__/test_geometry_managers.cpython-311.opt-2.pyc
  inflating: lib/python3.11/tkinter/test/test_tkinter/__pycache__/test_loadtk.cpython-311.pyc
  inflating: lib/python3.11/tkinter/test/test_tkinter/__pycache__/test_simpledialog.cpython-311.pyc
  inflating: lib/python3.11/tkinter/test/test_tkinter/test_messagebox.py
  inflating: lib/python3.11/tkinter/test/test_tkinter/test_misc.py
  inflating: lib/python3.11/tkinter/test/__pycache__/support.cpython-311.opt-2.pyc
  inflating: lib/python3.11/tkinter/test/__pycache__/widget_tests.cpython-311.opt-1.pyc
  inflating: lib/python3.11/tkinter/test/__pycache__/widget_tests.cpython-311.pyc
  inflating: lib/python3.11/tkinter/test/__pycache__/widget_tests.cpython-311.opt-2.pyc
  inflating: lib/python3.11/tkinter/test/__pycache__/__init__.cpython-311.opt-1.pyc
  inflating: lib/python3.11/tkinter/test/__pycache__/__init__.cpython-311.pyc
  inflating: lib/python3.11/tkinter/test/__pycache__/support.cpython-311.pyc
  inflating: lib/python3.11/tkinter/test/__pycache__/support.cpython-311.opt-1.pyc
  inflating: lib/python3.11/tkinter/test/__pycache__/__init__.cpython-311.opt-2.pyc
  inflating: lib/python3.11/tkinter/colorchooser.py
  inflating: lib/python3.11/tkinter/__main__.py
  inflating: lib/python3.11/tkinter/simpledialog.py
  inflating: lib/python3.11/tkinter/__init__.py
  inflating: lib/python3.11/tkinter/messagebox.py
  inflating: lib/python3.11/tkinter/dnd.py
  inflating: lib/python3.11/tkinter/tix.py
  inflating: lib/python3.11/tkinter/scrolledtext.py
  inflating: lib/python3.11/tkinter/constants.py
  inflating: lib/python3.11/tkinter/ttk.py
  inflating: lib/python3.11/tkinter/font.py
  inflating: lib/python3.11/tkinter/filedialog.py
  inflating: lib/python3.11/tkinter/commondialog.py
  inflating: lib/python3.11/tkinter/__pycache__/constants.cpython-311.opt-1.pyc
  inflating: lib/python3.11/tkinter/__pycache__/simpledialog.cpython-311.pyc
  inflating: lib/python3.11/tkinter/__pycache__/tix.cpython-311.pyc
  inflating: lib/python3.11/tkinter/__pycache__/messagebox.cpython-311.opt-2.pyc
  inflating: lib/python3.11/tkinter/__pycache__/dialog.cpython-311.pyc
  inflating: lib/python3.11/tkinter/__pycache__/dnd.cpython-311.opt-2.pyc
  inflating: lib/python3.11/tkinter/__pycache__/colorchooser.cpython-311.opt-2.pyc
  inflating: lib/python3.11/tkinter/__pycache__/simpledialog.cpython-311.opt-2.pyc
  inflating: lib/python3.11/tkinter/__pycache__/font.cpython-311.opt-1.pyc
  inflating: lib/python3.11/tkinter/__pycache__/__init__.cpython-311.opt-1.pyc
  inflating: lib/python3.11/tkinter/__pycache__/ttk.cpython-311.pyc
  inflating: lib/python3.11/tkinter/__pycache__/font.cpython-311.pyc
  inflating: lib/python3.11/tkinter/__pycache__/scrolledtext.cpython-311.opt-2.pyc
  inflating: lib/python3.11/tkinter/__pycache__/__main__.cpython-311.opt-1.pyc
  inflating: lib/python3.11/tkinter/__pycache__/commondialog.cpython-311.pyc
  inflating: lib/python3.11/tkinter/__pycache__/commondialog.cpython-311.opt-2.pyc
  inflating: lib/python3.11/tkinter/__pycache__/__init__.cpython-311.pyc
  inflating: lib/python3.11/tkinter/__pycache__/ttk.cpython-311.opt-1.pyc
  inflating: lib/python3.11/tkinter/__pycache__/dialog.cpython-311.opt-2.pyc
  inflating: lib/python3.11/tkinter/__pycache__/font.cpython-311.opt-2.pyc
  inflating: lib/python3.11/tkinter/__pycache__/scrolledtext.cpython-311.pyc
  inflating: lib/python3.11/tkinter/__pycache__/filedialog.cpython-311.opt-2.pyc
  inflating: lib/python3.11/tkinter/__pycache__/dialog.cpython-311.opt-1.pyc
  inflating: lib/python3.11/tkinter/__pycache__/dnd.cpython-311.pyc
  inflating: lib/python3.11/tkinter/__pycache__/__main__.cpython-311.opt-2.pyc
  inflating: lib/python3.11/tkinter/__pycache__/tix.cpython-311.opt-1.pyc
  inflating: lib/python3.11/tkinter/__pycache__/filedialog.cpython-311.pyc
  inflating: lib/python3.11/tkinter/__pycache__/__init__.cpython-311.opt-2.pyc
  inflating: lib/python3.11/tkinter/__pycache__/simpledialog.cpython-311.opt-1.pyc
  inflating: lib/python3.11/tkinter/__pycache__/constants.cpython-311.pyc
  inflating: lib/python3.11/tkinter/__pycache__/commondialog.cpython-311.opt-1.pyc
  inflating: lib/python3.11/tkinter/__pycache__/dnd.cpython-311.opt-1.pyc
  inflating: lib/python3.11/tkinter/__pycache__/messagebox.cpython-311.opt-1.pyc
  inflating: lib/python3.11/tkinter/__pycache__/colorchooser.cpython-311.opt-1.pyc
  inflating: lib/python3.11/tkinter/__pycache__/scrolledtext.cpython-311.opt-1.pyc
  inflating: lib/python3.11/tkinter/__pycache__/__main__.cpython-311.pyc
  inflating: lib/python3.11/tkinter/__pycache__/filedialog.cpython-311.opt-1.pyc
  inflating: lib/python3.11/tkinter/__pycache__/colorchooser.cpython-311.pyc
  inflating: lib/python3.11/tkinter/__pycache__/messagebox.cpython-311.pyc
  inflating: lib/python3.11/tkinter/__pycache__/constants.cpython-311.opt-2.pyc
  inflating: lib/python3.11/tkinter/__pycache__/ttk.cpython-311.opt-2.pyc
  inflating: lib/python3.11/tkinter/__pycache__/tix.cpython-311.opt-2.pyc
  inflating: lib/python3.11/tkinter/dialog.py
  inflating: lib/python3.11/symtable.py
  inflating: lib/python3.11/string.py
  inflating: lib/python3.11/http/client.py
  inflating: lib/python3.11/http/cookiejar.py
  inflating: lib/python3.11/http/__init__.py
  inflating: lib/python3.11/http/server.py
  inflating: lib/python3.11/http/cookies.py
  inflating: lib/python3.11/http/__pycache__/__init__.cpython-311.opt-1.pyc
  inflating: lib/python3.11/http/__pycache__/cookies.cpython-311.opt-2.pyc
  inflating: lib/python3.11/http/__pycache__/cookiejar.cpython-311.opt-1.pyc
  inflating: lib/python3.11/http/__pycache__/__init__.cpython-311.pyc
  inflating: lib/python3.11/http/__pycache__/client.cpython-311.pyc
  inflating: lib/python3.11/http/__pycache__/client.cpython-311.opt-2.pyc
  inflating: lib/python3.11/http/__pycache__/server.cpython-311.pyc
  inflating: lib/python3.11/http/__pycache__/server.cpython-311.opt-2.pyc
  inflating: lib/python3.11/http/__pycache__/cookies.cpython-311.pyc
  inflating: lib/python3.11/http/__pycache__/cookies.cpython-311.opt-1.pyc
  inflating: lib/python3.11/http/__pycache__/__init__.cpython-311.opt-2.pyc
  inflating: lib/python3.11/http/__pycache__/server.cpython-311.opt-1.pyc
  inflating: lib/python3.11/http/__pycache__/cookiejar.cpython-311.pyc
  inflating: lib/python3.11/http/__pycache__/client.cpython-311.opt-1.pyc
  inflating: lib/python3.11/http/__pycache__/cookiejar.cpython-311.opt-2.pyc
  inflating: lib/python3.11/linecache.py
  inflating: lib/python3.11/test/test_class.py
  inflating: lib/python3.11/test/test_yield_from.py
  inflating: lib/python3.11/test/test_eof.py
  inflating: lib/python3.11/test/keycert4.pem
  inflating: lib/python3.11/test/test_copy.py
  inflating: lib/python3.11/test/test_sort.py
  inflating: lib/python3.11/test/test_unicode_file_functions.py
  inflating: lib/python3.11/test/badsyntax_future6.py
  inflating: lib/python3.11/test/test_numeric_tower.py
  inflating: lib/python3.11/test/test_mailbox.py
  inflating: lib/python3.11/test/clinic.test
  inflating: lib/python3.11/test/mime.types
  inflating: lib/python3.11/test/test_random.py
  inflating: lib/python3.11/test/ssl_servers.py
  inflating: lib/python3.11/test/dataclass_module_1.py
  inflating: lib/python3.11/test/test_frame.py
  inflating: lib/python3.11/test/test_stable_abi_ctypes.py
  inflating: lib/python3.11/test/test_wave.py
  inflating: lib/python3.11/test/test_getpath.py
  inflating: lib/python3.11/test/test_winreg.py
  inflating: lib/python3.11/test/test_abstract_numbers.py
  inflating: lib/python3.11/test/test_email/test_email.py
  inflating: lib/python3.11/test/test_email/test_headerregistry.py
  inflating: lib/python3.11/test/test_email/data/python.tiff
  inflating: lib/python3.11/test/test_email/data/sndhdr.aiff
  inflating: lib/python3.11/test/test_email/data/msg_21.txt
  inflating: lib/python3.11/test/test_email/data/msg_24.txt
  inflating: lib/python3.11/test/test_email/data/msg_01.txt
  inflating: lib/python3.11/test/test_email/data/python.ras
  inflating: lib/python3.11/test/test_email/data/python.png
  inflating: lib/python3.11/test/test_email/data/sndhdr.wav
  inflating: lib/python3.11/test/test_email/data/msg_10.txt
  inflating: lib/python3.11/test/test_email/data/msg_09.txt
  inflating: lib/python3.11/test/test_email/data/sndhdr.au
  inflating: lib/python3.11/test/test_email/data/msg_30.txt
  inflating: lib/python3.11/test/test_email/data/python.ppm
  inflating: lib/python3.11/test/test_email/data/msg_22.txt
  inflating: lib/python3.11/test/test_email/data/python.gif
  inflating: lib/python3.11/test/test_email/data/msg_23.txt
  inflating: lib/python3.11/test/test_email/data/msg_35.txt
  inflating: lib/python3.11/test/test_email/data/msg_33.txt
  inflating: lib/python3.11/test/test_email/data/python.webp
  inflating: lib/python3.11/test/test_email/data/msg_32.txt
  inflating: lib/python3.11/test/test_email/data/msg_45.txt
  inflating: lib/python3.11/test/test_email/data/msg_39.txt
  inflating: lib/python3.11/test/test_email/data/python.exr
  inflating: lib/python3.11/test/test_email/data/msg_16.txt
  inflating: lib/python3.11/test/test_email/data/msg_03.txt
  inflating: lib/python3.11/test/test_email/data/msg_29.txt
  inflating: lib/python3.11/test/test_email/data/msg_12.txt
  inflating: lib/python3.11/test/test_email/data/msg_11.txt
  inflating: lib/python3.11/test/test_email/data/python.pbm
  inflating: lib/python3.11/test/test_email/data/msg_46.txt
  inflating: lib/python3.11/test/test_email/data/msg_12a.txt
  inflating: lib/python3.11/test/test_email/data/msg_27.txt
  inflating: lib/python3.11/test/test_email/data/msg_28.txt
  inflating: lib/python3.11/test/test_email/data/msg_07.txt
  inflating: lib/python3.11/test/test_email/data/python.pgm
  inflating: lib/python3.11/test/test_email/data/msg_25.txt
  inflating: lib/python3.11/test/test_email/data/python.sgi
  inflating: lib/python3.11/test/test_email/data/msg_41.txt
  inflating: lib/python3.11/test/test_email/data/python.xbm
  inflating: lib/python3.11/test/test_email/data/msg_05.txt
  inflating: lib/python3.11/test/test_email/data/msg_43.txt
  inflating: lib/python3.11/test/test_email/data/msg_19.txt
  inflating: lib/python3.11/test/test_email/data/msg_15.txt
  inflating: lib/python3.11/test/test_email/data/msg_18.txt
  inflating: lib/python3.11/test/test_email/data/msg_08.txt
  inflating: lib/python3.11/test/test_email/data/msg_13.txt
  inflating: lib/python3.11/test/test_email/data/msg_02.txt
  inflating: lib/python3.11/test/test_email/data/msg_14.txt
  inflating: lib/python3.11/test/test_email/data/sndhdr.aifc
  inflating: lib/python3.11/test/test_email/data/msg_06.txt
  inflating: lib/python3.11/test/test_email/data/msg_34.txt
  inflating: lib/python3.11/test/test_email/data/msg_31.txt
  inflating: lib/python3.11/test/test_email/data/msg_40.txt
  inflating: lib/python3.11/test/test_email/data/msg_37.txt
  inflating: lib/python3.11/test/test_email/data/python.jpg
  inflating: lib/python3.11/test/test_email/data/msg_17.txt
  inflating: lib/python3.11/test/test_email/data/msg_38.txt
  inflating: lib/python3.11/test/test_email/data/msg_26.txt
  inflating: lib/python3.11/test/test_email/data/python.bmp
  inflating: lib/python3.11/test/test_email/data/msg_44.txt
  inflating: lib/python3.11/test/test_email/data/msg_36.txt
  inflating: lib/python3.11/test/test_email/data/msg_20.txt
  inflating: lib/python3.11/test/test_email/data/msg_42.txt
  inflating: lib/python3.11/test/test_email/data/msg_04.txt
  inflating: lib/python3.11/test/test_email/test_asian_codecs.py
  inflating: lib/python3.11/test/test_email/__main__.py
  inflating: lib/python3.11/test/test_email/test__encoded_words.py
  inflating: lib/python3.11/test/test_email/__init__.py
  inflating: lib/python3.11/test/test_email/test__header_value_parser.py
  inflating: lib/python3.11/test/test_email/test_policy.py
  inflating: lib/python3.11/test/test_email/torture_test.py
  inflating: lib/python3.11/test/test_email/test_defect_handling.py
  inflating: lib/python3.11/test/test_email/test_contentmanager.py
  inflating: lib/python3.11/test/test_email/test_utils.py
  inflating: lib/python3.11/test/test_email/test_inversion.py
  inflating: lib/python3.11/test/test_email/test_parser.py
  inflating: lib/python3.11/test/test_email/test_pickleable.py
  inflating: lib/python3.11/test/test_email/__pycache__/test_asian_codecs.cpython-311.pyc
  inflating: lib/python3.11/test/test_email/__pycache__/test_inversion.cpython-311.opt-1.pyc
  inflating: lib/python3.11/test/test_email/__pycache__/test_generator.cpython-311.opt-1.pyc
  inflating: lib/python3.11/test/test_email/__pycache__/test_utils.cpython-311.opt-2.pyc
  inflating: lib/python3.11/test/test_email/__pycache__/test_asian_codecs.cpython-311.opt-1.pyc
  inflating: lib/python3.11/test/test_email/__pycache__/test_policy.cpython-311.opt-1.pyc
  inflating: lib/python3.11/test/test_email/__pycache__/test_generator.cpython-311.opt-2.pyc
  inflating: lib/python3.11/test/test_email/__pycache__/test_parser.cpython-311.opt-2.pyc
  inflating: lib/python3.11/test/test_email/__pycache__/test_pickleable.cpython-311.pyc
  inflating: lib/python3.11/test/test_email/__pycache__/test__encoded_words.cpython-311.opt-1.pyc
  inflating: lib/python3.11/test/test_email/__pycache__/torture_test.cpython-311.pyc
  inflating: lib/python3.11/test/test_email/__pycache__/torture_test.cpython-311.opt-1.pyc
  inflating: lib/python3.11/test/test_email/__pycache__/test_asian_codecs.cpython-311.opt-2.pyc
  inflating: lib/python3.11/test/test_email/__pycache__/__init__.cpython-311.opt-1.pyc
  inflating: lib/python3.11/test/test_email/__pycache__/test_pickleable.cpython-311.opt-2.pyc
  inflating: lib/python3.11/test/test_email/__pycache__/test_defect_handling.cpython-311.opt-2.pyc
  inflating: lib/python3.11/test/test_email/__pycache__/__main__.cpython-311.opt-1.pyc
  inflating: lib/python3.11/test/test_email/__pycache__/test_utils.cpython-311.opt-1.pyc
  inflating: lib/python3.11/test/test_email/__pycache__/test_parser.cpython-311.opt-1.pyc
  inflating: lib/python3.11/test/test_email/__pycache__/__init__.cpython-311.pyc
  inflating: lib/python3.11/test/test_email/__pycache__/test__encoded_words.cpython-311.opt-2.pyc
  inflating: lib/python3.11/test/test_email/__pycache__/test_contentmanager.cpython-311.opt-1.pyc
  inflating: lib/python3.11/test/test_email/__pycache__/test_message.cpython-311.opt-2.pyc
  inflating: lib/python3.11/test/test_email/__pycache__/test_email.cpython-311.pyc
  inflating: lib/python3.11/test/test_email/__pycache__/test__encoded_words.cpython-311.pyc
  inflating: lib/python3.11/test/test_email/__pycache__/test_message.cpython-311.opt-1.pyc
  inflating: lib/python3.11/test/test_email/__pycache__/test_parser.cpython-311.pyc
  inflating: lib/python3.11/test/test_email/__pycache__/test_inversion.cpython-311.opt-2.pyc
  inflating: lib/python3.11/test/test_email/__pycache__/test_policy.cpython-311.opt-2.pyc
  inflating: lib/python3.11/test/test_email/__pycache__/__main__.cpython-311.opt-2.pyc
  inflating: lib/python3.11/test/test_email/__pycache__/torture_test.cpython-311.opt-2.pyc
  inflating: lib/python3.11/test/test_email/__pycache__/__init__.cpython-311.opt-2.pyc
  inflating: lib/python3.11/test/test_email/__pycache__/test_contentmanager.cpython-311.opt-2.pyc
  inflating: lib/python3.11/test/test_email/__pycache__/test__header_value_parser.cpython-311.opt-1.pyc
  inflating: lib/python3.11/test/test_email/__pycache__/test_headerregistry.cpython-311.opt-1.pyc
  inflating: lib/python3.11/test/test_email/__pycache__/test_message.cpython-311.pyc
  inflating: lib/python3.11/test/test_email/__pycache__/test_defect_handling.cpython-311.opt-1.pyc
  inflating: lib/python3.11/test/test_email/__pycache__/test_email.cpython-311.opt-1.pyc
  inflating: lib/python3.11/test/test_email/__pycache__/test_defect_handling.cpython-311.pyc
  inflating: lib/python3.11/test/test_email/__pycache__/__main__.cpython-311.pyc
  inflating: lib/python3.11/test/test_email/__pycache__/test_email.cpython-311.opt-2.pyc
  inflating: lib/python3.11/test/test_email/__pycache__/test_utils.cpython-311.pyc
  inflating: lib/python3.11/test/test_email/__pycache__/test__header_value_parser.cpython-311.opt-2.pyc
  inflating: lib/python3.11/test/test_email/__pycache__/test_pickleable.cpython-311.opt-1.pyc
  inflating: lib/python3.11/test/test_email/__pycache__/test_contentmanager.cpython-311.pyc
  inflating: lib/python3.11/test/test_email/__pycache__/test_headerregistry.cpython-311.pyc
  inflating: lib/python3.11/test/test_email/__pycache__/test_policy.cpython-311.pyc
  inflating: lib/python3.11/test/test_email/__pycache__/test__header_value_parser.cpython-311.pyc
  inflating: lib/python3.11/test/test_email/__pycache__/test_inversion.cpython-311.pyc
  inflating: lib/python3.11/test/test_email/__pycache__/test_generator.cpython-311.pyc
  inflating: lib/python3.11/test/test_email/__pycache__/test_headerregistry.cpython-311.opt-2.pyc
  inflating: lib/python3.11/test/test_email/test_generator.py
  inflating: lib/python3.11/test/test_email/test_message.py
  inflating: lib/python3.11/test/revocation.crl
  inflating: lib/python3.11/test/mapping_tests.py
  inflating: lib/python3.11/test/test_compileall.py
  inflating: lib/python3.11/test/test_openpty.py
  inflating: lib/python3.11/test/test_file.py
  inflating: lib/python3.11/test/test_pkgutil.py
  inflating: lib/python3.11/test/nullbytecert.pem
  inflating: lib/python3.11/test/test_tuple.py
  inflating: lib/python3.11/test/test_bisect.py
  inflating: lib/python3.11/test/tokenize_tests-utf8-coding-cookie-and-no-utf8-bom-sig.txt
  inflating: lib/python3.11/test/test_crypt.py
  inflating: lib/python3.11/test/test_filecmp.py
  inflating: lib/python3.11/test/test_asdl_parser.py
  inflating: lib/python3.11/test/decimaltestdata/ddMaxMag.decTest
  inflating: lib/python3.11/test/decimaltestdata/dqToIntegral.decTest
  inflating: lib/python3.11/test/decimaltestdata/dsEncode.decTest
  inflating: lib/python3.11/test/decimaltestdata/ddSubtract.decTest
  inflating: lib/python3.11/test/decimaltestdata/plus.decTest
  inflating: lib/python3.11/test/decimaltestdata/divide.decTest
  inflating: lib/python3.11/test/decimaltestdata/ddShift.decTest
  inflating: lib/python3.11/test/decimaltestdata/dqAbs.decTest
  inflating: lib/python3.11/test/decimaltestdata/ddMinus.decTest
  inflating: lib/python3.11/test/decimaltestdata/ddOr.decTest
  inflating: lib/python3.11/test/decimaltestdata/ddAnd.decTest
  inflating: lib/python3.11/test/decimaltestdata/dqMax.decTest
  inflating: lib/python3.11/test/decimaltestdata/and.decTest
  inflating: lib/python3.11/test/decimaltestdata/dqCanonical.decTest
  inflating: lib/python3.11/test/decimaltestdata/dqMinus.decTest
  inflating: lib/python3.11/test/decimaltestdata/exp.decTest
  inflating: lib/python3.11/test/decimaltestdata/dqRemainderNear.decTest
  inflating: lib/python3.11/test/decimaltestdata/abs.decTest
  inflating: lib/python3.11/test/decimaltestdata/dqMin.decTest
  inflating: lib/python3.11/test/decimaltestdata/ddCompareTotalMag.decTest
  inflating: lib/python3.11/test/decimaltestdata/ddDivideInt.decTest
  inflating: lib/python3.11/test/decimaltestdata/ddNextToward.decTest
  inflating: lib/python3.11/test/decimaltestdata/minmag.decTest
  inflating: lib/python3.11/test/decimaltestdata/copyabs.decTest
  inflating: lib/python3.11/test/decimaltestdata/dqSameQuantum.decTest
  inflating: lib/python3.11/test/decimaltestdata/ddEncode.decTest
  inflating: lib/python3.11/test/decimaltestdata/dqEncode.decTest
  inflating: lib/python3.11/test/decimaltestdata/nextplus.decTest
  inflating: lib/python3.11/test/decimaltestdata/ddRemainder.decTest
  inflating: lib/python3.11/test/decimaltestdata/remainderNear.decTest
  inflating: lib/python3.11/test/decimaltestdata/ddSameQuantum.decTest
  inflating: lib/python3.11/test/decimaltestdata/ddAdd.decTest
  inflating: lib/python3.11/test/decimaltestdata/subtract.decTest
  inflating: lib/python3.11/test/decimaltestdata/dqLogB.decTest
  inflating: lib/python3.11/test/decimaltestdata/decDouble.decTest
  inflating: lib/python3.11/test/decimaltestdata/tointegralx.decTest
  inflating: lib/python3.11/test/decimaltestdata/scaleb.decTest
  inflating: lib/python3.11/test/decimaltestdata/ddBase.decTest
  inflating: lib/python3.11/test/decimaltestdata/copysign.decTest
  inflating: lib/python3.11/test/decimaltestdata/dqDivideInt.decTest
  inflating: lib/python3.11/test/decimaltestdata/base.decTest
  inflating: lib/python3.11/test/decimaltestdata/rounding.decTest
  inflating: lib/python3.11/test/decimaltestdata/ddCompareSig.decTest
  inflating: lib/python3.11/test/decimaltestdata/dqMaxMag.decTest
  inflating: lib/python3.11/test/decimaltestdata/copynegate.decTest
  inflating: lib/python3.11/test/decimaltestdata/dqCompareSig.decTest
  inflating: lib/python3.11/test/decimaltestdata/ddReduce.decTest
  inflating: lib/python3.11/test/decimaltestdata/or.decTest
  inflating: lib/python3.11/test/decimaltestdata/powersqrt.decTest
  inflating: lib/python3.11/test/decimaltestdata/ddMultiply.decTest
  inflating: lib/python3.11/test/decimaltestdata/dqCopy.decTest
  inflating: lib/python3.11/test/decimaltestdata/samequantum.decTest
  inflating: lib/python3.11/test/decimaltestdata/shift.decTest
  inflating: lib/python3.11/test/decimaltestdata/maxmag.decTest
  inflating: lib/python3.11/test/decimaltestdata/dqDivide.decTest
  inflating: lib/python3.11/test/decimaltestdata/dqAnd.decTest
  inflating: lib/python3.11/test/decimaltestdata/inexact.decTest
  inflating: lib/python3.11/test/decimaltestdata/dqInvert.decTest
  inflating: lib/python3.11/test/decimaltestdata/dqBase.decTest
  inflating: lib/python3.11/test/decimaltestdata/minus.decTest
  inflating: lib/python3.11/test/decimaltestdata/ddPlus.decTest
  inflating: lib/python3.11/test/decimaltestdata/dqRemainder.decTest
  inflating: lib/python3.11/test/decimaltestdata/testall.decTest
  inflating: lib/python3.11/test/decimaltestdata/randomBound32.decTest
  inflating: lib/python3.11/test/decimaltestdata/dqRotate.decTest
  inflating: lib/python3.11/test/decimaltestdata/dqCompare.decTest
  inflating: lib/python3.11/test/decimaltestdata/nextminus.decTest
  inflating: lib/python3.11/test/decimaltestdata/dqCopyNegate.decTest
  inflating: lib/python3.11/test/decimaltestdata/dqSubtract.decTest
  inflating: lib/python3.11/test/decimaltestdata/ddMin.decTest
  inflating: lib/python3.11/test/decimaltestdata/compare.decTest
  inflating: lib/python3.11/test/decimaltestdata/quantize.decTest
  inflating: lib/python3.11/test/decimaltestdata/ddClass.decTest
  inflating: lib/python3.11/test/decimaltestdata/ddMax.decTest
  inflating: lib/python3.11/test/decimaltestdata/ddScaleB.decTest
  inflating: lib/python3.11/test/decimaltestdata/power.decTest
  inflating: lib/python3.11/test/decimaltestdata/comparetotal.decTest
  inflating: lib/python3.11/test/decimaltestdata/decQuad.decTest
  inflating: lib/python3.11/test/decimaltestdata/dqQuantize.decTest
  inflating: lib/python3.11/test/decimaltestdata/ln.decTest
  inflating: lib/python3.11/test/decimaltestdata/ddDivide.decTest
  inflating: lib/python3.11/test/decimaltestdata/dqFMA.decTest
  inflating: lib/python3.11/test/decimaltestdata/nexttoward.decTest
  inflating: lib/python3.11/test/decimaltestdata/dqShift.decTest
  inflating: lib/python3.11/test/decimaltestdata/ddInvert.decTest
  inflating: lib/python3.11/test/decimaltestdata/dqReduce.decTest
  inflating: lib/python3.11/test/decimaltestdata/ddMinMag.decTest
  inflating: lib/python3.11/test/decimaltestdata/dqNextMinus.decTest
  inflating: lib/python3.11/test/decimaltestdata/ddNextPlus.decTest
  inflating: lib/python3.11/test/decimaltestdata/dqNextToward.decTest
  inflating: lib/python3.11/test/decimaltestdata/dqCompareTotal.decTest
  inflating: lib/python3.11/test/decimaltestdata/class.decTest
  inflating: lib/python3.11/test/decimaltestdata/log10.decTest
  inflating: lib/python3.11/test/decimaltestdata/clamp.decTest
  inflating: lib/python3.11/test/decimaltestdata/add.decTest
  inflating: lib/python3.11/test/decimaltestdata/multiply.decTest
  inflating: lib/python3.11/test/decimaltestdata/ddXor.decTest
  inflating: lib/python3.11/test/decimaltestdata/randoms.decTest
  inflating: lib/python3.11/test/decimaltestdata/dqCompareTotalMag.decTest
  inflating: lib/python3.11/test/decimaltestdata/ddNextMinus.decTest
  inflating: lib/python3.11/test/decimaltestdata/comparetotmag.decTest
  inflating: lib/python3.11/test/decimaltestdata/ddRemainderNear.decTest
  inflating: lib/python3.11/test/decimaltestdata/reduce.decTest
  inflating: lib/python3.11/test/decimaltestdata/min.decTest
  inflating: lib/python3.11/test/decimaltestdata/fma.decTest
  inflating: lib/python3.11/test/decimaltestdata/decSingle.decTest
  inflating: lib/python3.11/test/decimaltestdata/ddCopyNegate.decTest
  inflating: lib/python3.11/test/decimaltestdata/dqNextPlus.decTest
  inflating: lib/python3.11/test/decimaltestdata/extra.decTest
  inflating: lib/python3.11/test/decimaltestdata/dqScaleB.decTest
  inflating: lib/python3.11/test/decimaltestdata/dqMultiply.decTest
  inflating: lib/python3.11/test/decimaltestdata/xor.decTest
  inflating: lib/python3.11/test/decimaltestdata/ddFMA.decTest
  inflating: lib/python3.11/test/decimaltestdata/copy.decTest
  inflating: lib/python3.11/test/decimaltestdata/dqXor.decTest
  inflating: lib/python3.11/test/decimaltestdata/dqMinMag.decTest
  inflating: lib/python3.11/test/decimaltestdata/logb.decTest
  inflating: lib/python3.11/test/decimaltestdata/remainder.decTest
  inflating: lib/python3.11/test/decimaltestdata/invert.decTest
  inflating: lib/python3.11/test/decimaltestdata/ddCopy.decTest
  inflating: lib/python3.11/test/decimaltestdata/ddAbs.decTest
  inflating: lib/python3.11/test/decimaltestdata/ddCopySign.decTest
  inflating: lib/python3.11/test/decimaltestdata/ddLogB.decTest
  inflating: lib/python3.11/test/decimaltestdata/ddToIntegral.decTest
  inflating: lib/python3.11/test/decimaltestdata/ddCanonical.decTest
  inflating: lib/python3.11/test/decimaltestdata/dqPlus.decTest
  inflating: lib/python3.11/test/decimaltestdata/max.decTest
  inflating: lib/python3.11/test/decimaltestdata/dqOr.decTest
  inflating: lib/python3.11/test/decimaltestdata/ddCompareTotal.decTest
  inflating: lib/python3.11/test/decimaltestdata/rescale.decTest
  inflating: lib/python3.11/test/decimaltestdata/ddRotate.decTest
  inflating: lib/python3.11/test/decimaltestdata/ddQuantize.decTest
  inflating: lib/python3.11/test/decimaltestdata/divideint.decTest
  inflating: lib/python3.11/test/decimaltestdata/tointegral.decTest
  inflating: lib/python3.11/test/decimaltestdata/dqCopyAbs.decTest
  inflating: lib/python3.11/test/decimaltestdata/ddCopyAbs.decTest
  inflating: lib/python3.11/test/decimaltestdata/ddCompare.decTest
  inflating: lib/python3.11/test/decimaltestdata/dqCopySign.decTest
  inflating: lib/python3.11/test/decimaltestdata/dsBase.decTest
  inflating: lib/python3.11/test/decimaltestdata/dqAdd.decTest
  inflating: lib/python3.11/test/decimaltestdata/rotate.decTest
  inflating: lib/python3.11/test/decimaltestdata/squareroot.decTest
  inflating: lib/python3.11/test/decimaltestdata/dqClass.decTest
  inflating: lib/python3.11/test/cfgparser.1
  inflating: lib/python3.11/test/ann_module4.py
  inflating: lib/python3.11/test/test_metaclass.py
  inflating: lib/python3.11/test/list_tests.py
  inflating: lib/python3.11/test/bisect_cmd.py
  inflating: lib/python3.11/test/test_dataclasses.py
  inflating: lib/python3.11/test/test_gdb.py
  inflating: lib/python3.11/test/test_dis.py
  inflating: lib/python3.11/test/test_urlparse.py
  inflating: lib/python3.11/test/test_launcher.py
  inflating: lib/python3.11/test/ssl_key.pem
  inflating: lib/python3.11/test/test_http_cookiejar.py
  inflating: lib/python3.11/test/tf_inherit_check.py
  inflating: lib/python3.11/test/Sine-1000Hz-300ms.aif
  inflating: lib/python3.11/test/test_concurrent_futures.py
  inflating: lib/python3.11/test/test_getargs2.py
  inflating: lib/python3.11/test/test_patma.py
  inflating: lib/python3.11/test/test_buffer.py
  inflating: lib/python3.11/test/audiotest.au
  inflating: lib/python3.11/test/testtar.tar.xz
  inflating: lib/python3.11/test/test__xxsubinterpreters.py
  inflating: lib/python3.11/test/test_wait3.py
  inflating: lib/python3.11/test/bad_coding2.py
  inflating: lib/python3.11/test/test_traceback.py
  inflating: lib/python3.11/test/test_argparse.py
  inflating: lib/python3.11/test/test_sax.py
  inflating: lib/python3.11/test/test_doctest.txt
  inflating: lib/python3.11/test/test_baseexception.py
  inflating: lib/python3.11/test/test_urllib2_localnet.py
  inflating: lib/python3.11/test/data/README
  inflating: lib/python3.11/test/test_signal.py
  inflating: lib/python3.11/test/test_msilib.py
  inflating: lib/python3.11/test/test_zipfile.py
  inflating: lib/python3.11/test/test_select.py
  inflating: lib/python3.11/test/test_ucn.py
  inflating: lib/python3.11/test/test_dbm_gnu.py
  inflating: lib/python3.11/test/test_graphlib.py
  inflating: lib/python3.11/test/test_ast.py
  inflating: lib/python3.11/test/test_strtod.py
  inflating: lib/python3.11/test/test_augassign.py
  inflating: lib/python3.11/test/test_netrc.py
  inflating: lib/python3.11/test/test_doctest.py
  inflating: lib/python3.11/test/test_opcache.py
  inflating: lib/python3.11/test/test_colorsys.py
  inflating: lib/python3.11/test/support/logging_helper.py
  inflating: lib/python3.11/test/support/script_helper.py
  inflating: lib/python3.11/test/support/interpreters.py
  inflating: lib/python3.11/test/support/bytecode_helper.py
  inflating: lib/python3.11/test/support/__init__.py
  inflating: lib/python3.11/test/support/testresult.py
  inflating: lib/python3.11/test/support/socket_helper.py
  inflating: lib/python3.11/test/support/os_helper.py
  inflating: lib/python3.11/test/support/threading_helper.py
  inflating: lib/python3.11/test/support/hashlib_helper.py
  inflating: lib/python3.11/test/support/import_helper.py
  inflating: lib/python3.11/test/support/__pycache__/socket_helper.cpython-311.opt-1.pyc
  inflating: lib/python3.11/test/support/__pycache__/logging_helper.cpython-311.opt-2.pyc
  inflating: lib/python3.11/test/support/__pycache__/logging_helper.cpython-311.pyc
  inflating: lib/python3.11/test/support/__pycache__/__init__.cpython-311.opt-1.pyc
  inflating: lib/python3.11/test/support/__pycache__/socket_helper.cpython-311.opt-2.pyc
  inflating: lib/python3.11/test/support/__pycache__/os_helper.cpython-311.pyc
  inflating: lib/python3.11/test/support/__pycache__/script_helper.cpython-311.opt-2.pyc
  inflating: lib/python3.11/test/support/__pycache__/hashlib_helper.cpython-311.opt-2.pyc
  inflating: lib/python3.11/test/support/__pycache__/bytecode_helper.cpython-311.opt-1.pyc
  inflating: lib/python3.11/test/support/__pycache__/__init__.cpython-311.pyc
  inflating: lib/python3.11/test/support/__pycache__/script_helper.cpython-311.pyc
  inflating: lib/python3.11/test/support/__pycache__/interpreters.cpython-311.opt-1.pyc
  inflating: lib/python3.11/test/support/__pycache__/warnings_helper.cpython-311.opt-1.pyc
  inflating: lib/python3.11/test/support/__pycache__/threading_helper.cpython-311.pyc
  inflating: lib/python3.11/test/support/__pycache__/socket_helper.cpython-311.pyc
  inflating: lib/python3.11/test/support/__pycache__/warnings_helper.cpython-311.opt-2.pyc
  inflating: lib/python3.11/test/support/__pycache__/import_helper.cpython-311.pyc
  inflating: lib/python3.11/test/support/__pycache__/hashlib_helper.cpython-311.pyc
  inflating: lib/python3.11/test/support/__pycache__/testresult.cpython-311.opt-2.pyc
  inflating: lib/python3.11/test/support/__pycache__/script_helper.cpython-311.opt-1.pyc
  inflating: lib/python3.11/test/support/__pycache__/os_helper.cpython-311.opt-1.pyc
  inflating: lib/python3.11/test/support/__pycache__/import_helper.cpython-311.opt-1.pyc
  inflating: lib/python3.11/test/support/__pycache__/testresult.cpython-311.pyc
  inflating: lib/python3.11/test/support/__pycache__/threading_helper.cpython-311.opt-1.pyc
  inflating: lib/python3.11/test/support/__pycache__/hashlib_helper.cpython-311.opt-1.pyc
  inflating: lib/python3.11/test/support/__pycache__/__init__.cpython-311.opt-2.pyc
  inflating: lib/python3.11/test/support/__pycache__/import_helper.cpython-311.opt-2.pyc
  inflating: lib/python3.11/test/support/__pycache__/interpreters.cpython-311.pyc
  inflating: lib/python3.11/test/support/__pycache__/warnings_helper.cpython-311.pyc
  inflating: lib/python3.11/test/support/__pycache__/bytecode_helper.cpython-311.pyc
  inflating: lib/python3.11/test/support/__pycache__/testresult.cpython-311.opt-1.pyc
  inflating: lib/python3.11/test/support/__pycache__/logging_helper.cpython-311.opt-1.pyc
  inflating: lib/python3.11/test/support/__pycache__/threading_helper.cpython-311.opt-2.pyc
  inflating: lib/python3.11/test/support/__pycache__/bytecode_helper.cpython-311.opt-2.pyc
  inflating: lib/python3.11/test/support/__pycache__/os_helper.cpython-311.opt-2.pyc
  inflating: lib/python3.11/test/support/__pycache__/interpreters.cpython-311.opt-2.pyc
  inflating: lib/python3.11/test/support/warnings_helper.py
  inflating: lib/python3.11/test/test_gzip.py
  inflating: lib/python3.11/test/test_faulthandler.py
  inflating: lib/python3.11/test/mp_preload.py
  inflating: lib/python3.11/test/test_symtable.py
  inflating: lib/python3.11/test/test_future5.py
  inflating: lib/python3.11/test/test_syntax.py
  inflating: lib/python3.11/test/test_codecencodings_jp.py
  inflating: lib/python3.11/test/test_minidom.py
  inflating: lib/python3.11/test/test_urllib_response.py
  inflating: lib/python3.11/test/test_descrtut.py
  inflating: lib/python3.11/test/test_marshal.py
  inflating: lib/python3.11/test/test_turtle.py
  inflating: lib/python3.11/test/pythoninfo.py
  inflating: lib/python3.11/test/test_interpreters.py
  inflating: lib/python3.11/test/test_grp.py
  inflating: lib/python3.11/test/audit-tests.py
  inflating: lib/python3.11/test/badsyntax_3131.py
  inflating: lib/python3.11/test/test_xml_etree.py
  inflating: lib/python3.11/test/test_pydoc.py
  inflating: lib/python3.11/test/keycertecc.pem
  inflating: lib/python3.11/test/test_raise.py
  inflating: lib/python3.11/test/test_statistics.py
  inflating: lib/python3.11/test/test_ftplib.py
  inflating: lib/python3.11/test/test_tempfile.py
  inflating: lib/python3.11/test/test_bdb.py
  inflating: lib/python3.11/test/test_unicodedata.py
  inflating: lib/python3.11/test/test_kqueue.py
  inflating: lib/python3.11/test/test_warnings/data/stacklevel.py
  inflating: lib/python3.11/test/test_warnings/data/import_warning.py
  inflating: lib/python3.11/test/test_warnings/data/__pycache__/stacklevel.cpython-311.opt-2.pyc
  inflating: lib/python3.11/test/test_warnings/data/__pycache__/stacklevel.cpython-311.pyc
  inflating: lib/python3.11/test/test_warnings/data/__pycache__/import_warning.cpython-311.opt-1.pyc
  inflating: lib/python3.11/test/test_warnings/data/__pycache__/stacklevel.cpython-311.opt-1.pyc
  inflating: lib/python3.11/test/test_warnings/data/__pycache__/import_warning.cpython-311.pyc
  inflating: lib/python3.11/test/test_warnings/data/__pycache__/import_warning.cpython-311.opt-2.pyc
  inflating: lib/python3.11/test/test_warnings/__main__.py
  inflating: lib/python3.11/test/test_warnings/__init__.py
  inflating: lib/python3.11/test/test_warnings/__pycache__/__init__.cpython-311.opt-1.pyc
  inflating: lib/python3.11/test/test_warnings/__pycache__/__main__.cpython-311.opt-1.pyc
  inflating: lib/python3.11/test/test_warnings/__pycache__/__init__.cpython-311.pyc
  inflating: lib/python3.11/test/test_warnings/__pycache__/__main__.cpython-311.opt-2.pyc
  inflating: lib/python3.11/test/test_warnings/__pycache__/__init__.cpython-311.opt-2.pyc
  inflating: lib/python3.11/test/test_warnings/__pycache__/__main__.cpython-311.pyc
  inflating: lib/python3.11/test/__main__.py
  inflating: lib/python3.11/test/test_atexit.py
  inflating: lib/python3.11/test/test_quopri.py
  inflating: lib/python3.11/test/test_exception_group.py
  inflating: lib/python3.11/test/test_stringprep.py
  inflating: lib/python3.11/test/test_compile.py
  inflating: lib/python3.11/test/test_readline.py
  inflating: lib/python3.11/test/test_syslog.py
  inflating: lib/python3.11/test/test_doctest4.txt
  inflating: lib/python3.11/test/test_print.py
  inflating: lib/python3.11/test/test_dtrace.py
  inflating: lib/python3.11/test/test_type_cache.py
  inflating: lib/python3.11/test/test_dbm_ndbm.py
  inflating: lib/python3.11/test/test_getopt.py
  inflating: lib/python3.11/test/autotest.py
  inflating: lib/python3.11/test/test_multibytecodec.py
  inflating: lib/python3.11/test/test_osx_env.py
  inflating: lib/python3.11/test/test_cgitb.py
  inflating: lib/python3.11/test/randv2_64.pck
  inflating: lib/python3.11/test/test_xmlrpc_net.py
  inflating: lib/python3.11/test/test_posix.py
  inflating: lib/python3.11/test/test_sysconfig.py
  inflating: lib/python3.11/test/test_linecache.py
  inflating: lib/python3.11/test/test_weakref.py
  inflating: lib/python3.11/test/test_utf8_mode.py
  inflating: lib/python3.11/test/test_pprint.py
  inflating: lib/python3.11/test/test_memoryio.py
  inflating: lib/python3.11/test/test_textwrap.py
  inflating: lib/python3.11/test/badkey.pem
  inflating: lib/python3.11/test/test_plistlib.py
  inflating: lib/python3.11/test/ann_module6.py
  inflating: lib/python3.11/test/test_type_comments.py
  inflating: lib/python3.11/test/final_a.py
  inflating: lib/python3.11/test/test_contains.py
  inflating: lib/python3.11/test/test_xmlrpc.py
  inflating: lib/python3.11/test/test_abc.py
  inflating: lib/python3.11/test/test_threadedtempfile.py
  inflating: lib/python3.11/test/test_rlcompleter.py
  inflating: lib/python3.11/test/test_unpack.py
  inflating: lib/python3.11/test/test_exception_hierarchy.py
  inflating: lib/python3.11/test/test_codecencodings_tw.py
  inflating: lib/python3.11/test/ssltests.py
  inflating: lib/python3.11/test/test_multiprocessing_spawn.py
  inflating: lib/python3.11/test/test_contextlib.py
  inflating: lib/python3.11/test/test_funcattrs.py
  inflating: lib/python3.11/test/test_pickle.py
  inflating: lib/python3.11/test/test_pipes.py
  inflating: lib/python3.11/test/test_decorators.py
  inflating: lib/python3.11/test/sgml_input.html
  inflating: lib/python3.11/test/test_sys_settrace.py
  inflating: lib/python3.11/test/time_hashlib.py
  inflating: lib/python3.11/test/fork_wait.py
  inflating: lib/python3.11/test/test_genericalias.py
  inflating: lib/python3.11/test/test_telnetlib.py
  inflating: lib/python3.11/test/cfgparser.2
  inflating: lib/python3.11/test/test_decimal.py
  inflating: lib/python3.11/test/test_xxlimited.py
  inflating: lib/python3.11/test/inspect_stock_annotations.py
  inflating: lib/python3.11/test/test_positional_only_arg.py
  inflating: lib/python3.11/test/secp384r1.pem
  inflating: lib/python3.11/test/talos-2019-0758.pem
  inflating: lib/python3.11/test/test_bufio.py
  inflating: lib/python3.11/test/coding20731.py
  inflating: lib/python3.11/test/test_pyexpat.py
  inflating: lib/python3.11/test/test_scope.py
  inflating: lib/python3.11/test/test_runpy.py
  inflating: lib/python3.11/test/test_zipimport.py
  inflating: lib/python3.11/test/test_userstring.py
  inflating: lib/python3.11/test/test_c_locale_coercion.py
  inflating: lib/python3.11/test/test_pdb.py
  inflating: lib/python3.11/test/test_sundry.py
  inflating: lib/python3.11/test/test_sys_setprofile.py
  inflating: lib/python3.11/test/inspect_fodder.py
  inflating: lib/python3.11/test/test_generator_stop.py
  inflating: lib/python3.11/test/test_capi.py
  inflating: lib/python3.11/test/test_ordered_dict.py
  inflating: lib/python3.11/test/test_regrtest.py
  inflating: lib/python3.11/test/test_repl.py
  inflating: lib/python3.11/test/test_pkg.py
  inflating: lib/python3.11/test/test_eintr.py
  inflating: lib/python3.11/test/re_tests.py
  inflating: lib/python3.11/test/test_code_module.py
  inflating: lib/python3.11/test/test_gettext.py
  inflating: lib/python3.11/test/test_future.py
  inflating: lib/python3.11/test/keycert3.pem
  inflating: lib/python3.11/test/test_http_cookies.py
  inflating: lib/python3.11/test/test___all__.py
  inflating: lib/python3.11/test/test_csv.py
  inflating: lib/python3.11/test/test_fnmatch.py
  inflating: lib/python3.11/test/formatfloat_testcases.txt
  inflating: lib/python3.11/test/test_structseq.py
  inflating: lib/python3.11/test/test_ossaudiodev.py
  inflating: lib/python3.11/test/test_fork1.py
  inflating: lib/python3.11/test/test_urllib.py
  inflating: lib/python3.11/test/ssl_key.passwd.pem
  inflating: lib/python3.11/test/test_strftime.py
  inflating: lib/python3.11/test/test_codecs.py
  inflating: lib/python3.11/test/test_imp.py
  inflating: lib/python3.11/test/test_ntpath.py
  inflating: lib/python3.11/test/__init__.py
  inflating: lib/python3.11/test/sortperf.py
  inflating: lib/python3.11/test/string_tests.py
  inflating: lib/python3.11/test/test_zipfile64.py
  inflating: lib/python3.11/test/test_unary.py
  inflating: lib/python3.11/test/test_lib2to3.py
  inflating: lib/python3.11/test/tracedmodules/__init__.py
  inflating: lib/python3.11/test/tracedmodules/testmod.py
  inflating: lib/python3.11/test/tracedmodules/__pycache__/testmod.cpython-311.opt-2.pyc
  inflating: lib/python3.11/test/tracedmodules/__pycache__/testmod.cpython-311.opt-1.pyc
  inflating: lib/python3.11/test/tracedmodules/__pycache__/testmod.cpython-311.pyc
  inflating: lib/python3.11/test/tracedmodules/__pycache__/__init__.cpython-311.opt-1.pyc
  inflating: lib/python3.11/test/tracedmodules/__pycache__/__init__.cpython-311.pyc
  inflating: lib/python3.11/test/tracedmodules/__pycache__/__init__.cpython-311.opt-2.pyc
  inflating: lib/python3.11/test/test_logging.py
  inflating: lib/python3.11/test/capath/ceff1710.0
  inflating: lib/python3.11/test/capath/6e88d7b8.0
  inflating: lib/python3.11/test/capath/4e1295a3.0
  inflating: lib/python3.11/test/capath/5ed36f99.0
  inflating: lib/python3.11/test/capath/b1930218.0
  inflating: lib/python3.11/test/capath/99d0fa06.0
  inflating: lib/python3.11/test/test_mailcap.py
  inflating: lib/python3.11/test/test_winsound.py
  inflating: lib/python3.11/test/dataclass_textanno.py
  inflating: lib/python3.11/test/test_fileutils.py
  inflating: lib/python3.11/test/test_calendar.py
  inflating: lib/python3.11/test/test_setcomps.py
  inflating: lib/python3.11/test/ann_module8.py
  inflating: lib/python3.11/test/test_sched.py
  inflating: lib/python3.11/test/test_platform.py
  inflating: lib/python3.11/test/test_ctypes.py
  inflating: lib/python3.11/test/test_property.py
  inflating: lib/python3.11/test/test_secrets.py
  inflating: lib/python3.11/test/test_dbm_dumb.py
  inflating: lib/python3.11/test/test_deque.py
  inflating: lib/python3.11/test/test_pow.py
  inflating: lib/python3.11/test/_test_embed_structseq.py
  inflating: lib/python3.11/test/zipdir.zip
  inflating: lib/python3.11/test/win_console_handler.py
  inflating: lib/python3.11/test/test_datetime.py
  inflating: lib/python3.11/test/curses_tests.py
  inflating: lib/python3.11/test/test_selectors.py
  inflating: lib/python3.11/test/setup_testcppext.py
  inflating: lib/python3.11/test/keycert.pem
  inflating: lib/python3.11/test/test_slice.py
  inflating: lib/python3.11/test/test_inspect.py
  inflating: lib/python3.11/test/test_resource.py
  inflating: lib/python3.11/test/testcodec.py
  inflating: lib/python3.11/test/lock_tests.py
  inflating: lib/python3.11/test/test_getpass.py
  inflating: lib/python3.11/test/test_modulefinder.py
  inflating: lib/python3.11/test/future_test2.py
  inflating: lib/python3.11/test/test_grammar.py
  inflating: lib/python3.11/test/test_peg_generator/test_first_sets.py
  inflating: lib/python3.11/test/test_peg_generator/__main__.py
  inflating: lib/python3.11/test/test_peg_generator/__init__.py
  inflating: lib/python3.11/test/test_peg_generator/test_grammar_validator.py
  inflating: lib/python3.11/test/test_peg_generator/__pycache__/test_pegen.cpython-311.pyc
  inflating: lib/python3.11/test/test_peg_generator/__pycache__/test_c_parser.cpython-311.pyc
  inflating: lib/python3.11/test/test_peg_generator/__pycache__/test_c_parser.cpython-311.opt-2.pyc
  inflating: lib/python3.11/test/test_peg_generator/__pycache__/test_pegen.cpython-311.opt-2.pyc
  inflating: lib/python3.11/test/test_peg_generator/__pycache__/test_grammar_validator.cpython-311.opt-2.pyc
  inflating: lib/python3.11/test/test_peg_generator/__pycache__/test_pegen.cpython-311.opt-1.pyc
  inflating: lib/python3.11/test/test_peg_generator/__pycache__/__init__.cpython-311.opt-1.pyc
  inflating: lib/python3.11/test/test_peg_generator/__pycache__/__main__.cpython-311.opt-1.pyc
  inflating: lib/python3.11/test/test_peg_generator/__pycache__/__init__.cpython-311.pyc
  inflating: lib/python3.11/test/test_peg_generator/__pycache__/test_first_sets.cpython-311.pyc
  inflating: lib/python3.11/test/test_peg_generator/__pycache__/test_grammar_validator.cpython-311.pyc
  inflating: lib/python3.11/test/test_peg_generator/__pycache__/test_c_parser.cpython-311.opt-1.pyc
  inflating: lib/python3.11/test/test_peg_generator/__pycache__/__main__.cpython-311.opt-2.pyc
  inflating: lib/python3.11/test/test_peg_generator/__pycache__/__init__.cpython-311.opt-2.pyc
  inflating: lib/python3.11/test/test_peg_generator/__pycache__/__main__.cpython-311.pyc
  inflating: lib/python3.11/test/test_peg_generator/__pycache__/test_first_sets.cpython-311.opt-2.pyc
  inflating: lib/python3.11/test/test_peg_generator/__pycache__/test_grammar_validator.cpython-311.opt-1.pyc
  inflating: lib/python3.11/test/test_peg_generator/__pycache__/test_first_sets.cpython-311.opt-1.pyc
  inflating: lib/python3.11/test/test_peg_generator/test_pegen.py
  inflating: lib/python3.11/test/test_peg_generator/test_c_parser.py
  inflating: lib/python3.11/test/randv2_32.pck
  inflating: lib/python3.11/test/test_import/data/unwritable/__init__.py
  inflating: lib/python3.11/test/test_import/data/unwritable/x.py
  inflating: lib/python3.11/test/test_import/data/unwritable/__pycache__/x.cpython-311.pyc
  inflating: lib/python3.11/test/test_import/data/unwritable/__pycache__/x.cpython-311.opt-2.pyc
  inflating: lib/python3.11/test/test_import/data/unwritable/__pycache__/__init__.cpython-311.opt-1.pyc
  inflating: lib/python3.11/test/test_import/data/unwritable/__pycache__/x.cpython-311.opt-1.pyc
  inflating: lib/python3.11/test/test_import/data/unwritable/__pycache__/__init__.cpython-311.pyc
  inflating: lib/python3.11/test/test_import/data/unwritable/__pycache__/__init__.cpython-311.opt-2.pyc
  inflating: lib/python3.11/test/test_import/data/package/__init__.py
  inflating: lib/python3.11/test/test_import/data/package/submodule.py
  inflating: lib/python3.11/test/test_import/data/package/__pycache__/submodule.cpython-311.opt-1.pyc
  inflating: lib/python3.11/test/test_import/data/package/__pycache__/__init__.cpython-311.opt-1.pyc
  inflating: lib/python3.11/test/test_import/data/package/__pycache__/submodule.cpython-311.pyc
  inflating: lib/python3.11/test/test_import/data/package/__pycache__/__init__.cpython-311.pyc
  inflating: lib/python3.11/test/test_import/data/package/__pycache__/__init__.cpython-311.opt-2.pyc
  inflating: lib/python3.11/test/test_import/data/package/__pycache__/submodule.cpython-311.opt-2.pyc
  inflating: lib/python3.11/test/test_import/data/package2/submodule2.py
  inflating: lib/python3.11/test/test_import/data/package2/submodule1.py
  inflating: lib/python3.11/test/test_import/data/package2/__pycache__/submodule2.cpython-311.pyc
  inflating: lib/python3.11/test/test_import/data/package2/__pycache__/submodule2.cpython-311.opt-1.pyc
  inflating: lib/python3.11/test/test_import/data/package2/__pycache__/submodule2.cpython-311.opt-2.pyc
  inflating: lib/python3.11/test/test_import/data/package2/__pycache__/submodule1.cpython-311.pyc
  inflating: lib/python3.11/test/test_import/data/package2/__pycache__/submodule1.cpython-311.opt-2.pyc
  inflating: lib/python3.11/test/test_import/data/package2/__pycache__/submodule1.cpython-311.opt-1.pyc
  inflating: lib/python3.11/test/test_import/data/circular_imports/rebinding.py
  inflating: lib/python3.11/test/test_import/data/circular_imports/subpackage.py
  inflating: lib/python3.11/test/test_import/data/circular_imports/subpkg2/__init__.py
  inflating: lib/python3.11/test/test_import/data/circular_imports/subpkg2/parent/child.py
  inflating: lib/python3.11/test/test_import/data/circular_imports/subpkg2/parent/__init__.py
  inflating: lib/python3.11/test/test_import/data/circular_imports/subpkg2/parent/__pycache__/child.cpython-311.opt-2.pyc
  inflating: lib/python3.11/test/test_import/data/circular_imports/subpkg2/parent/__pycache__/child.cpython-311.pyc
  inflating: lib/python3.11/test/test_import/data/circular_imports/subpkg2/parent/__pycache__/child.cpython-311.opt-1.pyc
  inflating: lib/python3.11/test/test_import/data/circular_imports/subpkg2/parent/__pycache__/__init__.cpython-311.opt-1.pyc
  inflating: lib/python3.11/test/test_import/data/circular_imports/subpkg2/parent/__pycache__/__init__.cpython-311.pyc
  inflating: lib/python3.11/test/test_import/data/circular_imports/subpkg2/parent/__pycache__/__init__.cpython-311.opt-2.pyc
  inflating: lib/python3.11/test/test_import/data/circular_imports/subpkg2/__pycache__/__init__.cpython-311.opt-1.pyc
  inflating: lib/python3.11/test/test_import/data/circular_imports/subpkg2/__pycache__/__init__.cpython-311.pyc
  inflating: lib/python3.11/test/test_import/data/circular_imports/subpkg2/__pycache__/__init__.cpython-311.opt-2.pyc
  inflating: lib/python3.11/test/test_import/data/circular_imports/from_cycle2.py
  inflating: lib/python3.11/test/test_import/data/circular_imports/use.py
  inflating: lib/python3.11/test/test_import/data/circular_imports/binding.py
  inflating: lib/python3.11/test/test_import/data/circular_imports/source.py
  inflating: lib/python3.11/test/test_import/data/circular_imports/util.py
  inflating: lib/python3.11/test/test_import/data/circular_imports/basic.py
  inflating: lib/python3.11/test/test_import/data/circular_imports/from_cycle1.py
  inflating: lib/python3.11/test/test_import/data/circular_imports/binding2.py
  inflating: lib/python3.11/test/test_import/data/circular_imports/basic2.py
  inflating: lib/python3.11/test/test_import/data/circular_imports/__pycache__/subpackage.cpython-311.opt-2.pyc
  inflating: lib/python3.11/test/test_import/data/circular_imports/__pycache__/from_cycle1.cpython-311.opt-1.pyc
  inflating: lib/python3.11/test/test_import/data/circular_imports/__pycache__/util.cpython-311.opt-1.pyc
  inflating: lib/python3.11/test/test_import/data/circular_imports/__pycache__/basic.cpython-311.pyc
  inflating: lib/python3.11/test/test_import/data/circular_imports/__pycache__/binding2.cpython-311.opt-1.pyc
  inflating: lib/python3.11/test/test_import/data/circular_imports/__pycache__/rebinding2.cpython-311.pyc
  inflating: lib/python3.11/test/test_import/data/circular_imports/__pycache__/source.cpython-311.opt-1.pyc
  inflating: lib/python3.11/test/test_import/data/circular_imports/__pycache__/basic.cpython-311.opt-2.pyc
  inflating: lib/python3.11/test/test_import/data/circular_imports/__pycache__/rebinding.cpython-311.pyc
  inflating: lib/python3.11/test/test_import/data/circular_imports/__pycache__/use.cpython-311.opt-2.pyc
  inflating: lib/python3.11/test/test_import/data/circular_imports/__pycache__/basic2.cpython-311.opt-2.pyc
  inflating: lib/python3.11/test/test_import/data/circular_imports/__pycache__/use.cpython-311.pyc
  inflating: lib/python3.11/test/test_import/data/circular_imports/__pycache__/binding2.cpython-311.pyc
  inflating: lib/python3.11/test/test_import/data/circular_imports/__pycache__/binding2.cpython-311.opt-2.pyc
  inflating: lib/python3.11/test/test_import/data/circular_imports/__pycache__/basic2.cpython-311.opt-1.pyc
  inflating: lib/python3.11/test/test_import/data/circular_imports/__pycache__/from_cycle2.cpython-311.opt-2.pyc
  inflating: lib/python3.11/test/test_import/data/circular_imports/__pycache__/rebinding2.cpython-311.opt-1.pyc
  inflating: lib/python3.11/test/test_import/data/circular_imports/__pycache__/binding.cpython-311.opt-2.pyc
  inflating: lib/python3.11/test/test_import/data/circular_imports/__pycache__/use.cpython-311.opt-1.pyc
  inflating: lib/python3.11/test/test_import/data/circular_imports/__pycache__/binding.cpython-311.pyc
  inflating: lib/python3.11/test/test_import/data/circular_imports/__pycache__/source.cpython-311.opt-2.pyc
  inflating: lib/python3.11/test/test_import/data/circular_imports/__pycache__/from_cycle1.cpython-311.opt-2.pyc
  inflating: lib/python3.11/test/test_import/data/circular_imports/__pycache__/indirect.cpython-311.opt-2.pyc
  inflating: lib/python3.11/test/test_import/data/circular_imports/__pycache__/basic.cpython-311.opt-1.pyc
  inflating: lib/python3.11/test/test_import/data/circular_imports/__pycache__/rebinding2.cpython-311.opt-2.pyc
  inflating: lib/python3.11/test/test_import/data/circular_imports/__pycache__/source.cpython-311.pyc
  inflating: lib/python3.11/test/test_import/data/circular_imports/__pycache__/rebinding.cpython-311.opt-2.pyc
  inflating: lib/python3.11/test/test_import/data/circular_imports/__pycache__/binding.cpython-311.opt-1.pyc
  inflating: lib/python3.11/test/test_import/data/circular_imports/__pycache__/indirect.cpython-311.pyc
  inflating: lib/python3.11/test/test_import/data/circular_imports/__pycache__/basic2.cpython-311.pyc
  inflating: lib/python3.11/test/test_import/data/circular_imports/__pycache__/util.cpython-311.opt-2.pyc
  inflating: lib/python3.11/test/test_import/data/circular_imports/__pycache__/from_cycle1.cpython-311.pyc
  inflating: lib/python3.11/test/test_import/data/circular_imports/__pycache__/from_cycle2.cpython-311.opt-1.pyc
  inflating: lib/python3.11/test/test_import/data/circular_imports/__pycache__/subpackage.cpython-311.pyc
  inflating: lib/python3.11/test/test_import/data/circular_imports/__pycache__/rebinding.cpython-311.opt-1.pyc
  inflating: lib/python3.11/test/test_import/data/circular_imports/__pycache__/from_cycle2.cpython-311.pyc
  inflating: lib/python3.11/test/test_import/data/circular_imports/__pycache__/subpackage.cpython-311.opt-1.pyc
  inflating: lib/python3.11/test/test_import/data/circular_imports/__pycache__/util.cpython-311.pyc
  inflating: lib/python3.11/test/test_import/data/circular_imports/__pycache__/indirect.cpython-311.opt-1.pyc
  inflating: lib/python3.11/test/test_import/data/circular_imports/rebinding2.py
  inflating: lib/python3.11/test/test_import/data/circular_imports/subpkg/util.py
  inflating: lib/python3.11/test/test_import/data/circular_imports/subpkg/subpackage2.py
  inflating: lib/python3.11/test/test_import/data/circular_imports/subpkg/__pycache__/util.cpython-311.opt-1.pyc
  inflating: lib/python3.11/test/test_import/data/circular_imports/subpkg/__pycache__/subpackage2.cpython-311.pyc
  inflating: lib/python3.11/test/test_import/data/circular_imports/subpkg/__pycache__/subpackage2.cpython-311.opt-2.pyc
  inflating: lib/python3.11/test/test_import/data/circular_imports/subpkg/__pycache__/subpackage2.cpython-311.opt-1.pyc
  inflating: lib/python3.11/test/test_import/data/circular_imports/subpkg/__pycache__/util.cpython-311.opt-2.pyc
  inflating: lib/python3.11/test/test_import/data/circular_imports/subpkg/__pycache__/util.cpython-311.pyc
  inflating: lib/python3.11/test/test_import/data/circular_imports/indirect.py
  inflating: lib/python3.11/test/test_import/__main__.py
  inflating: lib/python3.11/test/test_import/__init__.py
  inflating: lib/python3.11/test/test_import/__pycache__/__init__.cpython-311.opt-1.pyc
  inflating: lib/python3.11/test/test_import/__pycache__/__main__.cpython-311.opt-1.pyc
  inflating: lib/python3.11/test/test_import/__pycache__/__init__.cpython-311.pyc
  inflating: lib/python3.11/test/test_import/__pycache__/__main__.cpython-311.opt-2.pyc
  inflating: lib/python3.11/test/test_import/__pycache__/__init__.cpython-311.opt-2.pyc
  inflating: lib/python3.11/test/test_import/__pycache__/__main__.cpython-311.pyc
  inflating: lib/python3.11/test/test_ttk_textonly.py
  inflating: lib/python3.11/test/test_unpack_ex.py
  inflating: lib/python3.11/test/test___future__.py
  inflating: lib/python3.11/test/math_testcases.txt
  inflating: lib/python3.11/test/test_fileio.py
  inflating: lib/python3.11/test/test_charmapcodec.py
  inflating: lib/python3.11/test/test_shutil.py
  inflating: lib/python3.11/test/test_zlib.py
  inflating: lib/python3.11/test/test_shelve.py
  inflating: lib/python3.11/test/test_contextlib_async.py
  inflating: lib/python3.11/test/mailcap.txt
  inflating: lib/python3.11/test/libregrtest/cmdline.py
  inflating: lib/python3.11/test/libregrtest/pgo.py
  inflating: lib/python3.11/test/libregrtest/runtest.py
  inflating: lib/python3.11/test/libregrtest/main.py
  inflating: lib/python3.11/test/libregrtest/__init__.py
  inflating: lib/python3.11/test/libregrtest/refleak.py
  inflating: lib/python3.11/test/libregrtest/save_env.py
  inflating: lib/python3.11/test/libregrtest/setup.py
  inflating: lib/python3.11/test/libregrtest/__pycache__/runtest_mp.cpython-311.opt-1.pyc
  inflating: lib/python3.11/test/libregrtest/__pycache__/utils.cpython-311.opt-1.pyc
  inflating: lib/python3.11/test/libregrtest/__pycache__/setup.cpython-311.pyc
  inflating: lib/python3.11/test/libregrtest/__pycache__/setup.cpython-311.opt-1.pyc
  inflating: lib/python3.11/test/libregrtest/__pycache__/cmdline.cpython-311.opt-2.pyc
  inflating: lib/python3.11/test/libregrtest/__pycache__/cmdline.cpython-311.opt-1.pyc
  inflating: lib/python3.11/test/libregrtest/__pycache__/main.cpython-311.pyc
  inflating: lib/python3.11/test/libregrtest/__pycache__/__init__.cpython-311.opt-1.pyc
  inflating: lib/python3.11/test/libregrtest/__pycache__/pgo.cpython-311.pyc
  inflating: lib/python3.11/test/libregrtest/__pycache__/utils.cpython-311.pyc
  inflating: lib/python3.11/test/libregrtest/__pycache__/refleak.cpython-311.pyc
  inflating: lib/python3.11/test/libregrtest/__pycache__/__init__.cpython-311.pyc
  inflating: lib/python3.11/test/libregrtest/__pycache__/runtest_mp.cpython-311.opt-2.pyc
  inflating: lib/python3.11/test/libregrtest/__pycache__/save_env.cpython-311.opt-2.pyc
  inflating: lib/python3.11/test/libregrtest/__pycache__/win_utils.cpython-311.pyc
  inflating: lib/python3.11/test/libregrtest/__pycache__/pgo.cpython-311.opt-1.pyc
  inflating: lib/python3.11/test/libregrtest/__pycache__/runtest_mp.cpython-311.pyc
  inflating: lib/python3.11/test/libregrtest/__pycache__/save_env.cpython-311.pyc
  inflating: lib/python3.11/test/libregrtest/__pycache__/save_env.cpython-311.opt-1.pyc
  inflating: lib/python3.11/test/libregrtest/__pycache__/cmdline.cpython-311.pyc
  inflating: lib/python3.11/test/libregrtest/__pycache__/__init__.cpython-311.opt-2.pyc
  inflating: lib/python3.11/test/libregrtest/__pycache__/refleak.cpython-311.opt-1.pyc
  inflating: lib/python3.11/test/libregrtest/__pycache__/main.cpython-311.opt-2.pyc
  inflating: lib/python3.11/test/libregrtest/__pycache__/setup.cpython-311.opt-2.pyc
  inflating: lib/python3.11/test/libregrtest/__pycache__/runtest.cpython-311.opt-2.pyc
  inflating: lib/python3.11/test/libregrtest/__pycache__/main.cpython-311.opt-1.pyc
  inflating: lib/python3.11/test/libregrtest/__pycache__/runtest.cpython-311.pyc
  inflating: lib/python3.11/test/libregrtest/__pycache__/refleak.cpython-311.opt-2.pyc
  inflating: lib/python3.11/test/libregrtest/__pycache__/pgo.cpython-311.opt-2.pyc
  inflating: lib/python3.11/test/libregrtest/__pycache__/runtest.cpython-311.opt-1.pyc
  inflating: lib/python3.11/test/libregrtest/__pycache__/win_utils.cpython-311.opt-2.pyc
  inflating: lib/python3.11/test/libregrtest/__pycache__/utils.cpython-311.opt-2.pyc
  inflating: lib/python3.11/test/libregrtest/__pycache__/win_utils.cpython-311.opt-1.pyc
  inflating: lib/python3.11/test/libregrtest/utils.py
  inflating: lib/python3.11/test/libregrtest/win_utils.py
  inflating: lib/python3.11/test/libregrtest/runtest_mp.py
  inflating: lib/python3.11/test/nosan.pem
  inflating: lib/python3.11/test/recursion.tar
  inflating: lib/python3.11/test/test_dynamic.py
  inflating: lib/python3.11/test/audiotests.py
  inflating: lib/python3.11/test/doctest_aliases.py
  inflating: lib/python3.11/test/inspect_stringized_annotations_2.py
  inflating: lib/python3.11/test/test_epoll.py
  inflating: lib/python3.11/test/test_importlib/test_path.py
  inflating: lib/python3.11/test/test_importlib/source/test_case_sensitivity.py
  inflating: lib/python3.11/test/test_importlib/source/__main__.py
  inflating: lib/python3.11/test/test_importlib/source/__init__.py
  inflating: lib/python3.11/test/test_importlib/source/test_finder.py
  inflating: lib/python3.11/test/test_importlib/source/test_file_loader.py
  inflating: lib/python3.11/test/test_importlib/source/test_path_hook.py
  inflating: lib/python3.11/test/test_importlib/source/test_source_encoding.py
  inflating: lib/python3.11/test/test_importlib/source/__pycache__/test_file_loader.cpython-311.opt-1.pyc
  inflating: lib/python3.11/test/test_importlib/source/__pycache__/test_path_hook.cpython-311.opt-1.pyc
  inflating: lib/python3.11/test/test_importlib/source/__pycache__/__init__.cpython-311.opt-1.pyc
  inflating: lib/python3.11/test/test_importlib/source/__pycache__/__main__.cpython-311.opt-1.pyc
  inflating: lib/python3.11/test/test_importlib/source/__pycache__/__init__.cpython-311.pyc
  inflating: lib/python3.11/test/test_importlib/source/__pycache__/test_source_encoding.cpython-311.pyc
  inflating: lib/python3.11/test/test_importlib/source/__pycache__/test_case_sensitivity.cpython-311.opt-2.pyc
  inflating: lib/python3.11/test/test_importlib/source/__pycache__/test_file_loader.cpython-311.opt-2.pyc
  inflating: lib/python3.11/test/test_importlib/source/__pycache__/test_source_encoding.cpython-311.opt-1.pyc
  inflating: lib/python3.11/test/test_importlib/source/__pycache__/__main__.cpython-311.opt-2.pyc
  inflating: lib/python3.11/test/test_importlib/source/__pycache__/test_source_encoding.cpython-311.opt-2.pyc
  inflating: lib/python3.11/test/test_importlib/source/__pycache__/__init__.cpython-311.opt-2.pyc
  inflating: lib/python3.11/test/test_importlib/source/__pycache__/test_path_hook.cpython-311.pyc
  inflating: lib/python3.11/test/test_importlib/source/__pycache__/test_finder.cpython-311.opt-2.pyc
  inflating: lib/python3.11/test/test_importlib/source/__pycache__/test_path_hook.cpython-311.opt-2.pyc
  inflating: lib/python3.11/test/test_importlib/source/__pycache__/test_finder.cpython-311.pyc
  inflating: lib/python3.11/test/test_importlib/source/__pycache__/__main__.cpython-311.pyc
  inflating: lib/python3.11/test/test_importlib/source/__pycache__/test_case_sensitivity.cpython-311.opt-1.pyc
  inflating: lib/python3.11/test/test_importlib/source/__pycache__/test_finder.cpython-311.opt-1.pyc
  inflating: lib/python3.11/test/test_importlib/source/__pycache__/test_case_sensitivity.cpython-311.pyc
  inflating: lib/python3.11/test/test_importlib/source/__pycache__/test_file_loader.cpython-311.pyc
  inflating: lib/python3.11/test/test_importlib/data03/__init__.py
  inflating: lib/python3.11/test/test_importlib/data03/namespace/portion1/__init__.py
  inflating: lib/python3.11/test/test_importlib/data03/namespace/portion1/__pycache__/__init__.cpython-311.opt-1.pyc
  inflating: lib/python3.11/test/test_importlib/data03/namespace/portion1/__pycache__/__init__.cpython-311.pyc
  inflating: lib/python3.11/test/test_importlib/data03/namespace/portion1/__pycache__/__init__.cpython-311.opt-2.pyc
  inflating: lib/python3.11/test/test_importlib/data03/namespace/resource1.txt
  inflating: lib/python3.11/test/test_importlib/data03/namespace/portion2/__init__.py
  inflating: lib/python3.11/test/test_importlib/data03/namespace/portion2/__pycache__/__init__.cpython-311.opt-1.pyc
  inflating: lib/python3.11/test/test_importlib/data03/namespace/portion2/__pycache__/__init__.cpython-311.pyc
  inflating: lib/python3.11/test/test_importlib/data03/namespace/portion2/__pycache__/__init__.cpython-311.opt-2.pyc
  inflating: lib/python3.11/test/test_importlib/data03/__pycache__/__init__.cpython-311.opt-1.pyc
  inflating: lib/python3.11/test/test_importlib/data03/__pycache__/__init__.cpython-311.pyc
  inflating: lib/python3.11/test/test_importlib/data03/__pycache__/__init__.cpython-311.opt-2.pyc
  inflating: lib/python3.11/test/test_importlib/test_files.py
  inflating: lib/python3.11/test/test_importlib/data/example2-1.0.0-py3-none-any.whl
  inflating: lib/python3.11/test/test_importlib/data/__init__.py
  inflating: lib/python3.11/test/test_importlib/data/example-21.12-py3.6.egg
  inflating: lib/python3.11/test/test_importlib/data/example-21.12-py3-none-any.whl
  inflating: lib/python3.11/test/test_importlib/data/__pycache__/__init__.cpython-311.opt-1.pyc
  inflating: lib/python3.11/test/test_importlib/data/__pycache__/__init__.cpython-311.pyc
  inflating: lib/python3.11/test/test_importlib/data/__pycache__/__init__.cpython-311.opt-2.pyc
  inflating: lib/python3.11/test/test_importlib/test_metadata_api.py
  inflating: lib/python3.11/test/test_importlib/test_open.py
  inflating: lib/python3.11/test/test_importlib/test_contents.py
  inflating: lib/python3.11/test/test_importlib/resources/__init__.py
  inflating: lib/python3.11/test/test_importlib/resources/util.py
  inflating: lib/python3.11/test/test_importlib/resources/__pycache__/util.cpython-311.opt-1.pyc
  inflating: lib/python3.11/test/test_importlib/resources/__pycache__/__init__.cpython-311.opt-1.pyc
  inflating: lib/python3.11/test/test_importlib/resources/__pycache__/__init__.cpython-311.pyc
  inflating: lib/python3.11/test/test_importlib/resources/__pycache__/__init__.cpython-311.opt-2.pyc
  inflating: lib/python3.11/test/test_importlib/resources/__pycache__/util.cpython-311.opt-2.pyc
  inflating: lib/python3.11/test/test_importlib/resources/__pycache__/util.cpython-311.pyc
  inflating: lib/python3.11/test/test_importlib/__main__.py
  inflating: lib/python3.11/test/test_importlib/test_compatibilty_files.py
  inflating: lib/python3.11/test/test_importlib/test_abc.py
  inflating: lib/python3.11/test/test_importlib/test_windows.py
  inflating: lib/python3.11/test/test_importlib/test_locks.py
  inflating: lib/python3.11/test/test_importlib/test_namespace_pkgs.py
  inflating: lib/python3.11/test/test_importlib/__init__.py
  inflating: lib/python3.11/test/test_importlib/test_lazy.py
  inflating: lib/python3.11/test/test_importlib/test_resource.py
  inflating: lib/python3.11/test/test_importlib/abc.py
  inflating: lib/python3.11/test/test_importlib/data01/binary.file
  inflating: lib/python3.11/test/test_importlib/data01/__init__.py
  inflating: lib/python3.11/test/test_importlib/data01/utf-16.file
  inflating: lib/python3.11/test/test_importlib/data01/__pycache__/__init__.cpython-311.opt-1.pyc
  inflating: lib/python3.11/test/test_importlib/data01/__pycache__/__init__.cpython-311.pyc
  inflating: lib/python3.11/test/test_importlib/data01/__pycache__/__init__.cpython-311.opt-2.pyc
  inflating: lib/python3.11/test/test_importlib/data01/utf-8.file
  inflating: lib/python3.11/test/test_importlib/data01/subdirectory/binary.file
  inflating: lib/python3.11/test/test_importlib/data01/subdirectory/__init__.py
  inflating: lib/python3.11/test/test_importlib/data01/subdirectory/__pycache__/__init__.cpython-311.opt-1.pyc
  inflating: lib/python3.11/test/test_importlib/data01/subdirectory/__pycache__/__init__.cpython-311.pyc
  inflating: lib/python3.11/test/test_importlib/data01/subdirectory/__pycache__/__init__.cpython-311.opt-2.pyc
  inflating: lib/python3.11/test/test_importlib/update-zips.py
  inflating: lib/python3.11/test/test_importlib/util.py
  inflating: lib/python3.11/test/test_importlib/test_threaded_import.py
  inflating: lib/python3.11/test/test_importlib/frozen/test_loader.py
  inflating: lib/python3.11/test/test_importlib/frozen/__main__.py
  inflating: lib/python3.11/test/test_importlib/frozen/__init__.py
  inflating: lib/python3.11/test/test_importlib/frozen/test_finder.py
  inflating: lib/python3.11/test/test_importlib/frozen/__pycache__/__init__.cpython-311.opt-1.pyc
  inflating: lib/python3.11/test/test_importlib/frozen/__pycache__/test_loader.cpython-311.pyc
  inflating: lib/python3.11/test/test_importlib/frozen/__pycache__/__main__.cpython-311.opt-1.pyc
  inflating: lib/python3.11/test/test_importlib/frozen/__pycache__/test_loader.cpython-311.opt-2.pyc
  inflating: lib/python3.11/test/test_importlib/frozen/__pycache__/__init__.cpython-311.pyc
  inflating: lib/python3.11/test/test_importlib/frozen/__pycache__/__main__.cpython-311.opt-2.pyc
  inflating: lib/python3.11/test/test_importlib/frozen/__pycache__/__init__.cpython-311.opt-2.pyc
  inflating: lib/python3.11/test/test_importlib/frozen/__pycache__/test_loader.cpython-311.opt-1.pyc
  inflating: lib/python3.11/test/test_importlib/frozen/__pycache__/test_finder.cpython-311.opt-2.pyc
  inflating: lib/python3.11/test/test_importlib/frozen/__pycache__/test_finder.cpython-311.pyc
  inflating: lib/python3.11/test/test_importlib/frozen/__pycache__/__main__.cpython-311.pyc
  inflating: lib/python3.11/test/test_importlib/frozen/__pycache__/test_finder.cpython-311.opt-1.pyc
  inflating: lib/python3.11/test/test_importlib/test_reader.py
  inflating: lib/python3.11/test/test_importlib/test_spec.py
  inflating: lib/python3.11/test/test_importlib/builtin/test_loader.py
  inflating: lib/python3.11/test/test_importlib/builtin/__main__.py
  inflating: lib/python3.11/test/test_importlib/builtin/__init__.py
  inflating: lib/python3.11/test/test_importlib/builtin/test_finder.py
  inflating: lib/python3.11/test/test_importlib/builtin/__pycache__/__init__.cpython-311.opt-1.pyc
  inflating: lib/python3.11/test/test_importlib/builtin/__pycache__/test_loader.cpython-311.pyc
  inflating: lib/python3.11/test/test_importlib/builtin/__pycache__/__main__.cpython-311.opt-1.pyc
  inflating: lib/python3.11/test/test_importlib/builtin/__pycache__/test_loader.cpython-311.opt-2.pyc
  inflating: lib/python3.11/test/test_importlib/builtin/__pycache__/__init__.cpython-311.pyc
  inflating: lib/python3.11/test/test_importlib/builtin/__pycache__/__main__.cpython-311.opt-2.pyc
  inflating: lib/python3.11/test/test_importlib/builtin/__pycache__/__init__.cpython-311.opt-2.pyc
  inflating: lib/python3.11/test/test_importlib/builtin/__pycache__/test_loader.cpython-311.opt-1.pyc
  inflating: lib/python3.11/test/test_importlib/builtin/__pycache__/test_finder.cpython-311.opt-2.pyc
  inflating: lib/python3.11/test/test_importlib/builtin/__pycache__/test_finder.cpython-311.pyc
  inflating: lib/python3.11/test/test_importlib/builtin/__pycache__/__main__.cpython-311.pyc
  inflating: lib/python3.11/test/test_importlib/builtin/__pycache__/test_finder.cpython-311.opt-1.pyc
  inflating: lib/python3.11/test/test_importlib/partial/cfimport.py
  inflating: lib/python3.11/test/test_importlib/partial/pool_in_threads.py
  inflating: lib/python3.11/test/test_importlib/partial/__pycache__/cfimport.cpython-311.opt-2.pyc
  inflating: lib/python3.11/test/test_importlib/partial/__pycache__/cfimport.cpython-311.opt-1.pyc
  inflating: lib/python3.11/test/test_importlib/partial/__pycache__/cfimport.cpython-311.pyc
  inflating: lib/python3.11/test/test_importlib/partial/__pycache__/pool_in_threads.cpython-311.pyc
  inflating: lib/python3.11/test/test_importlib/partial/__pycache__/pool_in_threads.cpython-311.opt-2.pyc
  inflating: lib/python3.11/test/test_importlib/partial/__pycache__/pool_in_threads.cpython-311.opt-1.pyc
  inflating: lib/python3.11/test/test_importlib/test_main.py
  inflating: lib/python3.11/test/test_importlib/test_pkg_import.py
  inflating: lib/python3.11/test/test_importlib/fixtures.py
  inflating: lib/python3.11/test/test_importlib/test_zip.py
  inflating: lib/python3.11/test/test_importlib/namespacedata01/binary.file
  inflating: lib/python3.11/test/test_importlib/namespacedata01/utf-16.file
  inflating: lib/python3.11/test/test_importlib/namespacedata01/utf-8.file
  inflating: lib/python3.11/test/test_importlib/zipdata01/__init__.py
  inflating: lib/python3.11/test/test_importlib/zipdata01/ziptestdata.zip
  inflating: lib/python3.11/test/test_importlib/zipdata01/__pycache__/__init__.cpython-311.opt-1.pyc
  inflating: lib/python3.11/test/test_importlib/zipdata01/__pycache__/__init__.cpython-311.pyc
  inflating: lib/python3.11/test/test_importlib/zipdata01/__pycache__/__init__.cpython-311.opt-2.pyc
  inflating: lib/python3.11/test/test_importlib/stubs.py
  inflating: lib/python3.11/test/test_importlib/import_/test_path.py
  inflating: lib/python3.11/test/test_importlib/import_/test_packages.py
  inflating: lib/python3.11/test/test_importlib/import_/test_fromlist.py
  inflating: lib/python3.11/test/test_importlib/import_/__main__.py
  inflating: lib/python3.11/test/test_importlib/import_/test_caching.py
  inflating: lib/python3.11/test/test_importlib/import_/__init__.py
  inflating: lib/python3.11/test/test_importlib/import_/test_relative_imports.py
  inflating: lib/python3.11/test/test_importlib/import_/test_meta_path.py
  inflating: lib/python3.11/test/test_importlib/import_/test___loader__.py
  inflating: lib/python3.11/test/test_importlib/import_/test___package__.py
  inflating: lib/python3.11/test/test_importlib/import_/test_api.py
  inflating: lib/python3.11/test/test_importlib/import_/__pycache__/test___package__.cpython-311.opt-2.pyc
  inflating: lib/python3.11/test/test_importlib/import_/__pycache__/test_fromlist.cpython-311.opt-2.pyc
  inflating: lib/python3.11/test/test_importlib/import_/__pycache__/test_packages.cpython-311.pyc
  inflating: lib/python3.11/test/test_importlib/import_/__pycache__/test_caching.cpython-311.opt-1.pyc
  inflating: lib/python3.11/test/test_importlib/import_/__pycache__/__init__.cpython-311.opt-1.pyc
  inflating: lib/python3.11/test/test_importlib/import_/__pycache__/test___package__.cpython-311.opt-1.pyc
  inflating: lib/python3.11/test/test_importlib/import_/__pycache__/test___loader__.cpython-311.opt-2.pyc
  inflating: lib/python3.11/test/test_importlib/import_/__pycache__/test_path.cpython-311.opt-2.pyc
  inflating: lib/python3.11/test/test_importlib/import_/__pycache__/__main__.cpython-311.opt-1.pyc
  inflating: lib/python3.11/test/test_importlib/import_/__pycache__/__init__.cpython-311.pyc
  inflating: lib/python3.11/test/test_importlib/import_/__pycache__/test___loader__.cpython-311.opt-1.pyc
  inflating: lib/python3.11/test/test_importlib/import_/__pycache__/test_api.cpython-311.opt-2.pyc
  inflating: lib/python3.11/test/test_importlib/import_/__pycache__/test_path.cpython-311.pyc
  inflating: lib/python3.11/test/test_importlib/import_/__pycache__/test_packages.cpython-311.opt-2.pyc
  inflating: lib/python3.11/test/test_importlib/import_/__pycache__/test_api.cpython-311.pyc
  inflating: lib/python3.11/test/test_importlib/import_/__pycache__/test___loader__.cpython-311.pyc
  inflating: lib/python3.11/test/test_importlib/import_/__pycache__/test_meta_path.cpython-311.opt-2.pyc
  inflating: lib/python3.11/test/test_importlib/import_/__pycache__/test_meta_path.cpython-311.pyc
  inflating: lib/python3.11/test/test_importlib/import_/__pycache__/test_api.cpython-311.opt-1.pyc
  inflating: lib/python3.11/test/test_importlib/import_/__pycache__/__main__.cpython-311.opt-2.pyc
  inflating: lib/python3.11/test/test_importlib/import_/__pycache__/test_path.cpython-311.opt-1.pyc
  inflating: lib/python3.11/test/test_importlib/import_/__pycache__/test_relative_imports.cpython-311.opt-1.pyc
  inflating: lib/python3.11/test/test_importlib/import_/__pycache__/test_relative_imports.cpython-311.pyc
  inflating: lib/python3.11/test/test_importlib/import_/__pycache__/__init__.cpython-311.opt-2.pyc
  inflating: lib/python3.11/test/test_importlib/import_/__pycache__/test_packages.cpython-311.opt-1.pyc
  inflating: lib/python3.11/test/test_importlib/import_/__pycache__/test_meta_path.cpython-311.opt-1.pyc
  inflating: lib/python3.11/test/test_importlib/import_/__pycache__/test_caching.cpython-311.pyc
  inflating: lib/python3.11/test/test_importlib/import_/__pycache__/test___package__.cpython-311.pyc
  inflating: lib/python3.11/test/test_importlib/import_/__pycache__/test_fromlist.cpython-311.opt-1.pyc
  inflating: lib/python3.11/test/test_importlib/import_/__pycache__/__main__.cpython-311.pyc
  inflating: lib/python3.11/test/test_importlib/import_/__pycache__/test_fromlist.cpython-311.pyc
  inflating: lib/python3.11/test/test_importlib/import_/__pycache__/test_caching.cpython-311.opt-2.pyc
  inflating: lib/python3.11/test/test_importlib/import_/__pycache__/test_relative_imports.cpython-311.opt-2.pyc
  inflating: lib/python3.11/test/test_importlib/namespace_pkgs/both_portions/foo/two.py
  inflating: lib/python3.11/test/test_importlib/namespace_pkgs/both_portions/foo/one.py
  inflating: lib/python3.11/test/test_importlib/namespace_pkgs/both_portions/foo/__pycache__/two.cpython-311.opt-2.pyc
  inflating: lib/python3.11/test/test_importlib/namespace_pkgs/both_portions/foo/__pycache__/one.cpython-311.opt-2.pyc
  inflating: lib/python3.11/test/test_importlib/namespace_pkgs/both_portions/foo/__pycache__/two.cpython-311.opt-1.pyc
  inflating: lib/python3.11/test/test_importlib/namespace_pkgs/both_portions/foo/__pycache__/one.cpython-311.opt-1.pyc
  inflating: lib/python3.11/test/test_importlib/namespace_pkgs/both_portions/foo/__pycache__/two.cpython-311.pyc
  inflating: lib/python3.11/test/test_importlib/namespace_pkgs/both_portions/foo/__pycache__/one.cpython-311.pyc
  inflating: lib/python3.11/test/test_importlib/namespace_pkgs/not_a_namespace_pkg/foo/one.py
  inflating: lib/python3.11/test/test_importlib/namespace_pkgs/not_a_namespace_pkg/foo/__init__.py
  inflating: lib/python3.11/test/test_importlib/namespace_pkgs/not_a_namespace_pkg/foo/__pycache__/__init__.cpython-311.opt-1.pyc
  inflating: lib/python3.11/test/test_importlib/namespace_pkgs/not_a_namespace_pkg/foo/__pycache__/__init__.cpython-311.pyc
  inflating: lib/python3.11/test/test_importlib/namespace_pkgs/not_a_namespace_pkg/foo/__pycache__/one.cpython-311.opt-2.pyc
  inflating: lib/python3.11/test/test_importlib/namespace_pkgs/not_a_namespace_pkg/foo/__pycache__/__init__.cpython-311.opt-2.pyc
  inflating: lib/python3.11/test/test_importlib/namespace_pkgs/not_a_namespace_pkg/foo/__pycache__/one.cpython-311.opt-1.pyc
  inflating: lib/python3.11/test/test_importlib/namespace_pkgs/not_a_namespace_pkg/foo/__pycache__/one.cpython-311.pyc
  inflating: lib/python3.11/test/test_importlib/namespace_pkgs/portion1/foo/one.py
  inflating: lib/python3.11/test/test_importlib/namespace_pkgs/portion1/foo/__pycache__/one.cpython-311.opt-2.pyc
  inflating: lib/python3.11/test/test_importlib/namespace_pkgs/portion1/foo/__pycache__/one.cpython-311.opt-1.pyc
  inflating: lib/python3.11/test/test_importlib/namespace_pkgs/portion1/foo/__pycache__/one.cpython-311.pyc
  inflating: lib/python3.11/test/test_importlib/namespace_pkgs/project2/parent/child/two.py
  inflating: lib/python3.11/test/test_importlib/namespace_pkgs/project2/parent/child/__pycache__/two.cpython-311.opt-2.pyc
  inflating: lib/python3.11/test/test_importlib/namespace_pkgs/project2/parent/child/__pycache__/two.cpython-311.opt-1.pyc
  inflating: lib/python3.11/test/test_importlib/namespace_pkgs/project2/parent/child/__pycache__/two.cpython-311.pyc
  inflating: lib/python3.11/test/test_importlib/namespace_pkgs/missing_directory.zip
  inflating: lib/python3.11/test/test_importlib/namespace_pkgs/top_level_portion1.zip
  inflating: lib/python3.11/test/test_importlib/namespace_pkgs/module_and_namespace_package/a_test/empty
  inflating: lib/python3.11/test/test_importlib/namespace_pkgs/module_and_namespace_package/a_test.py
  inflating: lib/python3.11/test/test_importlib/namespace_pkgs/module_and_namespace_package/__pycache__/a_test.cpython-311.pyc
  inflating: lib/python3.11/test/test_importlib/namespace_pkgs/module_and_namespace_package/__pycache__/a_test.cpython-311.opt-2.pyc
  inflating: lib/python3.11/test/test_importlib/namespace_pkgs/module_and_namespace_package/__pycache__/a_test.cpython-311.opt-1.pyc
  inflating: lib/python3.11/test/test_importlib/namespace_pkgs/portion2/foo/two.py
  inflating: lib/python3.11/test/test_importlib/namespace_pkgs/portion2/foo/__pycache__/two.cpython-311.opt-2.pyc
  inflating: lib/python3.11/test/test_importlib/namespace_pkgs/portion2/foo/__pycache__/two.cpython-311.opt-1.pyc
  inflating: lib/python3.11/test/test_importlib/namespace_pkgs/portion2/foo/__pycache__/two.cpython-311.pyc
  inflating: lib/python3.11/test/test_importlib/namespace_pkgs/nested_portion1.zip
  inflating: lib/python3.11/test/test_importlib/namespace_pkgs/project1/parent/child/one.py
  inflating: lib/python3.11/test/test_importlib/namespace_pkgs/project1/parent/child/__pycache__/one.cpython-311.opt-2.pyc
  inflating: lib/python3.11/test/test_importlib/namespace_pkgs/project1/parent/child/__pycache__/one.cpython-311.opt-1.pyc
  inflating: lib/python3.11/test/test_importlib/namespace_pkgs/project1/parent/child/__pycache__/one.cpython-311.pyc
  inflating: lib/python3.11/test/test_importlib/namespace_pkgs/project3/parent/child/three.py
  inflating: lib/python3.11/test/test_importlib/namespace_pkgs/project3/parent/child/__pycache__/three.cpython-311.opt-2.pyc
  inflating: lib/python3.11/test/test_importlib/namespace_pkgs/project3/parent/child/__pycache__/three.cpython-311.pyc
  inflating: lib/python3.11/test/test_importlib/namespace_pkgs/project3/parent/child/__pycache__/three.cpython-311.opt-1.pyc
  inflating: lib/python3.11/test/test_importlib/test_api.py
  inflating: lib/python3.11/test/test_importlib/zipdata02/__init__.py
  inflating: lib/python3.11/test/test_importlib/zipdata02/ziptestdata.zip
  inflating: lib/python3.11/test/test_importlib/zipdata02/__pycache__/__init__.cpython-311.opt-1.pyc
  inflating: lib/python3.11/test/test_importlib/zipdata02/__pycache__/__init__.cpython-311.pyc
  inflating: lib/python3.11/test/test_importlib/zipdata02/__pycache__/__init__.cpython-311.opt-2.pyc
  inflating: lib/python3.11/test/test_importlib/data02/one/__init__.py
  inflating: lib/python3.11/test/test_importlib/data02/one/resource1.txt
  inflating: lib/python3.11/test/test_importlib/data02/one/__pycache__/__init__.cpython-311.opt-1.pyc
  inflating: lib/python3.11/test/test_importlib/data02/one/__pycache__/__init__.cpython-311.pyc
  inflating: lib/python3.11/test/test_importlib/data02/one/__pycache__/__init__.cpython-311.opt-2.pyc
  inflating: lib/python3.11/test/test_importlib/data02/__init__.py
  inflating: lib/python3.11/test/test_importlib/data02/__pycache__/__init__.cpython-311.opt-1.pyc
  inflating: lib/python3.11/test/test_importlib/data02/__pycache__/__init__.cpython-311.pyc
  inflating: lib/python3.11/test/test_importlib/data02/__pycache__/__init__.cpython-311.opt-2.pyc
  inflating: lib/python3.11/test/test_importlib/data02/two/__init__.py
  inflating: lib/python3.11/test/test_importlib/data02/two/resource2.txt
  inflating: lib/python3.11/test/test_importlib/data02/two/__pycache__/__init__.cpython-311.opt-1.pyc
  inflating: lib/python3.11/test/test_importlib/data02/two/__pycache__/__init__.cpython-311.pyc
  inflating: lib/python3.11/test/test_importlib/data02/two/__pycache__/__init__.cpython-311.opt-2.pyc
  inflating: lib/python3.11/test/test_importlib/__pycache__/test_pkg_import.cpython-311.opt-2.pyc
  inflating: lib/python3.11/test/test_importlib/__pycache__/test_read.cpython-311.opt-1.pyc
  inflating: lib/python3.11/test/test_importlib/__pycache__/test_locks.cpython-311.pyc
  inflating: lib/python3.11/test/test_importlib/__pycache__/test_windows.cpython-311.opt-2.pyc
  inflating: lib/python3.11/test/test_importlib/__pycache__/test_util.cpython-311.opt-1.pyc
  inflating: lib/python3.11/test/test_importlib/__pycache__/test_locks.cpython-311.opt-1.pyc
  inflating: lib/python3.11/test/test_importlib/__pycache__/test_windows.cpython-311.opt-1.pyc
  inflating: lib/python3.11/test/test_importlib/__pycache__/test_spec.cpython-311.pyc
  inflating: lib/python3.11/test/test_importlib/__pycache__/util.cpython-311.opt-1.pyc
  inflating: lib/python3.11/test/test_importlib/__pycache__/test_contents.cpython-311.opt-2.pyc
  inflating: lib/python3.11/test/test_importlib/__pycache__/test_metadata_api.cpython-311.pyc
  inflating: lib/python3.11/test/test_importlib/__pycache__/test_metadata_api.cpython-311.opt-2.pyc
  inflating: lib/python3.11/test/test_importlib/__pycache__/test_util.cpython-311.opt-2.pyc
  inflating: lib/python3.11/test/test_importlib/__pycache__/stubs.cpython-311.opt-1.pyc
  inflating: lib/python3.11/test/test_importlib/__pycache__/test_reader.cpython-311.opt-2.pyc
  inflating: lib/python3.11/test/test_importlib/__pycache__/test_open.cpython-311.opt-2.pyc
  inflating: lib/python3.11/test/test_importlib/__pycache__/test_lazy.cpython-311.opt-1.pyc
  inflating: lib/python3.11/test/test_importlib/__pycache__/test_read.cpython-311.pyc
  inflating: lib/python3.11/test/test_importlib/__pycache__/test_compatibilty_files.cpython-311.opt-1.pyc
  inflating: lib/python3.11/test/test_importlib/__pycache__/test_namespace_pkgs.cpython-311.pyc
  inflating: lib/python3.11/test/test_importlib/__pycache__/test_lazy.cpython-311.pyc
  inflating: lib/python3.11/test/test_importlib/__pycache__/test_main.cpython-311.opt-2.pyc
  inflating: lib/python3.11/test/test_importlib/__pycache__/__init__.cpython-311.opt-1.pyc
  inflating: lib/python3.11/test/test_importlib/__pycache__/test_reader.cpython-311.pyc
  inflating: lib/python3.11/test/test_importlib/__pycache__/test_util.cpython-311.pyc
  inflating: lib/python3.11/test/test_importlib/__pycache__/test_open.cpython-311.pyc
  inflating: lib/python3.11/test/test_importlib/__pycache__/test_compatibilty_files.cpython-311.opt-2.pyc
  inflating: lib/python3.11/test/test_importlib/__pycache__/test_path.cpython-311.opt-2.pyc
  inflating: lib/python3.11/test/test_importlib/__pycache__/__main__.cpython-311.opt-1.pyc
  inflating: lib/python3.11/test/test_importlib/__pycache__/update-zips.cpython-311.pyc
  inflating: lib/python3.11/test/test_importlib/__pycache__/update-zips.cpython-311.opt-1.pyc
  inflating: lib/python3.11/test/test_importlib/__pycache__/test_zip.cpython-311.opt-2.pyc
  inflating: lib/python3.11/test/test_importlib/__pycache__/__init__.cpython-311.pyc
  inflating: lib/python3.11/test/test_importlib/__pycache__/test_spec.cpython-311.opt-1.pyc
  inflating: lib/python3.11/test/test_importlib/__pycache__/test_lazy.cpython-311.opt-2.pyc
  inflating: lib/python3.11/test/test_importlib/__pycache__/test_namespace_pkgs.cpython-311.opt-1.pyc
  inflating: lib/python3.11/test/test_importlib/__pycache__/fixtures.cpython-311.opt-2.pyc
  inflating: lib/python3.11/test/test_importlib/__pycache__/test_spec.cpython-311.opt-2.pyc
  inflating: lib/python3.11/test/test_importlib/__pycache__/abc.cpython-311.opt-1.pyc
  inflating: lib/python3.11/test/test_importlib/__pycache__/test_abc.cpython-311.opt-1.pyc
  inflating: lib/python3.11/test/test_importlib/__pycache__/test_api.cpython-311.opt-2.pyc
  inflating: lib/python3.11/test/test_importlib/__pycache__/test_windows.cpython-311.pyc
  inflating: lib/python3.11/test/test_importlib/__pycache__/test_path.cpython-311.pyc
  inflating: lib/python3.11/test/test_importlib/__pycache__/test_abc.cpython-311.pyc
  inflating: lib/python3.11/test/test_importlib/__pycache__/test_pkg_import.cpython-311.pyc
  inflating: lib/python3.11/test/test_importlib/__pycache__/abc.cpython-311.pyc
  inflating: lib/python3.11/test/test_importlib/__pycache__/threaded_import_hangers.cpython-311.opt-2.pyc
  inflating: lib/python3.11/test/test_importlib/__pycache__/test_read.cpython-311.opt-2.pyc
  inflating: lib/python3.11/test/test_importlib/__pycache__/test_api.cpython-311.pyc
  inflating: lib/python3.11/test/test_importlib/__pycache__/test_files.cpython-311.opt-2.pyc
  inflating: lib/python3.11/test/test_importlib/__pycache__/test_main.cpython-311.pyc
  inflating: lib/python3.11/test/test_importlib/__pycache__/test_resource.cpython-311.pyc
  inflating: lib/python3.11/test/test_importlib/__pycache__/test_reader.cpython-311.opt-1.pyc
  inflating: lib/python3.11/test/test_importlib/__pycache__/test_threaded_import.cpython-311.pyc
  inflating: lib/python3.11/test/test_importlib/__pycache__/fixtures.cpython-311.pyc
  inflating: lib/python3.11/test/test_importlib/__pycache__/test_api.cpython-311.opt-1.pyc
  inflating: lib/python3.11/test/test_importlib/__pycache__/__main__.cpython-311.opt-2.pyc
  inflating: lib/python3.11/test/test_importlib/__pycache__/test_path.cpython-311.opt-1.pyc
  inflating: lib/python3.11/test/test_importlib/__pycache__/stubs.cpython-311.pyc
  inflating: lib/python3.11/test/test_importlib/__pycache__/test_main.cpython-311.opt-1.pyc
  inflating: lib/python3.11/test/test_importlib/__pycache__/test_abc.cpython-311.opt-2.pyc
  inflating: lib/python3.11/test/test_importlib/__pycache__/__init__.cpython-311.opt-2.pyc
  inflating: lib/python3.11/test/test_importlib/__pycache__/test_pkg_import.cpython-311.opt-1.pyc
  inflating: lib/python3.11/test/test_importlib/__pycache__/update-zips.cpython-311.opt-2.pyc
  inflating: lib/python3.11/test/test_importlib/__pycache__/test_locks.cpython-311.opt-2.pyc
  inflating: lib/python3.11/test/test_importlib/__pycache__/test_metadata_api.cpython-311.opt-1.pyc
  inflating: lib/python3.11/test/test_importlib/__pycache__/test_threaded_import.cpython-311.opt-1.pyc
  inflating: lib/python3.11/test/test_importlib/__pycache__/test_files.cpython-311.opt-1.pyc
  inflating: lib/python3.11/test/test_importlib/__pycache__/threaded_import_hangers.cpython-311.opt-1.pyc
  inflating: lib/python3.11/test/test_importlib/__pycache__/test_zip.cpython-311.pyc
  inflating: lib/python3.11/test/test_importlib/__pycache__/test_resource.cpython-311.opt-1.pyc
  inflating: lib/python3.11/test/test_importlib/__pycache__/__main__.cpython-311.pyc
  inflating: lib/python3.11/test/test_importlib/__pycache__/util.cpython-311.opt-2.pyc
  inflating: lib/python3.11/test/test_importlib/__pycache__/test_open.cpython-311.opt-1.pyc
  inflating: lib/python3.11/test/test_importlib/__pycache__/test_resource.cpython-311.opt-2.pyc
  inflating: lib/python3.11/test/test_importlib/__pycache__/test_contents.cpython-311.pyc
  inflating: lib/python3.11/test/test_importlib/__pycache__/threaded_import_hangers.cpython-311.pyc
  inflating: lib/python3.11/test/test_importlib/__pycache__/test_compatibilty_files.cpython-311.pyc
  inflating: lib/python3.11/test/test_importlib/__pycache__/test_zip.cpython-311.opt-1.pyc
  inflating: lib/python3.11/test/test_importlib/__pycache__/test_threaded_import.cpython-311.opt-2.pyc
  inflating: lib/python3.11/test/test_importlib/__pycache__/stubs.cpython-311.opt-2.pyc
  inflating: lib/python3.11/test/test_importlib/__pycache__/test_contents.cpython-311.opt-1.pyc
  inflating: lib/python3.11/test/test_importlib/__pycache__/test_files.cpython-311.pyc
  inflating: lib/python3.11/test/test_importlib/__pycache__/abc.cpython-311.opt-2.pyc
  inflating: lib/python3.11/test/test_importlib/__pycache__/util.cpython-311.pyc
  inflating: lib/python3.11/test/test_importlib/__pycache__/test_namespace_pkgs.cpython-311.opt-2.pyc
  inflating: lib/python3.11/test/test_importlib/__pycache__/fixtures.cpython-311.opt-1.pyc
  inflating: lib/python3.11/test/test_importlib/test_read.py
  inflating: lib/python3.11/test/test_importlib/threaded_import_hangers.py
  inflating: lib/python3.11/test/test_importlib/test_util.py
  inflating: lib/python3.11/test/test_importlib/extension/test_case_sensitivity.py
  inflating: lib/python3.11/test/test_importlib/extension/test_loader.py
  inflating: lib/python3.11/test/test_importlib/extension/__main__.py
  inflating: lib/python3.11/test/test_importlib/extension/__init__.py
  inflating: lib/python3.11/test/test_importlib/extension/test_finder.py
  inflating: lib/python3.11/test/test_importlib/extension/test_path_hook.py
  inflating: lib/python3.11/test/test_importlib/extension/__pycache__/test_path_hook.cpython-311.opt-1.pyc
  inflating: lib/python3.11/test/test_importlib/extension/__pycache__/__init__.cpython-311.opt-1.pyc
  inflating: lib/python3.11/test/test_importlib/extension/__pycache__/test_loader.cpython-311.pyc
  inflating: lib/python3.11/test/test_importlib/extension/__pycache__/__main__.cpython-311.opt-1.pyc
  inflating: lib/python3.11/test/test_importlib/extension/__pycache__/test_loader.cpython-311.opt-2.pyc
  inflating: lib/python3.11/test/test_importlib/extension/__pycache__/__init__.cpython-311.pyc
  inflating: lib/python3.11/test/test_importlib/extension/__pycache__/test_case_sensitivity.cpython-311.opt-2.pyc
  inflating: lib/python3.11/test/test_importlib/extension/__pycache__/__main__.cpython-311.opt-2.pyc
  inflating: lib/python3.11/test/test_importlib/extension/__pycache__/__init__.cpython-311.opt-2.pyc
  inflating: lib/python3.11/test/test_importlib/extension/__pycache__/test_path_hook.cpython-311.pyc
  inflating: lib/python3.11/test/test_importlib/extension/__pycache__/test_loader.cpython-311.opt-1.pyc
  inflating: lib/python3.11/test/test_importlib/extension/__pycache__/test_finder.cpython-311.opt-2.pyc
  inflating: lib/python3.11/test/test_importlib/extension/__pycache__/test_path_hook.cpython-311.opt-2.pyc
  inflating: lib/python3.11/test/test_importlib/extension/__pycache__/test_finder.cpython-311.pyc
  inflating: lib/python3.11/test/test_importlib/extension/__pycache__/__main__.cpython-311.pyc
  inflating: lib/python3.11/test/test_importlib/extension/__pycache__/test_case_sensitivity.cpython-311.opt-1.pyc
  inflating: lib/python3.11/test/test_importlib/extension/__pycache__/test_finder.cpython-311.opt-1.pyc
  inflating: lib/python3.11/test/test_importlib/extension/__pycache__/test_case_sensitivity.cpython-311.pyc
  inflating: lib/python3.11/test/pstats.pck
  inflating: lib/python3.11/test/test_genexps.py
  inflating: lib/python3.11/test/test_super.py
  inflating: lib/python3.11/test/test_os.py
  inflating: lib/python3.11/test/test_tools/test_pathfix.py
  inflating: lib/python3.11/test/test_tools/__main__.py
  inflating: lib/python3.11/test/test_tools/test_sundry.py
  inflating: lib/python3.11/test/test_tools/__init__.py
  inflating: lib/python3.11/test/test_tools/test_pdeps.py
  inflating: lib/python3.11/test/test_tools/test_pindent.py
  inflating: lib/python3.11/test/test_tools/test_gprof2html.py
  inflating: lib/python3.11/test/test_tools/test_i18n.py
  inflating: lib/python3.11/test/test_tools/test_fixcid.py
  inflating: lib/python3.11/test/test_tools/test_reindent.py
  inflating: lib/python3.11/test/test_tools/test_md5sum.py
  inflating: lib/python3.11/test/test_tools/__pycache__/test_pdeps.cpython-311.pyc
  inflating: lib/python3.11/test/test_tools/__pycache__/test_pindent.cpython-311.opt-2.pyc
  inflating: lib/python3.11/test/test_tools/__pycache__/test_md5sum.cpython-311.opt-1.pyc
  inflating: lib/python3.11/test/test_tools/__pycache__/test_gprof2html.cpython-311.pyc
  inflating: lib/python3.11/test/test_tools/__pycache__/test_pathfix.cpython-311.pyc
  inflating: lib/python3.11/test/test_tools/__pycache__/test_freeze.cpython-311.opt-2.pyc
  inflating: lib/python3.11/test/test_tools/__pycache__/test_pdeps.cpython-311.opt-2.pyc
  inflating: lib/python3.11/test/test_tools/__pycache__/__init__.cpython-311.opt-1.pyc
  inflating: lib/python3.11/test/test_tools/__pycache__/test_lll.cpython-311.pyc
  inflating: lib/python3.11/test/test_tools/__pycache__/test_reindent.cpython-311.pyc
  inflating: lib/python3.11/test/test_tools/__pycache__/test_pathfix.cpython-311.opt-2.pyc
  inflating: lib/python3.11/test/test_tools/__pycache__/__main__.cpython-311.opt-1.pyc
  inflating: lib/python3.11/test/test_tools/__pycache__/test_fixcid.cpython-311.pyc
  inflating: lib/python3.11/test/test_tools/__pycache__/test_pdeps.cpython-311.opt-1.pyc
  inflating: lib/python3.11/test/test_tools/__pycache__/__init__.cpython-311.pyc
  inflating: lib/python3.11/test/test_tools/__pycache__/test_lll.cpython-311.opt-1.pyc
  inflating: lib/python3.11/test/test_tools/__pycache__/test_freeze.cpython-311.pyc
  inflating: lib/python3.11/test/test_tools/__pycache__/test_gprof2html.cpython-311.opt-2.pyc
  inflating: lib/python3.11/test/test_tools/__pycache__/test_sundry.cpython-311.pyc
  inflating: lib/python3.11/test/test_tools/__pycache__/test_i18n.cpython-311.pyc
  inflating: lib/python3.11/test/test_tools/__pycache__/test_sundry.cpython-311.opt-2.pyc
  inflating: lib/python3.11/test/test_tools/__pycache__/__main__.cpython-311.opt-2.pyc
  inflating: lib/python3.11/test/test_tools/__pycache__/test_lll.cpython-311.opt-2.pyc
  inflating: lib/python3.11/test/test_tools/__pycache__/test_fixcid.cpython-311.opt-2.pyc
  inflating: lib/python3.11/test/test_tools/__pycache__/test_fixcid.cpython-311.opt-1.pyc
  inflating: lib/python3.11/test/test_tools/__pycache__/test_md5sum.cpython-311.pyc
  inflating: lib/python3.11/test/test_tools/__pycache__/__init__.cpython-311.opt-2.pyc
  inflating: lib/python3.11/test/test_tools/__pycache__/test_i18n.cpython-311.opt-2.pyc
  inflating: lib/python3.11/test/test_tools/__pycache__/test_sundry.cpython-311.opt-1.pyc
  inflating: lib/python3.11/test/test_tools/__pycache__/test_pathfix.cpython-311.opt-1.pyc
  inflating: lib/python3.11/test/test_tools/__pycache__/test_pindent.cpython-311.pyc
  inflating: lib/python3.11/test/test_tools/__pycache__/test_reindent.cpython-311.opt-1.pyc
  inflating: lib/python3.11/test/test_tools/__pycache__/test_md5sum.cpython-311.opt-2.pyc
  inflating: lib/python3.11/test/test_tools/__pycache__/test_freeze.cpython-311.opt-1.pyc
  inflating: lib/python3.11/test/test_tools/__pycache__/__main__.cpython-311.pyc
  inflating: lib/python3.11/test/test_tools/__pycache__/test_i18n.cpython-311.opt-1.pyc
  inflating: lib/python3.11/test/test_tools/__pycache__/test_pindent.cpython-311.opt-1.pyc
  inflating: lib/python3.11/test/test_tools/__pycache__/test_reindent.cpython-311.opt-2.pyc
  inflating: lib/python3.11/test/test_tools/__pycache__/test_gprof2html.cpython-311.opt-1.pyc
  inflating: lib/python3.11/test/test_tools/test_freeze.py
  inflating: lib/python3.11/test/test_tools/test_lll.py
  inflating: lib/python3.11/test/test_check_c_globals.py
  inflating: lib/python3.11/test/test_thread.py
  inflating: lib/python3.11/test/test_builtin.py
  inflating: lib/python3.11/test/test_posixpath.py
  inflating: lib/python3.11/test/mod_generics_cache.py
  inflating: lib/python3.11/test/test_mmap.py
  inflating: lib/python3.11/test/test_urllibnet.py
  inflating: lib/python3.11/test/seq_tests.py
  inflating: lib/python3.11/test/test_nis.py
  inflating: lib/python3.11/test/test_finalization.py
  inflating: lib/python3.11/test/test_typing.py
  inflating: lib/python3.11/test/tokenize_tests.txt
  inflating: lib/python3.11/test/test_richcmp.py
  inflating: lib/python3.11/test/encoded_modules/__init__.py
  inflating: lib/python3.11/test/encoded_modules/module_koi8_r.py
  inflating: lib/python3.11/test/encoded_modules/module_iso_8859_1.py
  inflating: lib/python3.11/test/encoded_modules/__pycache__/module_koi8_r.cpython-311.opt-1.pyc
  inflating: lib/python3.11/test/encoded_modules/__pycache__/__init__.cpython-311.opt-1.pyc
  inflating: lib/python3.11/test/encoded_modules/__pycache__/__init__.cpython-311.pyc
  inflating: lib/python3.11/test/encoded_modules/__pycache__/module_iso_8859_1.cpython-311.opt-1.pyc
  inflating: lib/python3.11/test/encoded_modules/__pycache__/module_koi8_r.cpython-311.pyc
  inflating: lib/python3.11/test/encoded_modules/__pycache__/module_iso_8859_1.cpython-311.opt-2.pyc
  inflating: lib/python3.11/test/encoded_modules/__pycache__/__init__.cpython-311.opt-2.pyc
  inflating: lib/python3.11/test/encoded_modules/__pycache__/module_koi8_r.cpython-311.opt-2.pyc
  inflating: lib/python3.11/test/encoded_modules/__pycache__/module_iso_8859_1.cpython-311.pyc
  inflating: lib/python3.11/test/test_pyclbr.py
  inflating: lib/python3.11/test/test_hmac.py
  inflating: lib/python3.11/test/test_codeccallbacks.py
  inflating: lib/python3.11/test/test_wsgiref.py
  inflating: lib/python3.11/test/test_bigmem.py
  inflating: lib/python3.11/test/test_tcl.py
  inflating: lib/python3.11/test/test_socket.py
  inflating: lib/python3.11/test/badsyntax_future7.py
  inflating: lib/python3.11/test/tokenize_tests-no-coding-cookie-and-utf8-bom-sig-only.txt
  inflating: lib/python3.11/test/test_cmath.py
  inflating: lib/python3.11/test/sample_doctest_no_doctests.py
  inflating: lib/python3.11/test/ieee754.txt
  inflating: lib/python3.11/test/empty.vbs
  inflating: lib/python3.11/test/test_smtpd.py
  inflating: lib/python3.11/test/test_errno.py
  inflating: lib/python3.11/test/test_math.py
  inflating: lib/python3.11/test/bad_getattr.py
  inflating: lib/python3.11/test/test_embed.py
  inflating: lib/python3.11/test/pydoc_mod.py
  inflating: lib/python3.11/test/test_unicode_identifiers.py
  inflating: lib/python3.11/test/test_multiprocessing_forkserver.py
  inflating: lib/python3.11/test/_typed_dict_helper.py
  inflating: lib/python3.11/test/keycert2.pem
  inflating: lib/python3.11/test/inspect_fodder2.py
  inflating: lib/python3.11/test/multibytecodec_support.py
  inflating: lib/python3.11/test/badsyntax_future8.py
  inflating: lib/python3.11/test/test_ipaddress.py
  inflating: lib/python3.11/test/test_set.py
  inflating: lib/python3.11/test/test_threading_local.py
  inflating: lib/python3.11/test/test_binop.py
  inflating: lib/python3.11/test/test_typechecks.py
  inflating: lib/python3.11/test/test_dict_version.py
  inflating: lib/python3.11/test/test_spwd.py
  inflating: lib/python3.11/test/test_optparse.py
  inflating: lib/python3.11/test/test_keywordonlyarg.py
  inflating: lib/python3.11/test/test_codecmaps_kr.py
  inflating: lib/python3.11/test/test_functools.py
  inflating: lib/python3.11/test/test_struct.py
  inflating: lib/python3.11/test/test_glob.py
  inflating: lib/python3.11/test/test_timeout.py
  inflating: lib/python3.11/test/ffdh3072.pem
  inflating: lib/python3.11/test/mp_fork_bomb.py
  inflating: lib/python3.11/test/test_code.py
  inflating: lib/python3.11/test/test_unittest.py
  inflating: lib/python3.11/test/tokenize_tests-latin1-coding-cookie-and-utf8-bom-sig.txt
  inflating: lib/python3.11/test/exception_hierarchy.txt
  inflating: lib/python3.11/test/dis_module.py
  inflating: lib/python3.11/test/test_re.py
  inflating: lib/python3.11/test/test_collections.py
  inflating: lib/python3.11/test/idnsans.pem
  inflating: lib/python3.11/test/allsans.pem
  inflating: lib/python3.11/test/test_support.py
  inflating: lib/python3.11/test/test_pickletools.py
  inflating: lib/python3.11/test/test_cmd_line_script.py
  inflating: lib/python3.11/test/test_copyreg.py
  inflating: lib/python3.11/test/test_global.py
  inflating: lib/python3.11/test/test_trace.py
  inflating: lib/python3.11/test/test_codecencodings_cn.py
  inflating: lib/python3.11/test/test_httpservers.py
  inflating: lib/python3.11/test/test_listcomps.py
  inflating: lib/python3.11/test/profilee.py
  inflating: lib/python3.11/test/test_multiprocessing_fork.py
  inflating: lib/python3.11/test/memory_watchdog.py
  inflating: lib/python3.11/test/test_descr.py
  inflating: lib/python3.11/test/dtracedata/gc.d.expected
  inflating: lib/python3.11/test/dtracedata/line.py
  inflating: lib/python3.11/test/dtracedata/gc.d
  inflating: lib/python3.11/test/dtracedata/assert_usable.stp
  inflating: lib/python3.11/test/dtracedata/gc.py
  inflating: lib/python3.11/test/dtracedata/call_stack.py
  inflating: lib/python3.11/test/dtracedata/line.d.expected
  inflating: lib/python3.11/test/dtracedata/instance.py
  inflating: lib/python3.11/test/dtracedata/call_stack.stp
  inflating: lib/python3.11/test/dtracedata/assert_usable.d
  inflating: lib/python3.11/test/dtracedata/call_stack.d.expected
  inflating: lib/python3.11/test/dtracedata/line.d
  inflating: lib/python3.11/test/dtracedata/call_stack.stp.expected
  inflating: lib/python3.11/test/dtracedata/gc.stp
  inflating: lib/python3.11/test/dtracedata/gc.stp.expected
  inflating: lib/python3.11/test/dtracedata/__pycache__/instance.cpython-311.opt-2.pyc
  inflating: lib/python3.11/test/dtracedata/__pycache__/call_stack.cpython-311.opt-2.pyc
  inflating: lib/python3.11/test/dtracedata/__pycache__/call_stack.cpython-311.pyc
  inflating: lib/python3.11/test/dtracedata/__pycache__/instance.cpython-311.opt-1.pyc
  inflating: lib/python3.11/test/dtracedata/__pycache__/line.cpython-311.opt-1.pyc
  inflating: lib/python3.11/test/dtracedata/__pycache__/gc.cpython-311.pyc
  inflating: lib/python3.11/test/dtracedata/__pycache__/gc.cpython-311.opt-2.pyc
  inflating: lib/python3.11/test/dtracedata/__pycache__/line.cpython-311.opt-2.pyc
  inflating: lib/python3.11/test/dtracedata/__pycache__/instance.cpython-311.pyc
  inflating: lib/python3.11/test/dtracedata/__pycache__/call_stack.cpython-311.opt-1.pyc
  inflating: lib/python3.11/test/dtracedata/__pycache__/gc.cpython-311.opt-1.pyc
  inflating: lib/python3.11/test/dtracedata/__pycache__/line.cpython-311.pyc
  inflating: lib/python3.11/test/dtracedata/call_stack.d
  inflating: lib/python3.11/test/test_threadsignals.py
  inflating: lib/python3.11/test/test_codecmaps_hk.py
  inflating: lib/python3.11/test/sample_doctest_no_docstrings.py
  inflating: lib/python3.11/test/test_audioop.py
  inflating: lib/python3.11/test/test_tix.py
  inflating: lib/python3.11/test/test_webbrowser.py
  inflating: lib/python3.11/test/pycacert.pem
  inflating: lib/python3.11/test/_test_eintr.py
  inflating: lib/python3.11/test/test_smtpnet.py
  inflating: lib/python3.11/test/test_html.py
  inflating: lib/python3.11/test/test_venv.py
  inflating: lib/python3.11/test/test_genericclass.py
  inflating: lib/python3.11/test/test_tarfile.py
  inflating: lib/python3.11/test/test_asyncore.py
  inflating: lib/python3.11/test/test_bytes.py
  inflating: lib/python3.11/test/test_crashers.py
  inflating: lib/python3.11/test/test_string_literals.py
  inflating: lib/python3.11/test/gdb_sample.py
  inflating: lib/python3.11/test/test_cgi.py
  inflating: lib/python3.11/test/test_ioctl.py
  inflating: lib/python3.11/test/test_fileinput.py
  inflating: lib/python3.11/test/test_complex.py
  inflating: lib/python3.11/test/_test_multiprocessing.py
  inflating: lib/python3.11/test/test_univnewlines.py
  inflating: lib/python3.11/test/test_type_annotations.py
  inflating: lib/python3.11/test/_test_venv_multiprocessing.py
  inflating: lib/python3.11/test/test_pty.py
  inflating: lib/python3.11/test/test_socketserver.py
  inflating: lib/python3.11/test/test_codecencodings_hk.py
  inflating: lib/python3.11/test/test_hashlib.py
  inflating: lib/python3.11/test/test_multiprocessing_main_handling.py
  inflating: lib/python3.11/test/test_locale.py
  inflating: lib/python3.11/test/bad_getattr2.py
  inflating: lib/python3.11/test/test_dbm.py
  inflating: lib/python3.11/test/test_lltrace.py
  inflating: lib/python3.11/test/floating_points.txt
  inflating: lib/python3.11/test/badsyntax_future9.py
  inflating: lib/python3.11/test/test_future4.py
  inflating: lib/python3.11/test/test_startfile.py
  inflating: lib/python3.11/test/test_dictcomps.py
  inflating: lib/python3.11/test/test_subclassinit.py
  inflating: lib/python3.11/test/pydocfodder.py
  inflating: lib/python3.11/test/test_doctest3.txt
  inflating: lib/python3.11/test/cjkencodings/gb2312.txt
  inflating: lib/python3.11/test/cjkencodings/shift_jisx0213-utf8.txt
  inflating: lib/python3.11/test/cjkencodings/euc_kr.txt
  inflating: lib/python3.11/test/cjkencodings/hz.txt
  inflating: lib/python3.11/test/cjkencodings/euc_jp.txt
  inflating: lib/python3.11/test/cjkencodings/big5hkscs.txt
  inflating: lib/python3.11/test/cjkencodings/iso2022_kr.txt
  inflating: lib/python3.11/test/cjkencodings/gbk-utf8.txt
  inflating: lib/python3.11/test/cjkencodings/euc_jisx0213.txt
  inflating: lib/python3.11/test/cjkencodings/big5-utf8.txt
  inflating: lib/python3.11/test/cjkencodings/gbk.txt
  inflating: lib/python3.11/test/cjkencodings/cp949-utf8.txt
  inflating: lib/python3.11/test/cjkencodings/iso2022_jp.txt
  inflating: lib/python3.11/test/cjkencodings/euc_jp-utf8.txt
  inflating: lib/python3.11/test/cjkencodings/iso2022_jp-utf8.txt
  inflating: lib/python3.11/test/cjkencodings/shift_jis-utf8.txt
  inflating: lib/python3.11/test/cjkencodings/iso2022_kr-utf8.txt
  inflating: lib/python3.11/test/cjkencodings/hz-utf8.txt
  inflating: lib/python3.11/test/cjkencodings/shift_jis.txt
  inflating: lib/python3.11/test/cjkencodings/johab-utf8.txt
  inflating: lib/python3.11/test/cjkencodings/shift_jisx0213.txt
  inflating: lib/python3.11/test/cjkencodings/euc_kr-utf8.txt
  inflating: lib/python3.11/test/cjkencodings/cp949.txt
  inflating: lib/python3.11/test/cjkencodings/gb2312-utf8.txt
  inflating: lib/python3.11/test/cjkencodings/big5hkscs-utf8.txt
  inflating: lib/python3.11/test/cjkencodings/euc_jisx0213-utf8.txt
  inflating: lib/python3.11/test/cjkencodings/gb18030-utf8.txt
  inflating: lib/python3.11/test/cjkencodings/big5.txt
  inflating: lib/python3.11/test/cjkencodings/johab.txt
  inflating: lib/python3.11/test/cjkencodings/gb18030.txt
  inflating: lib/python3.11/test/test_context.py
  inflating: lib/python3.11/test/test_picklebuffer.py
  inflating: lib/python3.11/test/test_int.py
  inflating: lib/python3.11/test/test_bz2.py
  inflating: lib/python3.11/test/test_string.py
  inflating: lib/python3.11/test/test_codeop.py
  inflating: lib/python3.11/test/cmath_testcases.txt
  inflating: lib/python3.11/test/test_array.py
  inflating: lib/python3.11/test/subprocessdata/qgrep.py
  inflating: lib/python3.11/test/subprocessdata/input_reader.py
  inflating: lib/python3.11/test/subprocessdata/sigchild_ignore.py
  inflating: lib/python3.11/test/subprocessdata/qcat.py
  inflating: lib/python3.11/test/subprocessdata/fd_status.py
  inflating: lib/python3.11/test/subprocessdata/__pycache__/qcat.cpython-311.opt-2.pyc
  inflating: lib/python3.11/test/subprocessdata/__pycache__/input_reader.cpython-311.opt-2.pyc
  inflating: lib/python3.11/test/subprocessdata/__pycache__/qcat.cpython-311.opt-1.pyc
  inflating: lib/python3.11/test/subprocessdata/__pycache__/fd_status.cpython-311.pyc
  inflating: lib/python3.11/test/subprocessdata/__pycache__/sigchild_ignore.cpython-311.opt-2.pyc
  inflating: lib/python3.11/test/subprocessdata/__pycache__/qgrep.cpython-311.opt-2.pyc
  inflating: lib/python3.11/test/subprocessdata/__pycache__/input_reader.cpython-311.opt-1.pyc
  inflating: lib/python3.11/test/subprocessdata/__pycache__/fd_status.cpython-311.opt-2.pyc
  inflating: lib/python3.11/test/subprocessdata/__pycache__/qgrep.cpython-311.pyc
  inflating: lib/python3.11/test/subprocessdata/__pycache__/fd_status.cpython-311.opt-1.pyc
  inflating: lib/python3.11/test/subprocessdata/__pycache__/input_reader.cpython-311.pyc
  inflating: lib/python3.11/test/subprocessdata/__pycache__/qgrep.cpython-311.opt-1.pyc
  inflating: lib/python3.11/test/subprocessdata/__pycache__/sigchild_ignore.cpython-311.opt-1.pyc
  inflating: lib/python3.11/test/subprocessdata/__pycache__/sigchild_ignore.cpython-311.pyc
  inflating: lib/python3.11/test/subprocessdata/__pycache__/qcat.cpython-311.pyc
  inflating: lib/python3.11/test/ann_module2.py
  inflating: lib/python3.11/test/test_zoneinfo/data/update_test_data.py
  inflating: lib/python3.11/test/test_zoneinfo/data/zoneinfo_data.json
  inflating: lib/python3.11/test/test_zoneinfo/data/__pycache__/update_test_data.cpython-311.pyc
  inflating: lib/python3.11/test/test_zoneinfo/data/__pycache__/update_test_data.cpython-311.opt-1.pyc
  inflating: lib/python3.11/test/test_zoneinfo/data/__pycache__/update_test_data.cpython-311.opt-2.pyc
  inflating: lib/python3.11/test/test_zoneinfo/__main__.py
  inflating: lib/python3.11/test/test_zoneinfo/__init__.py
  inflating: lib/python3.11/test/test_zoneinfo/test_zoneinfo.py
  inflating: lib/python3.11/test/test_zoneinfo/_support.py
  inflating: lib/python3.11/test/test_zoneinfo/__pycache__/test_zoneinfo.cpython-311.opt-2.pyc
  inflating: lib/python3.11/test/test_zoneinfo/__pycache__/_support.cpython-311.opt-1.pyc
  inflating: lib/python3.11/test/test_zoneinfo/__pycache__/__init__.cpython-311.opt-1.pyc
  inflating: lib/python3.11/test/test_zoneinfo/__pycache__/test_zoneinfo.cpython-311.opt-1.pyc
  inflating: lib/python3.11/test/test_zoneinfo/__pycache__/__main__.cpython-311.opt-1.pyc
  inflating: lib/python3.11/test/test_zoneinfo/__pycache__/__init__.cpython-311.pyc
  inflating: lib/python3.11/test/test_zoneinfo/__pycache__/__main__.cpython-311.opt-2.pyc
  inflating: lib/python3.11/test/test_zoneinfo/__pycache__/__init__.cpython-311.opt-2.pyc
  inflating: lib/python3.11/test/test_zoneinfo/__pycache__/__main__.cpython-311.pyc
  inflating: lib/python3.11/test/test_zoneinfo/__pycache__/_support.cpython-311.opt-2.pyc
  inflating: lib/python3.11/test/test_zoneinfo/__pycache__/test_zoneinfo.cpython-311.pyc
  inflating: lib/python3.11/test/test_zoneinfo/__pycache__/_support.cpython-311.pyc
  inflating: lib/python3.11/test/imghdrdata/python.tiff
  inflating: lib/python3.11/test/imghdrdata/python.ras
  inflating: lib/python3.11/test/imghdrdata/python.png
  inflating: lib/python3.11/test/imghdrdata/python.ppm
  inflating: lib/python3.11/test/imghdrdata/python.gif
  inflating: lib/python3.11/test/imghdrdata/python-raw.jpg
  inflating: lib/python3.11/test/imghdrdata/python.webp
  inflating: lib/python3.11/test/imghdrdata/python.exr
  inflating: lib/python3.11/test/imghdrdata/python.pbm
  inflating: lib/python3.11/test/imghdrdata/python.pgm
  inflating: lib/python3.11/test/imghdrdata/python.sgi
  inflating: lib/python3.11/test/imghdrdata/python.xbm
  inflating: lib/python3.11/test/imghdrdata/python.jpg
  inflating: lib/python3.11/test/imghdrdata/python.bmp
  inflating: lib/python3.11/test/test_extcall.py
  inflating: lib/python3.11/test/test_tk.py
  inflating: lib/python3.11/test/test_imaplib.py
  inflating: lib/python3.11/test/make_ssl_certs.py
  inflating: lib/python3.11/test/testtar.tar
  inflating: lib/python3.11/test/test_pathlib.py
  inflating: lib/python3.11/test/test_pep646_syntax.py
  inflating: lib/python3.11/test/signalinterproctester.py
  inflating: lib/python3.11/test/test_fractions.py
  inflating: lib/python3.11/test/badcert.pem
  inflating: lib/python3.11/test/test_fstring.py
  inflating: lib/python3.11/test/test_asyncio/test_futures.py
  inflating: lib/python3.11/test/test_asyncio/test_base_events.py
  inflating: lib/python3.11/test/test_asyncio/test_selector_events.py
  inflating: lib/python3.11/test/test_asyncio/echo.py
  inflating: lib/python3.11/test/test_asyncio/test_events.py
  inflating: lib/python3.11/test/test_asyncio/__main__.py
  inflating: lib/python3.11/test/test_asyncio/test_transports.py
  inflating: lib/python3.11/test/test_asyncio/test_queues.py
  inflating: lib/python3.11/test/test_asyncio/test_tasks.py
  inflating: lib/python3.11/test/test_asyncio/test_locks.py
  inflating: lib/python3.11/test/test_asyncio/__init__.py
  inflating: lib/python3.11/test/test_asyncio/test_unix_events.py
  inflating: lib/python3.11/test/test_asyncio/test_proactor_events.py
  inflating: lib/python3.11/test/test_asyncio/test_taskgroups.py
  inflating: lib/python3.11/test/test_asyncio/test_buffered_proto.py
  inflating: lib/python3.11/test/test_asyncio/test_timeouts.py
  inflating: lib/python3.11/test/test_asyncio/echo2.py
  inflating: lib/python3.11/test/test_asyncio/test_futures2.py
  inflating: lib/python3.11/test/test_asyncio/test_windows_utils.py
  inflating: lib/python3.11/test/test_asyncio/test_runners.py
  inflating: lib/python3.11/test/test_asyncio/test_sock_lowlevel.py
  inflating: lib/python3.11/test/test_asyncio/test_streams.py
  inflating: lib/python3.11/test/test_asyncio/test_context.py
  inflating: lib/python3.11/test/test_asyncio/test_threads.py
  inflating: lib/python3.11/test/test_asyncio/test_waitfor.py
  inflating: lib/python3.11/test/test_asyncio/test_sslproto.py
  inflating: lib/python3.11/test/test_asyncio/test_sendfile.py
  inflating: lib/python3.11/test/test_asyncio/echo3.py
  inflating: lib/python3.11/test/test_asyncio/test_ssl.py
  inflating: lib/python3.11/test/test_asyncio/test_subprocess.py
  inflating: lib/python3.11/test/test_asyncio/__pycache__/test_runners.cpython-311.opt-1.pyc
  inflating: lib/python3.11/test/test_asyncio/__pycache__/test_base_events.cpython-311.opt-1.pyc
  inflating: lib/python3.11/test/test_asyncio/__pycache__/test_server.cpython-311.opt-1.pyc
  inflating: lib/python3.11/test/test_asyncio/__pycache__/test_locks.cpython-311.pyc
  inflating: lib/python3.11/test/test_asyncio/__pycache__/test_sslproto.cpython-311.pyc
  inflating: lib/python3.11/test/test_asyncio/__pycache__/test_windows_events.cpython-311.pyc
  inflating: lib/python3.11/test/test_asyncio/__pycache__/test_locks.cpython-311.opt-1.pyc
  inflating: lib/python3.11/test/test_asyncio/__pycache__/utils.cpython-311.opt-1.pyc
  inflating: lib/python3.11/test/test_asyncio/__pycache__/test_events.cpython-311.opt-1.pyc
  inflating: lib/python3.11/test/test_asyncio/__pycache__/test_pep492.cpython-311.pyc
  inflating: lib/python3.11/test/test_asyncio/__pycache__/test_futures.cpython-311.pyc
  inflating: lib/python3.11/test/test_asyncio/__pycache__/echo.cpython-311.opt-1.pyc
  inflating: lib/python3.11/test/test_asyncio/__pycache__/test_sslproto.cpython-311.opt-2.pyc
  inflating: lib/python3.11/test/test_asyncio/__pycache__/test_threads.cpython-311.pyc
  inflating: lib/python3.11/test/test_asyncio/__pycache__/test_runners.cpython-311.opt-2.pyc
  inflating: lib/python3.11/test/test_asyncio/__pycache__/test_protocols.cpython-311.opt-2.pyc
  inflating: lib/python3.11/test/test_asyncio/__pycache__/echo3.cpython-311.opt-1.pyc
  inflating: lib/python3.11/test/test_asyncio/__pycache__/test_transports.cpython-311.opt-2.pyc
  inflating: lib/python3.11/test/test_asyncio/__pycache__/test_queues.cpython-311.opt-1.pyc
  inflating: lib/python3.11/test/test_asyncio/__pycache__/test_windows_events.cpython-311.opt-1.pyc
  inflating: lib/python3.11/test/test_asyncio/__pycache__/test_buffered_proto.cpython-311.pyc
  inflating: lib/python3.11/test/test_asyncio/__pycache__/test_subprocess.cpython-311.opt-1.pyc
  inflating: lib/python3.11/test/test_asyncio/__pycache__/test_sock_lowlevel.cpython-311.opt-1.pyc
  inflating: lib/python3.11/test/test_asyncio/__pycache__/test_timeouts.cpython-311.pyc
  inflating: lib/python3.11/test/test_asyncio/__pycache__/test_server.cpython-311.opt-2.pyc
  inflating: lib/python3.11/test/test_asyncio/__pycache__/test_protocols.cpython-311.pyc
  inflating: lib/python3.11/test/test_asyncio/__pycache__/test_tasks.cpython-311.opt-2.pyc
  inflating: lib/python3.11/test/test_asyncio/__pycache__/test_pep492.cpython-311.opt-1.pyc
  inflating: lib/python3.11/test/test_asyncio/__pycache__/test_buffered_proto.cpython-311.opt-2.pyc
  inflating: lib/python3.11/test/test_asyncio/__pycache__/__init__.cpython-311.opt-1.pyc
  inflating: lib/python3.11/test/test_asyncio/__pycache__/test_buffered_proto.cpython-311.opt-1.pyc
  inflating: lib/python3.11/test/test_asyncio/__pycache__/echo2.cpython-311.pyc
  inflating: lib/python3.11/test/test_asyncio/__pycache__/test_timeouts.cpython-311.opt-2.pyc
  inflating: lib/python3.11/test/test_asyncio/__pycache__/test_tasks.cpython-311.opt-1.pyc
  inflating: lib/python3.11/test/test_asyncio/__pycache__/test_tasks.cpython-311.pyc
  inflating: lib/python3.11/test/test_asyncio/__pycache__/test_base_events.cpython-311.pyc
  inflating: lib/python3.11/test/test_asyncio/__pycache__/utils.cpython-311.pyc
  inflating: lib/python3.11/test/test_asyncio/__pycache__/echo3.cpython-311.opt-2.pyc
  inflating: lib/python3.11/test/test_asyncio/__pycache__/test_threads.cpython-311.opt-1.pyc
  inflating: lib/python3.11/test/test_asyncio/__pycache__/test_futures2.cpython-311.opt-1.pyc
  inflating: lib/python3.11/test/test_asyncio/__pycache__/test_queues.cpython-311.opt-2.pyc
  inflating: lib/python3.11/test/test_asyncio/__pycache__/test_streams.cpython-311.pyc
  inflating: lib/python3.11/test/test_asyncio/__pycache__/test_sock_lowlevel.cpython-311.opt-2.pyc
  inflating: lib/python3.11/test/test_asyncio/__pycache__/test_sendfile.cpython-311.opt-1.pyc
  inflating: lib/python3.11/test/test_asyncio/__pycache__/__main__.cpython-311.opt-1.pyc
  inflating: lib/python3.11/test/test_asyncio/__pycache__/test_protocols.cpython-311.opt-1.pyc
  inflating: lib/python3.11/test/test_asyncio/__pycache__/test_taskgroups.cpython-311.opt-1.pyc
  inflating: lib/python3.11/test/test_asyncio/__pycache__/test_selector_events.cpython-311.pyc
  inflating: lib/python3.11/test/test_asyncio/__pycache__/test_subprocess.cpython-311.pyc
  inflating: lib/python3.11/test/test_asyncio/__pycache__/test_futures.cpython-311.opt-1.pyc
  inflating: lib/python3.11/test/test_asyncio/__pycache__/test_proactor_events.cpython-311.pyc
  inflating: lib/python3.11/test/test_asyncio/__pycache__/functional.cpython-311.opt-1.pyc
  inflating: lib/python3.11/test/test_asyncio/__pycache__/test_sock_lowlevel.cpython-311.pyc
  inflating: lib/python3.11/test/test_asyncio/__pycache__/__init__.cpython-311.pyc
  inflating: lib/python3.11/test/test_asyncio/__pycache__/test_streams.cpython-311.opt-2.pyc
  inflating: lib/python3.11/test/test_asyncio/__pycache__/test_context.cpython-311.opt-1.pyc
  inflating: lib/python3.11/test/test_asyncio/__pycache__/test_sendfile.cpython-311.pyc
  inflating: lib/python3.11/test/test_asyncio/__pycache__/test_futures2.cpython-311.opt-2.pyc
  inflating: lib/python3.11/test/test_asyncio/__pycache__/test_taskgroups.cpython-311.opt-2.pyc
  inflating: lib/python3.11/test/test_asyncio/__pycache__/test_unix_events.cpython-311.opt-1.pyc
  inflating: lib/python3.11/test/test_asyncio/__pycache__/test_context.cpython-311.opt-2.pyc
  inflating: lib/python3.11/test/test_asyncio/__pycache__/test_ssl.cpython-311.opt-2.pyc
  inflating: lib/python3.11/test/test_asyncio/__pycache__/test_selector_events.cpython-311.opt-2.pyc
  inflating: lib/python3.11/test/test_asyncio/__pycache__/test_waitfor.cpython-311.opt-2.pyc
  inflating: lib/python3.11/test/test_asyncio/__pycache__/test_windows_utils.cpython-311.opt-1.pyc
  inflating: lib/python3.11/test/test_asyncio/__pycache__/test_events.cpython-311.pyc
  inflating: lib/python3.11/test/test_asyncio/__pycache__/test_futures.cpython-311.opt-2.pyc
  inflating: lib/python3.11/test/test_asyncio/__pycache__/test_subprocess.cpython-311.opt-2.pyc
  inflating: lib/python3.11/test/test_asyncio/__pycache__/echo2.cpython-311.opt-1.pyc
  inflating: lib/python3.11/test/test_asyncio/__pycache__/__main__.cpython-311.opt-2.pyc
  inflating: lib/python3.11/test/test_asyncio/__pycache__/test_ssl.cpython-311.pyc
  inflating: lib/python3.11/test/test_asyncio/__pycache__/test_sslproto.cpython-311.opt-1.pyc
  inflating: lib/python3.11/test/test_asyncio/__pycache__/test_pep492.cpython-311.opt-2.pyc
  inflating: lib/python3.11/test/test_asyncio/__pycache__/test_threads.cpython-311.opt-2.pyc
  inflating: lib/python3.11/test/test_asyncio/__pycache__/test_runners.cpython-311.pyc
  inflating: lib/python3.11/test/test_asyncio/__pycache__/test_transports.cpython-311.opt-1.pyc
  inflating: lib/python3.11/test/test_asyncio/__pycache__/echo.cpython-311.pyc
  inflating: lib/python3.11/test/test_asyncio/__pycache__/__init__.cpython-311.opt-2.pyc
  inflating: lib/python3.11/test/test_asyncio/__pycache__/test_selector_events.cpython-311.opt-1.pyc
  inflating: lib/python3.11/test/test_asyncio/__pycache__/test_base_events.cpython-311.opt-2.pyc
  inflating: lib/python3.11/test/test_asyncio/__pycache__/test_unix_events.cpython-311.opt-2.pyc
  inflating: lib/python3.11/test/test_asyncio/__pycache__/test_events.cpython-311.opt-2.pyc
  inflating: lib/python3.11/test/test_asyncio/__pycache__/test_queues.cpython-311.pyc
  inflating: lib/python3.11/test/test_asyncio/__pycache__/test_locks.cpython-311.opt-2.pyc
  inflating: lib/python3.11/test/test_asyncio/__pycache__/test_proactor_events.cpython-311.opt-1.pyc
  inflating: lib/python3.11/test/test_asyncio/__pycache__/echo2.cpython-311.opt-2.pyc
  inflating: lib/python3.11/test/test_asyncio/__pycache__/test_transports.cpython-311.pyc
  inflating: lib/python3.11/test/test_asyncio/__pycache__/test_windows_utils.cpython-311.pyc
  inflating: lib/python3.11/test/test_asyncio/__pycache__/test_windows_utils.cpython-311.opt-2.pyc
  inflating: lib/python3.11/test/test_asyncio/__pycache__/test_context.cpython-311.pyc
  inflating: lib/python3.11/test/test_asyncio/__pycache__/test_server.cpython-311.pyc
  inflating: lib/python3.11/test/test_asyncio/__pycache__/__main__.cpython-311.pyc
  inflating: lib/python3.11/test/test_asyncio/__pycache__/test_waitfor.cpython-311.opt-1.pyc
  inflating: lib/python3.11/test/test_asyncio/__pycache__/echo3.cpython-311.pyc
  inflating: lib/python3.11/test/test_asyncio/__pycache__/test_unix_events.cpython-311.pyc
  inflating: lib/python3.11/test/test_asyncio/__pycache__/test_sendfile.cpython-311.opt-2.pyc
  inflating: lib/python3.11/test/test_asyncio/__pycache__/functional.cpython-311.opt-2.pyc
  inflating: lib/python3.11/test/test_asyncio/__pycache__/test_streams.cpython-311.opt-1.pyc
  inflating: lib/python3.11/test/test_asyncio/__pycache__/test_timeouts.cpython-311.opt-1.pyc
  inflating: lib/python3.11/test/test_asyncio/__pycache__/test_futures2.cpython-311.pyc
  inflating: lib/python3.11/test/test_asyncio/__pycache__/test_ssl.cpython-311.opt-1.pyc
  inflating: lib/python3.11/test/test_asyncio/__pycache__/test_proactor_events.cpython-311.opt-2.pyc
  inflating: lib/python3.11/test/test_asyncio/__pycache__/functional.cpython-311.pyc
  inflating: lib/python3.11/test/test_asyncio/__pycache__/test_taskgroups.cpython-311.pyc
  inflating: lib/python3.11/test/test_asyncio/__pycache__/test_windows_events.cpython-311.opt-2.pyc
  inflating: lib/python3.11/test/test_asyncio/__pycache__/utils.cpython-311.opt-2.pyc
  inflating: lib/python3.11/test/test_asyncio/__pycache__/echo.cpython-311.opt-2.pyc
  inflating: lib/python3.11/test/test_asyncio/__pycache__/test_waitfor.cpython-311.pyc
  inflating: lib/python3.11/test/test_asyncio/test_server.py
  inflating: lib/python3.11/test/test_asyncio/utils.py
  inflating: lib/python3.11/test/test_asyncio/test_protocols.py
  inflating: lib/python3.11/test/test_asyncio/test_windows_events.py
  inflating: lib/python3.11/test/test_asyncio/test_pep492.py
  inflating: lib/python3.11/test/test_asyncio/functional.py
  inflating: lib/python3.11/test/test_xxtestfuzz.py
  inflating: lib/python3.11/test/test_with.py
  inflating: lib/python3.11/test/test_doctest2.txt
  inflating: lib/python3.11/test/test_tabnanny.py
  inflating: lib/python3.11/test/test_poll.py
  inflating: lib/python3.11/test/test__locale.py
  inflating: lib/python3.11/test/test_urllib2net.py
  inflating: lib/python3.11/test/ann_module5.py
  inflating: lib/python3.11/test/badsyntax_future4.py
  inflating: lib/python3.11/test/test_difflib.py
  inflating: lib/python3.11/test/test_sys.py
  inflating: lib/python3.11/test/nokia.pem
  inflating: lib/python3.11/test/imp_dummy.py
  inflating: lib/python3.11/test/regrtest.py
  inflating: lib/python3.11/test/test_unicode.py
  inflating: lib/python3.11/test/badsyntax_future5.py
  inflating: lib/python3.11/test/test_longexp.py
  inflating: lib/python3.11/test/xmltestdata/simple.xml
  inflating: lib/python3.11/test/xmltestdata/c14n-20/out_inC14N3_c14nPrefix.xml
  inflating: lib/python3.11/test/xmltestdata/c14n-20/out_inNsContent_c14nDefault.xml
  inflating: lib/python3.11/test/xmltestdata/c14n-20/out_inC14N1_c14nDefault.xml
  inflating: lib/python3.11/test/xmltestdata/c14n-20/out_inNsXml_c14nQname.xml
  inflating: lib/python3.11/test/xmltestdata/c14n-20/c14nTrim.xml
  inflating: lib/python3.11/test/xmltestdata/c14n-20/out_inNsSort_c14nDefault.xml
  inflating: lib/python3.11/test/xmltestdata/c14n-20/inNsDefault.xml
  inflating: lib/python3.11/test/xmltestdata/c14n-20/out_inNsContent_c14nQnameElem.xml
  inflating: lib/python3.11/test/xmltestdata/c14n-20/doc.xsl
  inflating: lib/python3.11/test/xmltestdata/c14n-20/inNsPushdown.xml
  inflating: lib/python3.11/test/xmltestdata/c14n-20/out_inNsSuperfluous_c14nDefault.xml
  inflating: lib/python3.11/test/xmltestdata/c14n-20/c14nPrefix.xml
  inflating: lib/python3.11/test/xmltestdata/c14n-20/out_inNsContent_c14nQnameXpathElem.xml
  inflating: lib/python3.11/test/xmltestdata/c14n-20/out_inNsRedecl_c14nDefault.xml
  inflating: lib/python3.11/test/xmltestdata/c14n-20/out_inNsSort_c14nPrefix.xml
  inflating: lib/python3.11/test/xmltestdata/c14n-20/inC14N4.xml
  inflating: lib/python3.11/test/xmltestdata/c14n-20/c14nQname.xml
  inflating: lib/python3.11/test/xmltestdata/c14n-20/world.txt
  inflating: lib/python3.11/test/xmltestdata/c14n-20/out_inNsDefault_c14nPrefix.xml
  inflating: lib/python3.11/test/xmltestdata/c14n-20/inNsRedecl.xml
  inflating: lib/python3.11/test/xmltestdata/c14n-20/c14nPrefixQname.xml
  inflating: lib/python3.11/test/xmltestdata/c14n-20/inNsSort.xml
  inflating: lib/python3.11/test/xmltestdata/c14n-20/inC14N5.xml
  inflating: lib/python3.11/test/xmltestdata/c14n-20/out_inC14N2_c14nTrim.xml
  inflating: lib/python3.11/test/xmltestdata/c14n-20/out_inNsRedecl_c14nPrefix.xml
  inflating: lib/python3.11/test/xmltestdata/c14n-20/inNsXml.xml
  inflating: lib/python3.11/test/xmltestdata/c14n-20/README
  inflating: lib/python3.11/test/xmltestdata/c14n-20/inC14N1.xml
  inflating: lib/python3.11/test/xmltestdata/c14n-20/out_inC14N4_c14nTrim.xml
  inflating: lib/python3.11/test/xmltestdata/c14n-20/out_inNsPushdown_c14nDefault.xml
  inflating: lib/python3.11/test/xmltestdata/c14n-20/c14nPrefixQnameXpathElem.xml
  inflating: lib/python3.11/test/xmltestdata/c14n-20/c14nDefault.xml
  inflating: lib/python3.11/test/xmltestdata/c14n-20/out_inNsSuperfluous_c14nPrefix.xml
  inflating: lib/python3.11/test/xmltestdata/c14n-20/c14nQnameXpathElem.xml
  inflating: lib/python3.11/test/xmltestdata/c14n-20/out_inC14N4_c14nDefault.xml
  inflating: lib/python3.11/test/xmltestdata/c14n-20/c14nQnameElem.xml
  inflating: lib/python3.11/test/xmltestdata/c14n-20/out_inNsContent_c14nPrefixQnameXpathElem.xml
  inflating: lib/python3.11/test/xmltestdata/c14n-20/out_inC14N3_c14nDefault.xml
  inflating: lib/python3.11/test/xmltestdata/c14n-20/out_inC14N5_c14nDefault.xml
  inflating: lib/python3.11/test/xmltestdata/c14n-20/inC14N2.xml
  inflating: lib/python3.11/test/xmltestdata/c14n-20/out_inNsXml_c14nDefault.xml
  inflating: lib/python3.11/test/xmltestdata/c14n-20/out_inC14N1_c14nComment.xml
  inflating: lib/python3.11/test/xmltestdata/c14n-20/inNsSuperfluous.xml
  inflating: lib/python3.11/test/xmltestdata/c14n-20/c14nComment.xml
  inflating: lib/python3.11/test/xmltestdata/c14n-20/out_inNsPushdown_c14nPrefix.xml
  inflating: lib/python3.11/test/xmltestdata/c14n-20/inNsContent.xml
  inflating: lib/python3.11/test/xmltestdata/c14n-20/inC14N6.xml
  inflating: lib/python3.11/test/xmltestdata/c14n-20/inC14N3.xml
  inflating: lib/python3.11/test/xmltestdata/c14n-20/out_inC14N2_c14nDefault.xml
  inflating: lib/python3.11/test/xmltestdata/c14n-20/doc.dtd
  inflating: lib/python3.11/test/xmltestdata/c14n-20/out_inNsXml_c14nPrefixQname.xml
  inflating: lib/python3.11/test/xmltestdata/c14n-20/out_inNsXml_c14nPrefix.xml
  inflating: lib/python3.11/test/xmltestdata/c14n-20/out_inC14N5_c14nTrim.xml
  inflating: lib/python3.11/test/xmltestdata/c14n-20/out_inC14N6_c14nDefault.xml
  inflating: lib/python3.11/test/xmltestdata/c14n-20/out_inNsDefault_c14nDefault.xml
  inflating: lib/python3.11/test/xmltestdata/c14n-20/out_inC14N3_c14nTrim.xml
  inflating: lib/python3.11/test/xmltestdata/test.xml
  inflating: lib/python3.11/test/xmltestdata/test.xml.out
  inflating: lib/python3.11/test/xmltestdata/simple-ns.xml
  inflating: lib/python3.11/test/xmltestdata/expat224_utf8_bug.xml
  inflating: lib/python3.11/test/test_httplib.py
  inflating: lib/python3.11/test/test_pulldom.py
  inflating: lib/python3.11/test/test_reprlib.py
  inflating: lib/python3.11/test/future_test1.py
  inflating: lib/python3.11/test/test_types.py
  inflating: lib/python3.11/test/test_genericpath.py
  inflating: lib/python3.11/test/doctest_lineno.py
  inflating: lib/python3.11/test/test_imghdr.py
  inflating: lib/python3.11/test/test_smtplib.py
  inflating: lib/python3.11/test/pyclbr_input.py
  inflating: lib/python3.11/test/test_popen.py
  inflating: lib/python3.11/test/test_source_encoding.py
  inflating: lib/python3.11/test/test_asynchat.py
  inflating: lib/python3.11/test/test_timeit.py
  inflating: lib/python3.11/test/test_robotparser.py
  inflating: lib/python3.11/test/test_codecmaps_tw.py
  inflating: lib/python3.11/test/test_fcntl.py
  inflating: lib/python3.11/test/test__opcode.py
  inflating: lib/python3.11/test/_test_embed_set_config.py
  inflating: lib/python3.11/test/test_generators.py
  inflating: lib/python3.11/test/test_ensurepip.py
  inflating: lib/python3.11/test/randv3.pck
  inflating: lib/python3.11/test/test_mimetypes.py
  inflating: lib/python3.11/test/test_configparser.py
  inflating: lib/python3.11/test/sndhdrdata/sndhdr.aiff
  inflating: lib/python3.11/test/sndhdrdata/sndhdr.wav
  inflating: lib/python3.11/test/sndhdrdata/sndhdr.au
  inflating: lib/python3.11/test/sndhdrdata/sndhdr.voc
  inflating: lib/python3.11/test/sndhdrdata/README
  inflating: lib/python3.11/test/sndhdrdata/sndhdr.aifc
  inflating: lib/python3.11/test/sndhdrdata/sndhdr.sndt
  inflating: lib/python3.11/test/sndhdrdata/sndhdr.8svx
  inflating: lib/python3.11/test/sndhdrdata/sndhdr.hcom
  inflating: lib/python3.11/test/_test_atexit.py
  inflating: lib/python3.11/test/audiodata/pluck-pcm24.au
  inflating: lib/python3.11/test/audiodata/pluck-pcm8.wav
  inflating: lib/python3.11/test/audiodata/pluck-pcm8.aiff
  inflating: lib/python3.11/test/audiodata/pluck-pcm32.aiff
  inflating: lib/python3.11/test/audiodata/pluck-pcm8.au
  inflating: lib/python3.11/test/audiodata/pluck-ulaw.aifc
  inflating: lib/python3.11/test/audiodata/pluck-pcm24.wav
  inflating: lib/python3.11/test/audiodata/pluck-pcm24.aiff
  inflating: lib/python3.11/test/audiodata/pluck-pcm16.wav
  inflating: lib/python3.11/test/audiodata/pluck-ulaw.au
  inflating: lib/python3.11/test/audiodata/pluck-pcm16.au
  inflating: lib/python3.11/test/audiodata/pluck-pcm32.wav
  inflating: lib/python3.11/test/audiodata/pluck-pcm32.au
  inflating: lib/python3.11/test/audiodata/pluck-alaw.aifc
  inflating: lib/python3.11/test/audiodata/pluck-pcm16.aiff
  inflating: lib/python3.11/test/test_doctest2.py
  inflating: lib/python3.11/test/test_utf8source.py
  inflating: lib/python3.11/test/relimport.py
  inflating: lib/python3.11/test/test_winconsoleio.py
  inflating: lib/python3.11/test/test_xml_etree_c.py
  inflating: lib/python3.11/test/ann_module3.py
  inflating: lib/python3.11/test/test_ttk_guionly.py
  inflating: lib/python3.11/test/test_lzma.py
  inflating: lib/python3.11/test/inspect_stringized_annotations.py
  inflating: lib/python3.11/test/test_binascii.py
  inflating: lib/python3.11/test/test_operator.py
  inflating: lib/python3.11/test/test_difflib_expect.html
  inflating: lib/python3.11/test/test_pstats.py
  inflating: lib/python3.11/test/test_site.py
  inflating: lib/python3.11/test/test_itertools.py
  inflating: lib/python3.11/test/test_pwd.py
  inflating: lib/python3.11/test/test_base64.py
  inflating: lib/python3.11/test/test_distutils.py
  inflating: lib/python3.11/test/test_frozen.py
  inflating: lib/python3.11/test/ssl_cert.pem
  inflating: lib/python3.11/test/bad_coding.py
  inflating: lib/python3.11/test/dataclass_module_2.py
  inflating: lib/python3.11/test/test_cmd_line.py
  inflating: lib/python3.11/test/selfsigned_pythontestdotnet.pem
  inflating: lib/python3.11/test/keycert.passwd.pem
  inflating: lib/python3.11/test/dataclass_module_1_str.py
  inflating: lib/python3.11/test/test_py_compile.py
  inflating: lib/python3.11/test/test_index.py
  inflating: lib/python3.11/test/badsyntax_future3.py
  inflating: lib/python3.11/test/test_compare.py
  inflating: lib/python3.11/test/test_iter.py
  inflating: lib/python3.11/test/test_file_eintr.py
  inflating: lib/python3.11/test/bad_getattr3.py
  inflating: lib/python3.11/test/ann_module7.py
  inflating: lib/python3.11/test/test_bool.py
  inflating: lib/python3.11/test/test_dict.py
  inflating: lib/python3.11/test/test_shlex.py
  inflating: lib/python3.11/test/test_isinstance.py
  inflating: lib/python3.11/test/test_ssl.py
  inflating: lib/python3.11/test/test_int_literal.py
  inflating: lib/python3.11/test/test_largefile.py
  inflating: lib/python3.11/test/test_cppext.py
  inflating: lib/python3.11/test/final_b.py
  inflating: lib/python3.11/test/test_idle.py
  inflating: lib/python3.11/test/cfgparser.3
  inflating: lib/python3.11/test/test_threading.py
  inflating: lib/python3.11/test/test_uu.py
  inflating: lib/python3.11/test/test_curses.py
  inflating: lib/python3.11/test/test_uuid.py
  inflating: lib/python3.11/test/test_asyncgen.py
  inflating: lib/python3.11/test/test_format.py
  inflating: lib/python3.11/test/test_xml_dom_minicompat.py
  inflating: lib/python3.11/test/test_memoryview.py
  inflating: lib/python3.11/test/test_heapq.py
  inflating: lib/python3.11/test/test_codecmaps_cn.py
  inflating: lib/python3.11/test/test_dynamicclassattribute.py
  inflating: lib/python3.11/test/test_clinic.py
  inflating: lib/python3.11/test/test_unparse.py
  inflating: lib/python3.11/test/test_profile.py
  inflating: lib/python3.11/test/test_strptime.py
  inflating: lib/python3.11/test/test_cprofile.py
  inflating: lib/python3.11/test/test_structmembers.py
  inflating: lib/python3.11/test/test_except_star.py
  inflating: lib/python3.11/test/test_range.py
  inflating: lib/python3.11/test/test_float.py
  inflating: lib/python3.11/test/test_coroutines.py
  inflating: lib/python3.11/test/test_cmd.py
  inflating: lib/python3.11/test/test_audit.py
  inflating: lib/python3.11/test/test_json/test_recursion.py
  inflating: lib/python3.11/test/test_json/test_speedups.py
  inflating: lib/python3.11/test/test_json/test_scanstring.py
  inflating: lib/python3.11/test/test_json/__main__.py
  inflating: lib/python3.11/test/test_json/__init__.py
  inflating: lib/python3.11/test/test_json/test_pass3.py
  inflating: lib/python3.11/test/test_json/test_pass1.py
  inflating: lib/python3.11/test/test_json/test_dump.py
  inflating: lib/python3.11/test/test_json/test_decode.py
  inflating: lib/python3.11/test/test_json/test_encode_basestring_ascii.py
  inflating: lib/python3.11/test/test_json/test_unicode.py
  inflating: lib/python3.11/test/test_json/test_indent.py
  inflating: lib/python3.11/test/test_json/test_fail.py
  inflating: lib/python3.11/test/test_json/test_tool.py
  inflating: lib/python3.11/test/test_json/test_float.py
  inflating: lib/python3.11/test/test_json/test_separators.py
  inflating: lib/python3.11/test/test_json/__pycache__/test_float.cpython-311.opt-2.pyc
  inflating: lib/python3.11/test/test_json/__pycache__/test_decode.cpython-311.opt-2.pyc
  inflating: lib/python3.11/test/test_json/__pycache__/test_decode.cpython-311.pyc
  inflating: lib/python3.11/test/test_json/__pycache__/test_pass3.cpython-311.opt-2.pyc
  inflating: lib/python3.11/test/test_json/__pycache__/test_unicode.cpython-311.opt-2.pyc
  inflating: lib/python3.11/test/test_json/__pycache__/test_scanstring.cpython-311.opt-2.pyc
  inflating: lib/python3.11/test/test_json/__pycache__/test_speedups.cpython-311.opt-1.pyc
  inflating: lib/python3.11/test/test_json/__pycache__/test_tool.cpython-311.opt-2.pyc
  inflating: lib/python3.11/test/test_json/__pycache__/test_fail.cpython-311.opt-2.pyc
  inflating: lib/python3.11/test/test_json/__pycache__/test_enum.cpython-311.opt-2.pyc
  inflating: lib/python3.11/test/test_json/__pycache__/test_indent.cpython-311.opt-2.pyc
  inflating: lib/python3.11/test/test_json/__pycache__/__init__.cpython-311.opt-1.pyc
  inflating: lib/python3.11/test/test_json/__pycache__/test_speedups.cpython-311.opt-2.pyc
  inflating: lib/python3.11/test/test_json/__pycache__/test_tool.cpython-311.opt-1.pyc
  inflating: lib/python3.11/test/test_json/__pycache__/test_pass3.cpython-311.pyc
  inflating: lib/python3.11/test/test_json/__pycache__/__main__.cpython-311.opt-1.pyc
  inflating: lib/python3.11/test/test_json/__pycache__/test_scanstring.cpython-311.opt-1.pyc
  inflating: lib/python3.11/test/test_json/__pycache__/test_enum.cpython-311.pyc
  inflating: lib/python3.11/test/test_json/__pycache__/test_pass2.cpython-311.opt-1.pyc
  inflating: lib/python3.11/test/test_json/__pycache__/test_speedups.cpython-311.pyc
  inflating: lib/python3.11/test/test_json/__pycache__/__init__.cpython-311.pyc
  inflating: lib/python3.11/test/test_json/__pycache__/test_default.cpython-311.opt-1.pyc
  inflating: lib/python3.11/test/test_json/__pycache__/test_fail.cpython-311.pyc
  inflating: lib/python3.11/test/test_json/__pycache__/test_dump.cpython-311.opt-1.pyc
  inflating: lib/python3.11/test/test_json/__pycache__/test_float.cpython-311.pyc
  inflating: lib/python3.11/test/test_json/__pycache__/test_dump.cpython-311.pyc
  inflating: lib/python3.11/test/test_json/__pycache__/test_tool.cpython-311.pyc
  inflating: lib/python3.11/test/test_json/__pycache__/test_default.cpython-311.pyc
  inflating: lib/python3.11/test/test_json/__pycache__/test_pass3.cpython-311.opt-1.pyc
  inflating: lib/python3.11/test/test_json/__pycache__/test_separators.cpython-311.opt-2.pyc
  inflating: lib/python3.11/test/test_json/__pycache__/test_encode_basestring_ascii.cpython-311.pyc
  inflating: lib/python3.11/test/test_json/__pycache__/test_unicode.cpython-311.opt-1.pyc
  inflating: lib/python3.11/test/test_json/__pycache__/test_pass2.cpython-311.pyc
  inflating: lib/python3.11/test/test_json/__pycache__/test_pass1.cpython-311.pyc
  inflating: lib/python3.11/test/test_json/__pycache__/test_indent.cpython-311.opt-1.pyc
  inflating: lib/python3.11/test/test_json/__pycache__/__main__.cpython-311.opt-2.pyc
  inflating: lib/python3.11/test/test_json/__pycache__/test_unicode.cpython-311.pyc
  inflating: lib/python3.11/test/test_json/__pycache__/test_float.cpython-311.opt-1.pyc
  inflating: lib/python3.11/test/test_json/__pycache__/__init__.cpython-311.opt-2.pyc
  inflating: lib/python3.11/test/test_json/__pycache__/test_scanstring.cpython-311.pyc
  inflating: lib/python3.11/test/test_json/__pycache__/test_separators.cpython-311.pyc
  inflating: lib/python3.11/test/test_json/__pycache__/test_pass2.cpython-311.opt-2.pyc
  inflating: lib/python3.11/test/test_json/__pycache__/test_recursion.cpython-311.opt-1.pyc
  inflating: lib/python3.11/test/test_json/__pycache__/test_encode_basestring_ascii.cpython-311.opt-2.pyc
  inflating: lib/python3.11/test/test_json/__pycache__/test_pass1.cpython-311.opt-1.pyc
  inflating: lib/python3.11/test/test_json/__pycache__/test_separators.cpython-311.opt-1.pyc
  inflating: lib/python3.11/test/test_json/__pycache__/__main__.cpython-311.pyc
  inflating: lib/python3.11/test/test_json/__pycache__/test_enum.cpython-311.opt-1.pyc
  inflating: lib/python3.11/test/test_json/__pycache__/test_recursion.cpython-311.opt-2.pyc
  inflating: lib/python3.11/test/test_json/__pycache__/test_dump.cpython-311.opt-2.pyc
  inflating: lib/python3.11/test/test_json/__pycache__/test_default.cpython-311.opt-2.pyc
  inflating: lib/python3.11/test/test_json/__pycache__/test_fail.cpython-311.opt-1.pyc
  inflating: lib/python3.11/test/test_json/__pycache__/test_decode.cpython-311.opt-1.pyc
  inflating: lib/python3.11/test/test_json/__pycache__/test_indent.cpython-311.pyc
  inflating: lib/python3.11/test/test_json/__pycache__/test_pass1.cpython-311.opt-2.pyc
  inflating: lib/python3.11/test/test_json/__pycache__/test_encode_basestring_ascii.cpython-311.opt-1.pyc
  inflating: lib/python3.11/test/test_json/__pycache__/test_recursion.cpython-311.pyc
  inflating: lib/python3.11/test/test_json/test_enum.py
  inflating: lib/python3.11/test/test_json/test_default.py
  inflating: lib/python3.11/test/test_json/test_pass2.py
  inflating: lib/python3.11/test/test_hash.py
  inflating: lib/python3.11/test/test_subprocess.py
  inflating: lib/python3.11/test/__pycache__/test_code_module.cpython-311.opt-1.pyc
  inflating: lib/python3.11/test/__pycache__/test_stat.cpython-311.opt-1.pyc
  inflating: lib/python3.11/test/__pycache__/test_cppext.cpython-311.pyc
  inflating: lib/python3.11/test/__pycache__/pydoc_mod.cpython-311.opt-2.pyc
  inflating: lib/python3.11/test/__pycache__/test_zipimport_support.cpython-311.opt-1.pyc
  inflating: lib/python3.11/test/__pycache__/test_dbm_dumb.cpython-311.pyc
  inflating: lib/python3.11/test/__pycache__/test__osx_support.cpython-311.pyc
  inflating: lib/python3.11/test/__pycache__/test_osx_env.cpython-311.pyc
  inflating: lib/python3.11/test/__pycache__/test_module.cpython-311.opt-1.pyc
  inflating: lib/python3.11/test/__pycache__/test_stringprep.cpython-311.pyc
  inflating: lib/python3.11/test/__pycache__/test_lltrace.cpython-311.opt-1.pyc
  inflating: lib/python3.11/test/__pycache__/xmltests.cpython-311.opt-1.pyc
  inflating: lib/python3.11/test/__pycache__/test_struct.cpython-311.opt-1.pyc
  inflating: lib/python3.11/test/__pycache__/mock_socket.cpython-311.opt-2.pyc
  inflating: lib/python3.11/test/__pycache__/test_traceback.cpython-311.opt-2.pyc
  inflating: lib/python3.11/test/__pycache__/audit-tests.cpython-311.pyc
  inflating: lib/python3.11/test/__pycache__/test_urllib2_localnet.cpython-311.pyc
  inflating: lib/python3.11/test/__pycache__/test_memoryview.cpython-311.pyc
  inflating: lib/python3.11/test/__pycache__/test_time.cpython-311.pyc
  inflating: lib/python3.11/test/__pycache__/test_wsgiref.cpython-311.pyc
  inflating: lib/python3.11/test/__pycache__/test_complex.cpython-311.pyc
  inflating: lib/python3.11/test/__pycache__/re_tests.cpython-311.pyc
  inflating: lib/python3.11/test/__pycache__/test_marshal.cpython-311.opt-2.pyc
  inflating: lib/python3.11/test/__pycache__/autotest.cpython-311.opt-2.pyc
  inflating: lib/python3.11/test/__pycache__/test_finalization.cpython-311.pyc
  inflating: lib/python3.11/test/__pycache__/test_aifc.cpython-311.opt-1.pyc
  inflating: lib/python3.11/test/__pycache__/test_float.cpython-311.opt-2.pyc
  inflating: lib/python3.11/test/__pycache__/test_urllib2net.cpython-311.opt-2.pyc
  inflating: lib/python3.11/test/__pycache__/test_baseexception.cpython-311.pyc
  inflating: lib/python3.11/test/__pycache__/_test_multiprocessing.cpython-311.opt-1.pyc
  inflating: lib/python3.11/test/__pycache__/test_type_annotations.cpython-311.pyc
  inflating: lib/python3.11/test/__pycache__/test_csv.cpython-311.opt-1.pyc
  inflating: lib/python3.11/test/__pycache__/_test_venv_multiprocessing.cpython-311.opt-2.pyc
  inflating: lib/python3.11/test/__pycache__/test_dict.cpython-311.opt-2.pyc
  inflating: lib/python3.11/test/__pycache__/test_opcache.cpython-311.opt-2.pyc
  inflating: lib/python3.11/test/__pycache__/_test_multiprocessing.cpython-311.opt-2.pyc
  inflating: lib/python3.11/test/__pycache__/test_atexit.cpython-311.opt-2.pyc
  inflating: lib/python3.11/test/__pycache__/test_secrets.cpython-311.opt-1.pyc
  inflating: lib/python3.11/test/__pycache__/test_queue.cpython-311.opt-1.pyc
  inflating: lib/python3.11/test/__pycache__/test_httplib.cpython-311.pyc
  inflating: lib/python3.11/test/__pycache__/test_selectors.cpython-311.opt-2.pyc
  inflating: lib/python3.11/test/__pycache__/test_keyword.cpython-311.opt-1.pyc
  inflating: lib/python3.11/test/__pycache__/test_dbm_dumb.cpython-311.opt-2.pyc
  inflating: lib/python3.11/test/__pycache__/test_except_star.cpython-311.opt-2.pyc
  inflating: lib/python3.11/test/__pycache__/test_pickle.cpython-311.opt-1.pyc
  inflating: lib/python3.11/test/__pycache__/test_secrets.cpython-311.pyc
  inflating: lib/python3.11/test/__pycache__/test_frame.cpython-311.opt-1.pyc
  inflating: lib/python3.11/test/__pycache__/test_builtin.cpython-311.opt-2.pyc
  inflating: lib/python3.11/test/__pycache__/test_codecencodings_iso2022.cpython-311.opt-2.pyc
  inflating: lib/python3.11/test/__pycache__/test_class.cpython-311.pyc
  inflating: lib/python3.11/test/__pycache__/bad_getattr3.cpython-311.opt-1.pyc
  inflating: lib/python3.11/test/__pycache__/test_profile.cpython-311.pyc
  inflating: lib/python3.11/test/__pycache__/pydocfodder.cpython-311.opt-2.pyc
  inflating: lib/python3.11/test/__pycache__/test_py_compile.cpython-311.opt-2.pyc
  inflating: lib/python3.11/test/__pycache__/test_trace.cpython-311.opt-1.pyc
  inflating: lib/python3.11/test/__pycache__/test_fork1.cpython-311.opt-1.pyc
  inflating: lib/python3.11/test/__pycache__/test_exception_group.cpython-311.opt-1.pyc
  inflating: lib/python3.11/test/__pycache__/multibytecodec_support.cpython-311.pyc
  inflating: lib/python3.11/test/__pycache__/test_select.cpython-311.opt-1.pyc
  inflating: lib/python3.11/test/__pycache__/test_profile.cpython-311.opt-1.pyc
  inflating: lib/python3.11/test/__pycache__/test_bool.cpython-311.opt-2.pyc
  inflating: lib/python3.11/test/__pycache__/test_shlex.cpython-311.opt-1.pyc
  inflating: lib/python3.11/test/__pycache__/test_asdl_parser.cpython-311.pyc
  inflating: lib/python3.11/test/__pycache__/test_threading_local.cpython-311.opt-1.pyc
  inflating: lib/python3.11/test/__pycache__/test_stringprep.cpython-311.opt-1.pyc
  inflating: lib/python3.11/test/__pycache__/test_pyclbr.cpython-311.opt-2.pyc
  inflating: lib/python3.11/test/__pycache__/test_decimal.cpython-311.pyc
  inflating: lib/python3.11/test/__pycache__/test_codeccallbacks.cpython-311.pyc
  inflating: lib/python3.11/test/__pycache__/string_tests.cpython-311.pyc
  inflating: lib/python3.11/test/__pycache__/test_fileutils.cpython-311.opt-2.pyc
  inflating: lib/python3.11/test/__pycache__/test_threading_local.cpython-311.pyc
  inflating: lib/python3.11/test/__pycache__/double_const.cpython-311.opt-1.pyc
  inflating: lib/python3.11/test/__pycache__/test_longexp.cpython-311.opt-2.pyc
  inflating: lib/python3.11/test/__pycache__/test_memoryview.cpython-311.opt-1.pyc
  inflating: lib/python3.11/test/__pycache__/bisect_cmd.cpython-311.opt-1.pyc
  inflating: lib/python3.11/test/__pycache__/test_base64.cpython-311.opt-2.pyc
  inflating: lib/python3.11/test/__pycache__/seq_tests.cpython-311.opt-1.pyc
  inflating: lib/python3.11/test/__pycache__/test_asyncgen.cpython-311.pyc
  inflating: lib/python3.11/test/__pycache__/test_array.cpython-311.opt-1.pyc
  inflating: lib/python3.11/test/__pycache__/test_userstring.cpython-311.opt-1.pyc
  inflating: lib/python3.11/test/__pycache__/test_logging.cpython-311.pyc
  inflating: lib/python3.11/test/__pycache__/test_charmapcodec.cpython-311.opt-2.pyc
  inflating: lib/python3.11/test/__pycache__/test_code.cpython-311.opt-2.pyc
  inflating: lib/python3.11/test/__pycache__/test_threading.cpython-311.opt-1.pyc
  inflating: lib/python3.11/test/__pycache__/inspect_stock_annotations.cpython-311.pyc
  inflating: lib/python3.11/test/__pycache__/test_pprint.cpython-311.opt-1.pyc
  inflating: lib/python3.11/test/__pycache__/test_audioop.cpython-311.opt-1.pyc
  inflating: lib/python3.11/test/__pycache__/test_turtle.cpython-311.pyc
  inflating: lib/python3.11/test/__pycache__/final_a.cpython-311.opt-1.pyc
  inflating: lib/python3.11/test/__pycache__/test_tuple.cpython-311.pyc
  inflating: lib/python3.11/test/__pycache__/test_cmd_line.cpython-311.opt-1.pyc
  inflating: lib/python3.11/test/__pycache__/test_pkgutil.cpython-311.opt-1.pyc
  inflating: lib/python3.11/test/__pycache__/test_winconsoleio.cpython-311.opt-2.pyc
  inflating: lib/python3.11/test/__pycache__/future_test1.cpython-311.pyc
  inflating: lib/python3.11/test/__pycache__/test_argparse.cpython-311.opt-2.pyc
  inflating: lib/python3.11/test/__pycache__/test_pydoc.cpython-311.pyc
  inflating: lib/python3.11/test/__pycache__/test_fstring.cpython-311.opt-2.pyc
  inflating: lib/python3.11/test/__pycache__/test_bigmem.cpython-311.opt-2.pyc
  inflating: lib/python3.11/test/__pycache__/test_named_expressions.cpython-311.pyc
  inflating: lib/python3.11/test/__pycache__/test_generators.cpython-311.opt-1.pyc
  inflating: lib/python3.11/test/__pycache__/test_unicode.cpython-311.opt-2.pyc
  inflating: lib/python3.11/test/__pycache__/test_codecmaps_jp.cpython-311.opt-1.pyc
  inflating: lib/python3.11/test/__pycache__/test_dbm_gnu.cpython-311.opt-2.pyc
  inflating: lib/python3.11/test/__pycache__/test_signal.cpython-311.opt-1.pyc
  inflating: lib/python3.11/test/__pycache__/test_smtpnet.cpython-311.pyc
  inflating: lib/python3.11/test/__pycache__/final_b.cpython-311.opt-1.pyc
  inflating: lib/python3.11/test/__pycache__/test_ttk_guionly.cpython-311.pyc
  inflating: lib/python3.11/test/__pycache__/test_cmd_line_script.cpython-311.opt-2.pyc
  inflating: lib/python3.11/test/__pycache__/test_xml_dom_minicompat.cpython-311.pyc
  inflating: lib/python3.11/test/__pycache__/test_lltrace.cpython-311.pyc
  inflating: lib/python3.11/test/__pycache__/test_codecmaps_hk.cpython-311.opt-1.pyc
  inflating: lib/python3.11/test/__pycache__/test_zlib.cpython-311.pyc
  inflating: lib/python3.11/test/__pycache__/list_tests.cpython-311.opt-2.pyc
  inflating: lib/python3.11/test/__pycache__/test_support.cpython-311.pyc
  inflating: lib/python3.11/test/__pycache__/test_crashers.cpython-311.opt-2.pyc
  inflating: lib/python3.11/test/__pycache__/test_stat.cpython-311.pyc
  inflating: lib/python3.11/test/__pycache__/test_gdb.cpython-311.opt-2.pyc
  inflating: lib/python3.11/test/__pycache__/test_ttk_guionly.cpython-311.opt-1.pyc
  inflating: lib/python3.11/test/__pycache__/test_structseq.cpython-311.opt-2.pyc
  inflating: lib/python3.11/test/__pycache__/dataclass_module_2.cpython-311.opt-1.pyc
  inflating: lib/python3.11/test/__pycache__/test_launcher.cpython-311.opt-1.pyc
  inflating: lib/python3.11/test/__pycache__/test_copy.cpython-311.opt-1.pyc
  inflating: lib/python3.11/test/__pycache__/test_embed.cpython-311.opt-2.pyc
  inflating: lib/python3.11/test/__pycache__/test_lltrace.cpython-311.opt-2.pyc
  inflating: lib/python3.11/test/__pycache__/test_metaclass.cpython-311.pyc
  inflating: lib/python3.11/test/__pycache__/test_dtrace.cpython-311.opt-2.pyc
  inflating: lib/python3.11/test/__pycache__/test_ast.cpython-311.opt-1.pyc
  inflating: lib/python3.11/test/__pycache__/test_unpack.cpython-311.opt-2.pyc
  inflating: lib/python3.11/test/__pycache__/test_code_module.cpython-311.pyc
  inflating: lib/python3.11/test/__pycache__/test_winreg.cpython-311.opt-1.pyc
  inflating: lib/python3.11/test/__pycache__/test_wsgiref.cpython-311.opt-1.pyc
  inflating: lib/python3.11/test/__pycache__/test_hashlib.cpython-311.opt-1.pyc
  inflating: lib/python3.11/test/__pycache__/test_genericclass.cpython-311.opt-2.pyc
  inflating: lib/python3.11/test/__pycache__/test_kqueue.cpython-311.pyc
  inflating: lib/python3.11/test/__pycache__/ann_module2.cpython-311.opt-2.pyc
  inflating: lib/python3.11/test/__pycache__/memory_watchdog.cpython-311.opt-1.pyc
  inflating: lib/python3.11/test/__pycache__/reperf.cpython-311.pyc
  inflating: lib/python3.11/test/__pycache__/test_faulthandler.cpython-311.pyc
  inflating: lib/python3.11/test/__pycache__/bad_getattr3.cpython-311.opt-2.pyc
  inflating: lib/python3.11/test/__pycache__/test_os.cpython-311.opt-1.pyc
  inflating: lib/python3.11/test/__pycache__/double_const.cpython-311.opt-2.pyc
  inflating: lib/python3.11/test/__pycache__/test_asyncgen.cpython-311.opt-1.pyc
  inflating: lib/python3.11/test/__pycache__/_test_embed_structseq.cpython-311.opt-2.pyc
  inflating: lib/python3.11/test/__pycache__/test_http_cookiejar.cpython-311.opt-2.pyc
  inflating: lib/python3.11/test/__pycache__/test_optparse.cpython-311.opt-2.pyc
  inflating: lib/python3.11/test/__pycache__/test_winconsoleio.cpython-311.pyc
  inflating: lib/python3.11/test/__pycache__/sample_doctest.cpython-311.pyc
  inflating: lib/python3.11/test/__pycache__/test_utf8source.cpython-311.opt-1.pyc
  inflating: lib/python3.11/test/__pycache__/test_coroutines.cpython-311.opt-1.pyc
  inflating: lib/python3.11/test/__pycache__/inspect_stringized_annotations.cpython-311.pyc
  inflating: lib/python3.11/test/__pycache__/test_queue.cpython-311.pyc
  inflating: lib/python3.11/test/__pycache__/test_sys.cpython-311.opt-2.pyc
  inflating: lib/python3.11/test/__pycache__/test_fnmatch.cpython-311.pyc
  inflating: lib/python3.11/test/__pycache__/test_exceptions.cpython-311.opt-2.pyc
  inflating: lib/python3.11/test/__pycache__/test_zipfile.cpython-311.pyc
  inflating: lib/python3.11/test/__pycache__/dataclass_module_2.cpython-311.pyc
  inflating: lib/python3.11/test/__pycache__/test_collections.cpython-311.pyc
  inflating: lib/python3.11/test/__pycache__/test_urllibnet.cpython-311.opt-1.pyc
  inflating: lib/python3.11/test/__pycache__/imp_dummy.cpython-311.pyc
  inflating: lib/python3.11/test/__pycache__/test_operator.cpython-311.pyc
  inflating: lib/python3.11/test/__pycache__/test_ntpath.cpython-311.opt-1.pyc
  inflating: lib/python3.11/test/__pycache__/test_nntplib.cpython-311.opt-1.pyc
  inflating: lib/python3.11/test/__pycache__/test_defaultdict.cpython-311.opt-1.pyc
  inflating: lib/python3.11/test/__pycache__/test_shutil.cpython-311.pyc
  inflating: lib/python3.11/test/__pycache__/test_pty.cpython-311.opt-1.pyc
  inflating: lib/python3.11/test/__pycache__/test_devpoll.cpython-311.pyc
  inflating: lib/python3.11/test/__pycache__/test_socket.cpython-311.pyc
  inflating: lib/python3.11/test/__pycache__/test_patma.cpython-311.pyc
  inflating: lib/python3.11/test/__pycache__/test_getargs2.cpython-311.opt-2.pyc
  inflating: lib/python3.11/test/__pycache__/test_cgi.cpython-311.opt-2.pyc
  inflating: lib/python3.11/test/__pycache__/test_getargs2.cpython-311.opt-1.pyc
  inflating: lib/python3.11/test/__pycache__/test_datetime.cpython-311.pyc
  inflating: lib/python3.11/test/__pycache__/test_openpty.cpython-311.opt-2.pyc
  inflating: lib/python3.11/test/__pycache__/test_codecmaps_kr.cpython-311.opt-1.pyc
  inflating: lib/python3.11/test/__pycache__/test_longexp.cpython-311.pyc
  inflating: lib/python3.11/test/__pycache__/test_type_annotations.cpython-311.opt-1.pyc
  inflating: lib/python3.11/test/__pycache__/final_a.cpython-311.pyc
  inflating: lib/python3.11/test/__pycache__/seq_tests.cpython-311.opt-2.pyc
  inflating: lib/python3.11/test/__pycache__/test_lzma.cpython-311.pyc
  inflating: lib/python3.11/test/__pycache__/sample_doctest_no_docstrings.cpython-311.opt-1.pyc
  inflating: lib/python3.11/test/__pycache__/test_defaultdict.cpython-311.opt-2.pyc
  inflating: lib/python3.11/test/__pycache__/list_tests.cpython-311.pyc
  inflating: lib/python3.11/test/__pycache__/test_asyncore.cpython-311.opt-1.pyc
  inflating: lib/python3.11/test/__pycache__/test_imp.cpython-311.opt-2.pyc
  inflating: lib/python3.11/test/__pycache__/test_crashers.cpython-311.opt-1.pyc
  inflating: lib/python3.11/test/__pycache__/test_netrc.cpython-311.opt-1.pyc
  inflating: lib/python3.11/test/__pycache__/test_unicodedata.cpython-311.opt-1.pyc
  inflating: lib/python3.11/test/__pycache__/test_itertools.cpython-311.opt-2.pyc
  inflating: lib/python3.11/test/__pycache__/test_global.cpython-311.pyc
  inflating: lib/python3.11/test/__pycache__/test_html.cpython-311.opt-2.pyc
  inflating: lib/python3.11/test/__pycache__/test_file.cpython-311.pyc
  inflating: lib/python3.11/test/__pycache__/test_rlcompleter.cpython-311.opt-1.pyc
  inflating: lib/python3.11/test/__pycache__/test_html.cpython-311.pyc
  inflating: lib/python3.11/test/__pycache__/test_queue.cpython-311.opt-2.pyc
  inflating: lib/python3.11/test/__pycache__/test_popen.cpython-311.pyc
  inflating: lib/python3.11/test/__pycache__/test__opcode.cpython-311.opt-1.pyc
  inflating: lib/python3.11/test/__pycache__/test_configparser.cpython-311.pyc
  inflating: lib/python3.11/test/__pycache__/test_timeout.cpython-311.pyc
  inflating: lib/python3.11/test/__pycache__/test_univnewlines.cpython-311.opt-1.pyc
  inflating: lib/python3.11/test/__pycache__/test_uuid.cpython-311.pyc
  inflating: lib/python3.11/test/__pycache__/test_bytes.cpython-311.opt-2.pyc
  inflating: lib/python3.11/test/__pycache__/test_xml_etree.cpython-311.opt-2.pyc
  inflating: lib/python3.11/test/__pycache__/test_repl.cpython-311.opt-2.pyc
  inflating: lib/python3.11/test/__pycache__/test_cmath.cpython-311.opt-2.pyc
  inflating: lib/python3.11/test/__pycache__/test_exception_group.cpython-311.opt-2.pyc
  inflating: lib/python3.11/test/__pycache__/test_file_eintr.cpython-311.pyc
  inflating: lib/python3.11/test/__pycache__/doctest_lineno.cpython-311.pyc
  inflating: lib/python3.11/test/__pycache__/ann_module7.cpython-311.opt-1.pyc
  inflating: lib/python3.11/test/__pycache__/test_mailbox.cpython-311.pyc
  inflating: lib/python3.11/test/__pycache__/test_winsound.cpython-311.opt-1.pyc
  inflating: lib/python3.11/test/__pycache__/mod_generics_cache.cpython-311.pyc
  inflating: lib/python3.11/test/__pycache__/coding20731.cpython-311.pyc
  inflating: lib/python3.11/test/__pycache__/test_fileio.cpython-311.opt-1.pyc
  inflating: lib/python3.11/test/__pycache__/test_tempfile.cpython-311.pyc
  inflating: lib/python3.11/test/__pycache__/test_mailbox.cpython-311.opt-1.pyc
  inflating: lib/python3.11/test/__pycache__/bad_getattr.cpython-311.opt-2.pyc
  inflating: lib/python3.11/test/__pycache__/test_quopri.cpython-311.opt-1.pyc
  inflating: lib/python3.11/test/__pycache__/test_syntax.cpython-311.pyc
  inflating: lib/python3.11/test/__pycache__/test_ttk_textonly.cpython-311.opt-2.pyc
  inflating: lib/python3.11/test/__pycache__/test_spwd.cpython-311.pyc
  inflating: lib/python3.11/test/__pycache__/test_patma.cpython-311.opt-2.pyc
  inflating: lib/python3.11/test/__pycache__/coding20731.cpython-311.opt-1.pyc
  inflating: lib/python3.11/test/__pycache__/test_memoryio.cpython-311.opt-2.pyc
  inflating: lib/python3.11/test/__pycache__/test_list.cpython-311.opt-1.pyc
  inflating: lib/python3.11/test/__pycache__/test_codecencodings_tw.cpython-311.opt-2.pyc
  inflating: lib/python3.11/test/__pycache__/test_grp.cpython-311.opt-1.pyc
  inflating: lib/python3.11/test/__pycache__/test__osx_support.cpython-311.opt-1.pyc
  inflating: lib/python3.11/test/__pycache__/test_eof.cpython-311.opt-1.pyc
  inflating: lib/python3.11/test/__pycache__/test_thread.cpython-311.opt-2.pyc
  inflating: lib/python3.11/test/__pycache__/test_getpass.cpython-311.pyc
  inflating: lib/python3.11/test/__pycache__/test_epoll.cpython-311.opt-1.pyc
  inflating: lib/python3.11/test/__pycache__/test_peepholer.cpython-311.pyc
  inflating: lib/python3.11/test/__pycache__/test_math.cpython-311.opt-2.pyc
  inflating: lib/python3.11/test/__pycache__/dis_module.cpython-311.opt-1.pyc
  inflating: lib/python3.11/test/__pycache__/test_httpservers.cpython-311.opt-2.pyc
  inflating: lib/python3.11/test/__pycache__/test_smtpnet.cpython-311.opt-1.pyc
  inflating: lib/python3.11/test/__pycache__/test_opcodes.cpython-311.opt-1.pyc
  inflating: lib/python3.11/test/__pycache__/test_pow.cpython-311.opt-2.pyc
  inflating: lib/python3.11/test/__pycache__/test_richcmp.cpython-311.opt-2.pyc
  inflating: lib/python3.11/test/__pycache__/test_check_c_globals.cpython-311.opt-1.pyc
  inflating: lib/python3.11/test/__pycache__/test_audit.cpython-311.pyc
  inflating: lib/python3.11/test/__pycache__/test__xxsubinterpreters.cpython-311.opt-2.pyc
  inflating: lib/python3.11/test/__pycache__/datetimetester.cpython-311.opt-2.pyc
  inflating: lib/python3.11/test/__pycache__/memory_watchdog.cpython-311.pyc
  inflating: lib/python3.11/test/__pycache__/test_threadsignals.cpython-311.opt-1.pyc
  inflating: lib/python3.11/test/__pycache__/test_thread.cpython-311.opt-1.pyc
  inflating: lib/python3.11/test/__pycache__/test_int_literal.cpython-311.opt-2.pyc
  inflating: lib/python3.11/test/__pycache__/test_threadsignals.cpython-311.pyc
  inflating: lib/python3.11/test/__pycache__/test_pipes.cpython-311.pyc
  inflating: lib/python3.11/test/__pycache__/test_hmac.cpython-311.opt-2.pyc
  inflating: lib/python3.11/test/__pycache__/test_global.cpython-311.opt-2.pyc
  inflating: lib/python3.11/test/__pycache__/double_const.cpython-311.pyc
  inflating: lib/python3.11/test/__pycache__/test_zipimport_support.cpython-311.pyc
  inflating: lib/python3.11/test/__pycache__/ann_module6.cpython-311.opt-1.pyc
  inflating: lib/python3.11/test/__pycache__/test_os.cpython-311.pyc
  inflating: lib/python3.11/test/__pycache__/test_multiprocessing_forkserver.cpython-311.opt-2.pyc
  inflating: lib/python3.11/test/__pycache__/test_lib2to3.cpython-311.opt-1.pyc
  inflating: lib/python3.11/test/__pycache__/test_locale.cpython-311.pyc
  inflating: lib/python3.11/test/__pycache__/test_xmlrpc.cpython-311.pyc
  inflating: lib/python3.11/test/__pycache__/test_zipfile64.cpython-311.opt-2.pyc
  inflating: lib/python3.11/test/__pycache__/test_operator.cpython-311.opt-2.pyc
  inflating: lib/python3.11/test/__pycache__/test__locale.cpython-311.opt-2.pyc
  inflating: lib/python3.11/test/__pycache__/test_urllibnet.cpython-311.opt-2.pyc
  inflating: lib/python3.11/test/__pycache__/test_runpy.cpython-311.pyc
  inflating: lib/python3.11/test/__pycache__/test_unicode_file_functions.cpython-311.opt-1.pyc
  inflating: lib/python3.11/test/__pycache__/ann_module3.cpython-311.pyc
  inflating: lib/python3.11/test/__pycache__/test_utf8source.cpython-311.pyc
  inflating: lib/python3.11/test/__pycache__/test_multiprocessing_fork.cpython-311.opt-2.pyc
  inflating: lib/python3.11/test/__pycache__/test_syslog.cpython-311.pyc
  inflating: lib/python3.11/test/__pycache__/test_keywordonlyarg.cpython-311.opt-1.pyc
  inflating: lib/python3.11/test/__pycache__/test_typing.cpython-311.pyc
  inflating: lib/python3.11/test/__pycache__/test_heapq.cpython-311.opt-1.pyc
  inflating: lib/python3.11/test/__pycache__/test_socketserver.cpython-311.pyc
  inflating: lib/python3.11/test/__pycache__/_test_atexit.cpython-311.pyc
  inflating: lib/python3.11/test/__pycache__/test_tracemalloc.cpython-311.pyc
  inflating: lib/python3.11/test/__pycache__/test_tix.cpython-311.opt-2.pyc
  inflating: lib/python3.11/test/__pycache__/test_reprlib.cpython-311.opt-1.pyc
  inflating: lib/python3.11/test/__pycache__/test_range.cpython-311.opt-1.pyc
  inflating: lib/python3.11/test/__pycache__/test_fnmatch.cpython-311.opt-1.pyc
  inflating: lib/python3.11/test/__pycache__/test_wsgiref.cpython-311.opt-2.pyc
  inflating: lib/python3.11/test/__pycache__/test_wait4.cpython-311.opt-2.pyc
  inflating: lib/python3.11/test/__pycache__/pickletester.cpython-311.opt-1.pyc
  inflating: lib/python3.11/test/__pycache__/test_selectors.cpython-311.pyc
  inflating: lib/python3.11/test/__pycache__/tf_inherit_check.cpython-311.pyc
  inflating: lib/python3.11/test/__pycache__/test_regrtest.cpython-311.opt-2.pyc
  inflating: lib/python3.11/test/__pycache__/test_clinic.cpython-311.pyc
  inflating: lib/python3.11/test/__pycache__/test_unparse.cpython-311.opt-2.pyc
  inflating: lib/python3.11/test/__pycache__/test_imp.cpython-311.opt-1.pyc
  inflating: lib/python3.11/test/__pycache__/test_keyword.cpython-311.pyc
  inflating: lib/python3.11/test/__pycache__/curses_tests.cpython-311.pyc
  inflating: lib/python3.11/test/__pycache__/test_bdb.cpython-311.opt-2.pyc
  inflating: lib/python3.11/test/__pycache__/test_spwd.cpython-311.opt-1.pyc
  inflating: lib/python3.11/test/__pycache__/ann_module3.cpython-311.opt-1.pyc
  inflating: lib/python3.11/test/__pycache__/mp_fork_bomb.cpython-311.opt-2.pyc
  inflating: lib/python3.11/test/__pycache__/test_posix.cpython-311.opt-1.pyc
  inflating: lib/python3.11/test/__pycache__/test_doctest2.cpython-311.opt-1.pyc
  inflating: lib/python3.11/test/__pycache__/dataclass_module_2.cpython-311.opt-2.pyc
  inflating: lib/python3.11/test/__pycache__/mock_socket.cpython-311.pyc
  inflating: lib/python3.11/test/__pycache__/test_sunau.cpython-311.pyc
  inflating: lib/python3.11/test/__pycache__/test_augassign.cpython-311.pyc
  inflating: lib/python3.11/test/__pycache__/test_descrtut.cpython-311.opt-2.pyc
  inflating: lib/python3.11/test/__pycache__/test_string_literals.cpython-311.opt-1.pyc
  inflating: lib/python3.11/test/__pycache__/test_future3.cpython-311.opt-1.pyc
  inflating: lib/python3.11/test/__pycache__/ann_module7.cpython-311.pyc
  inflating: lib/python3.11/test/__pycache__/test_frozen.cpython-311.pyc
  inflating: lib/python3.11/test/__pycache__/test_pty.cpython-311.opt-2.pyc
  inflating: lib/python3.11/test/__pycache__/test_structmembers.cpython-311.opt-1.pyc
  inflating: lib/python3.11/test/__pycache__/test__osx_support.cpython-311.opt-2.pyc
  inflating: lib/python3.11/test/__pycache__/test_subprocess.cpython-311.opt-1.pyc
  inflating: lib/python3.11/test/__pycache__/test_cppext.cpython-311.opt-1.pyc
  inflating: lib/python3.11/test/__pycache__/test_winreg.cpython-311.opt-2.pyc
  inflating: lib/python3.11/test/__pycache__/test_cgitb.cpython-311.pyc
  inflating: lib/python3.11/test/__pycache__/pydoc_mod.cpython-311.opt-1.pyc
  inflating: lib/python3.11/test/__pycache__/test_bufio.cpython-311.opt-2.pyc
  inflating: lib/python3.11/test/__pycache__/test_exception_hierarchy.cpython-311.pyc
  inflating: lib/python3.11/test/__pycache__/tf_inherit_check.cpython-311.opt-1.pyc
  inflating: lib/python3.11/test/__pycache__/test_codecencodings_jp.cpython-311.opt-2.pyc
  inflating: lib/python3.11/test/__pycache__/test_sax.cpython-311.opt-1.pyc
  inflating: lib/python3.11/test/__pycache__/test_bz2.cpython-311.opt-1.pyc
  inflating: lib/python3.11/test/__pycache__/pyclbr_input.cpython-311.opt-1.pyc
  inflating: lib/python3.11/test/__pycache__/test_cmd_line.cpython-311.pyc
  inflating: lib/python3.11/test/__pycache__/test_exception_group.cpython-311.pyc
  inflating: lib/python3.11/test/__pycache__/test_inspect.cpython-311.opt-2.pyc
  inflating: lib/python3.11/test/__pycache__/test_eintr.cpython-311.opt-2.pyc
  inflating: lib/python3.11/test/__pycache__/test_colorsys.cpython-311.pyc
  inflating: lib/python3.11/test/__pycache__/test_select.cpython-311.pyc
  inflating: lib/python3.11/test/__pycache__/test_concurrent_futures.cpython-311.pyc
  inflating: lib/python3.11/test/__pycache__/test_pow.cpython-311.opt-1.pyc
  inflating: lib/python3.11/test/__pycache__/test_logging.cpython-311.opt-1.pyc
  inflating: lib/python3.11/test/__pycache__/test_contextlib.cpython-311.pyc
  inflating: lib/python3.11/test/__pycache__/test_strftime.cpython-311.opt-2.pyc
  inflating: lib/python3.11/test/__pycache__/test_zipapp.cpython-311.opt-1.pyc
  inflating: lib/python3.11/test/__pycache__/test_sunau.cpython-311.opt-1.pyc
  inflating: lib/python3.11/test/__pycache__/test_pkg.cpython-311.opt-1.pyc
  inflating: lib/python3.11/test/__pycache__/test_urllib2.cpython-311.opt-2.pyc
  inflating: lib/python3.11/test/__pycache__/test_extcall.cpython-311.opt-1.pyc
  inflating: lib/python3.11/test/__pycache__/test_re.cpython-311.opt-1.pyc
  inflating: lib/python3.11/test/__pycache__/test_type_comments.cpython-311.opt-2.pyc
  inflating: lib/python3.11/test/__pycache__/test_bigaddrspace.cpython-311.opt-1.pyc
  inflating: lib/python3.11/test/__pycache__/test_concurrent_futures.cpython-311.opt-1.pyc
  inflating: lib/python3.11/test/__pycache__/test_funcattrs.cpython-311.opt-1.pyc
  inflating: lib/python3.11/test/__pycache__/lock_tests.cpython-311.opt-1.pyc
  inflating: lib/python3.11/test/__pycache__/test_imghdr.cpython-311.pyc
  inflating: lib/python3.11/test/__pycache__/test_codecmaps_cn.cpython-311.opt-2.pyc
  inflating: lib/python3.11/test/__pycache__/test_idle.cpython-311.pyc
  inflating: lib/python3.11/test/__pycache__/test_httpservers.cpython-311.opt-1.pyc
  inflating: lib/python3.11/test/__pycache__/test_openpty.cpython-311.opt-1.pyc
  inflating: lib/python3.11/test/__pycache__/ann_module.cpython-311.pyc
  inflating: lib/python3.11/test/__pycache__/test_scope.cpython-311.pyc
  inflating: lib/python3.11/test/__pycache__/make_ssl_certs.cpython-311.opt-1.pyc
  inflating: lib/python3.11/test/__pycache__/test_mimetypes.cpython-311.pyc
  inflating: lib/python3.11/test/__pycache__/test_enum.cpython-311.opt-2.pyc
  inflating: lib/python3.11/test/__pycache__/test_profile.cpython-311.opt-2.pyc
  inflating: lib/python3.11/test/__pycache__/test_zipimport.cpython-311.opt-2.pyc
  inflating: lib/python3.11/test/__pycache__/test_osx_env.cpython-311.opt-2.pyc
  inflating: lib/python3.11/test/__pycache__/test_super.cpython-311.opt-2.pyc
  inflating: lib/python3.11/test/__pycache__/test_time.cpython-311.opt-2.pyc
  inflating: lib/python3.11/test/__pycache__/ssltests.cpython-311.opt-2.pyc
  inflating: lib/python3.11/test/__pycache__/test_ordered_dict.cpython-311.pyc
  inflating: lib/python3.11/test/__pycache__/test_frame.cpython-311.opt-2.pyc
  inflating: lib/python3.11/test/__pycache__/test_codecmaps_kr.cpython-311.pyc
  inflating: lib/python3.11/test/__pycache__/test_unicodedata.cpython-311.pyc
  inflating: lib/python3.11/test/__pycache__/test_mailbox.cpython-311.opt-2.pyc
  inflating: lib/python3.11/test/__pycache__/test_filecmp.cpython-311.opt-2.pyc
  inflating: lib/python3.11/test/__pycache__/test_configparser.cpython-311.opt-1.pyc
  inflating: lib/python3.11/test/__pycache__/test_startfile.cpython-311.opt-2.pyc
  inflating: lib/python3.11/test/__pycache__/test_tarfile.cpython-311.opt-1.pyc
  inflating: lib/python3.11/test/__pycache__/test_poll.cpython-311.opt-2.pyc
  inflating: lib/python3.11/test/__pycache__/test_base64.cpython-311.pyc
  inflating: lib/python3.11/test/__pycache__/gdb_sample.cpython-311.opt-2.pyc
  inflating: lib/python3.11/test/__pycache__/test_xmlrpc_net.cpython-311.opt-2.pyc
  inflating: lib/python3.11/test/__pycache__/test_bytes.cpython-311.opt-1.pyc
  inflating: lib/python3.11/test/__pycache__/test_urllib2.cpython-311.pyc
  inflating: lib/python3.11/test/__pycache__/test_dbm_ndbm.cpython-311.opt-2.pyc
  inflating: lib/python3.11/test/__pycache__/test_script_helper.cpython-311.pyc
  inflating: lib/python3.11/test/__pycache__/test_cgi.cpython-311.pyc
  inflating: lib/python3.11/test/__pycache__/test_heapq.cpython-311.pyc
  inflating: lib/python3.11/test/__pycache__/test_datetime.cpython-311.opt-2.pyc
  inflating: lib/python3.11/test/__pycache__/test_copy.cpython-311.pyc
  inflating: lib/python3.11/test/__pycache__/test_generator_stop.cpython-311.opt-1.pyc
  inflating: lib/python3.11/test/__pycache__/test_turtle.cpython-311.opt-2.pyc
  inflating: lib/python3.11/test/__pycache__/test_ossaudiodev.cpython-311.opt-1.pyc
  inflating: lib/python3.11/test/__pycache__/test_fileinput.cpython-311.opt-1.pyc
  inflating: lib/python3.11/test/__pycache__/test_list.cpython-311.pyc
  inflating: lib/python3.11/test/__pycache__/test_htmlparser.cpython-311.opt-1.pyc
  inflating: lib/python3.11/test/__pycache__/test_pathlib.cpython-311.opt-1.pyc
  inflating: lib/python3.11/test/__pycache__/test_concurrent_futures.cpython-311.opt-2.pyc
  inflating: lib/python3.11/test/__pycache__/fork_wait.cpython-311.opt-2.pyc
  inflating: lib/python3.11/test/__pycache__/test_dictcomps.cpython-311.opt-2.pyc
  inflating: lib/python3.11/test/__pycache__/test_imaplib.cpython-311.opt-1.pyc
  inflating: lib/python3.11/test/__pycache__/test_nis.cpython-311.opt-2.pyc
  inflating: lib/python3.11/test/__pycache__/test_bdb.cpython-311.opt-1.pyc
  inflating: lib/python3.11/test/__pycache__/test_contextlib.cpython-311.opt-1.pyc
  inflating: lib/python3.11/test/__pycache__/inspect_stringized_annotations_2.cpython-311.pyc
  inflating: lib/python3.11/test/__pycache__/test_pkgutil.cpython-311.opt-2.pyc
  inflating: lib/python3.11/test/__pycache__/test_wave.cpython-311.pyc
  inflating: lib/python3.11/test/__pycache__/test_exception_variations.cpython-311.pyc
  inflating: lib/python3.11/test/__pycache__/test_descr.cpython-311.opt-2.pyc
  inflating: lib/python3.11/test/__pycache__/test_richcmp.cpython-311.opt-1.pyc
  inflating: lib/python3.11/test/__pycache__/test_future3.cpython-311.pyc
  inflating: lib/python3.11/test/__pycache__/ann_module3.cpython-311.opt-2.pyc
  inflating: lib/python3.11/test/__pycache__/test_getargs2.cpython-311.pyc
  inflating: lib/python3.11/test/__pycache__/test_dictcomps.cpython-311.pyc
  inflating: lib/python3.11/test/__pycache__/lock_tests.cpython-311.opt-2.pyc
  inflating: lib/python3.11/test/__pycache__/test_baseexception.cpython-311.opt-2.pyc
  inflating: lib/python3.11/test/__pycache__/datetimetester.cpython-311.pyc
  inflating: lib/python3.11/test/__pycache__/test_smtpd.cpython-311.opt-2.pyc
  inflating: lib/python3.11/test/__pycache__/test_isinstance.cpython-311.opt-2.pyc
  inflating: lib/python3.11/test/__pycache__/test_syntax.cpython-311.opt-1.pyc
  inflating: lib/python3.11/test/__pycache__/test_unary.cpython-311.opt-2.pyc
  inflating: lib/python3.11/test/__pycache__/test_listcomps.cpython-311.pyc
  inflating: lib/python3.11/test/__pycache__/test_functools.cpython-311.opt-1.pyc
  inflating: lib/python3.11/test/__pycache__/test_unicode_file.cpython-311.pyc
  inflating: lib/python3.11/test/__pycache__/audiotests.cpython-311.pyc
  inflating: lib/python3.11/test/__pycache__/test_unary.cpython-311.pyc
  inflating: lib/python3.11/test/__pycache__/test_long.cpython-311.pyc
  inflating: lib/python3.11/test/__pycache__/test_enumerate.cpython-311.pyc
  inflating: lib/python3.11/test/__pycache__/test_codeccallbacks.cpython-311.opt-2.pyc
  inflating: lib/python3.11/test/__pycache__/test_shelve.cpython-311.opt-2.pyc
  inflating: lib/python3.11/test/__pycache__/test_file_eintr.cpython-311.opt-1.pyc
  inflating: lib/python3.11/test/__pycache__/inspect_fodder.cpython-311.opt-1.pyc
  inflating: lib/python3.11/test/__pycache__/test_with.cpython-311.opt-1.pyc
  inflating: lib/python3.11/test/__pycache__/test_multibytecodec.cpython-311.opt-2.pyc
  inflating: lib/python3.11/test/__pycache__/seq_tests.cpython-311.pyc
  inflating: lib/python3.11/test/__pycache__/test_xdrlib.cpython-311.opt-2.pyc
  inflating: lib/python3.11/test/__pycache__/test_timeout.cpython-311.opt-2.pyc
  inflating: lib/python3.11/test/__pycache__/ann_module.cpython-311.opt-2.pyc
  inflating: lib/python3.11/test/__pycache__/test_runpy.cpython-311.opt-1.pyc
  inflating: lib/python3.11/test/__pycache__/bisect_cmd.cpython-311.pyc
  inflating: lib/python3.11/test/__pycache__/test_genericalias.cpython-311.pyc
  inflating: lib/python3.11/test/__pycache__/test_distutils.cpython-311.opt-1.pyc
  inflating: lib/python3.11/test/__pycache__/test_longexp.cpython-311.opt-1.pyc
  inflating: lib/python3.11/test/__pycache__/test_fcntl.cpython-311.opt-1.pyc
  inflating: lib/python3.11/test/__pycache__/test_ttk_textonly.cpython-311.opt-1.pyc
  inflating: lib/python3.11/test/__pycache__/test_largefile.cpython-311.pyc
  inflating: lib/python3.11/test/__pycache__/test_stat.cpython-311.opt-2.pyc
  inflating: lib/python3.11/test/__pycache__/test_graphlib.cpython-311.pyc
  inflating: lib/python3.11/test/__pycache__/test_docxmlrpc.cpython-311.opt-2.pyc
  inflating: lib/python3.11/test/__pycache__/test_compare.cpython-311.opt-1.pyc
  inflating: lib/python3.11/test/__pycache__/test_sndhdr.cpython-311.pyc
  inflating: lib/python3.11/test/__pycache__/__init__.cpython-311.opt-1.pyc
  inflating: lib/python3.11/test/__pycache__/test_shutil.cpython-311.opt-1.pyc
  inflating: lib/python3.11/test/__pycache__/test_unittest.cpython-311.pyc
  inflating: lib/python3.11/test/__pycache__/test_ctypes.cpython-311.opt-2.pyc
  inflating: lib/python3.11/test/__pycache__/test_asynchat.cpython-311.opt-1.pyc
  inflating: lib/python3.11/test/__pycache__/test_epoll.cpython-311.opt-2.pyc
  inflating: lib/python3.11/test/__pycache__/test_faulthandler.cpython-311.opt-1.pyc
  inflating: lib/python3.11/test/__pycache__/test_tempfile.cpython-311.opt-2.pyc
  inflating: lib/python3.11/test/__pycache__/test_netrc.cpython-311.opt-2.pyc
  inflating: lib/python3.11/test/__pycache__/test_codecmaps_hk.cpython-311.pyc
  inflating: lib/python3.11/test/__pycache__/test_argparse.cpython-311.opt-1.pyc
  inflating: lib/python3.11/test/__pycache__/test_structseq.cpython-311.opt-1.pyc
  inflating: lib/python3.11/test/__pycache__/test_zipimport.cpython-311.pyc
  inflating: lib/python3.11/test/__pycache__/test_smtplib.cpython-311.pyc
  inflating: lib/python3.11/test/__pycache__/test_uuid.cpython-311.opt-1.pyc
  inflating: lib/python3.11/test/__pycache__/test_dbm.cpython-311.pyc
  inflating: lib/python3.11/test/__pycache__/test_textwrap.cpython-311.pyc
  inflating: lib/python3.11/test/__pycache__/test_re.cpython-311.opt-2.pyc
  inflating: lib/python3.11/test/__pycache__/test_zipfile64.cpython-311.opt-1.pyc
  inflating: lib/python3.11/test/__pycache__/test_xml_etree_c.cpython-311.opt-2.pyc
  inflating: lib/python3.11/test/__pycache__/test_userlist.cpython-311.opt-1.pyc
  inflating: lib/python3.11/test/__pycache__/test_xxlimited.cpython-311.pyc
  inflating: lib/python3.11/test/__pycache__/regrtest.cpython-311.pyc
  inflating: lib/python3.11/test/__pycache__/test_hash.cpython-311.pyc
  inflating: lib/python3.11/test/__pycache__/test_generators.cpython-311.opt-2.pyc
  inflating: lib/python3.11/test/__pycache__/_test_embed_set_config.cpython-311.opt-2.pyc
  inflating: lib/python3.11/test/__pycache__/test_cmd_line.cpython-311.opt-2.pyc
  inflating: lib/python3.11/test/__pycache__/win_console_handler.cpython-311.opt-1.pyc
  inflating: lib/python3.11/test/__pycache__/test_xdrlib.cpython-311.pyc
  inflating: lib/python3.11/test/__pycache__/xmltests.cpython-311.pyc
  inflating: lib/python3.11/test/__pycache__/test_numeric_tower.cpython-311.pyc
  inflating: lib/python3.11/test/__pycache__/test_pty.cpython-311.pyc
  inflating: lib/python3.11/test/__pycache__/test_random.cpython-311.opt-1.pyc
  inflating: lib/python3.11/test/__pycache__/test_pdb.cpython-311.opt-2.pyc
  inflating: lib/python3.11/test/__pycache__/test_posixpath.cpython-311.opt-1.pyc
  inflating: lib/python3.11/test/__pycache__/test_nis.cpython-311.pyc
  inflating: lib/python3.11/test/__pycache__/test_threadedtempfile.cpython-311.pyc
  inflating: lib/python3.11/test/__pycache__/test_string.cpython-311.opt-2.pyc
  inflating: lib/python3.11/test/__pycache__/test_copyreg.cpython-311.opt-1.pyc
  inflating: lib/python3.11/test/__pycache__/test_genericpath.cpython-311.pyc
  inflating: lib/python3.11/test/__pycache__/test_platform.cpython-311.pyc
  inflating: lib/python3.11/test/__pycache__/test_heapq.cpython-311.opt-2.pyc
  inflating: lib/python3.11/test/__pycache__/test_tk.cpython-311.opt-2.pyc
  inflating: lib/python3.11/test/__pycache__/test_codeccallbacks.cpython-311.opt-1.pyc
  inflating: lib/python3.11/test/__pycache__/test_subclassinit.cpython-311.opt-2.pyc
  inflating: lib/python3.11/test/__pycache__/list_tests.cpython-311.opt-1.pyc
  inflating: lib/python3.11/test/__pycache__/test_gdb.cpython-311.opt-1.pyc
  inflating: lib/python3.11/test/__pycache__/test_dict_version.cpython-311.opt-1.pyc
  inflating: lib/python3.11/test/__pycache__/test_with.cpython-311.pyc
  inflating: lib/python3.11/test/__pycache__/test_urllib.cpython-311.opt-2.pyc
  inflating: lib/python3.11/test/__pycache__/test_listcomps.cpython-311.opt-2.pyc
  inflating: lib/python3.11/test/__pycache__/test_setcomps.cpython-311.opt-2.pyc
  inflating: lib/python3.11/test/__pycache__/test_urllib2_localnet.cpython-311.opt-2.pyc
  inflating: lib/python3.11/test/__pycache__/test_support.cpython-311.opt-1.pyc
  inflating: lib/python3.11/test/__pycache__/test_codecmaps_kr.cpython-311.opt-2.pyc
  inflating: lib/python3.11/test/__pycache__/test_idle.cpython-311.opt-1.pyc
  inflating: lib/python3.11/test/__pycache__/test_msilib.cpython-311.pyc
  inflating: lib/python3.11/test/__pycache__/signalinterproctester.cpython-311.opt-2.pyc
  inflating: lib/python3.11/test/__pycache__/test_sys.cpython-311.pyc
  inflating: lib/python3.11/test/__pycache__/test_select.cpython-311.opt-2.pyc
  inflating: lib/python3.11/test/__pycache__/ann_module6.cpython-311.pyc
  inflating: lib/python3.11/test/__pycache__/test_posix.cpython-311.pyc
  inflating: lib/python3.11/test/__pycache__/test_unicode_file_functions.cpython-311.opt-2.pyc
  inflating: lib/python3.11/test/__pycache__/test_weakset.cpython-311.pyc
  inflating: lib/python3.11/test/__pycache__/test_threadsignals.cpython-311.opt-2.pyc
  inflating: lib/python3.11/test/__pycache__/test_userdict.cpython-311.pyc
  inflating: lib/python3.11/test/__pycache__/test_timeit.cpython-311.pyc
  inflating: lib/python3.11/test/__pycache__/test_random.cpython-311.pyc
  inflating: lib/python3.11/test/__pycache__/test_asyncgen.cpython-311.opt-2.pyc
  inflating: lib/python3.11/test/__pycache__/test_binop.cpython-311.opt-2.pyc
  inflating: lib/python3.11/test/__pycache__/test_crypt.cpython-311.opt-2.pyc
  inflating: lib/python3.11/test/__pycache__/test_py_compile.cpython-311.pyc
  inflating: lib/python3.11/test/__pycache__/test_capi.cpython-311.pyc
  inflating: lib/python3.11/test/__pycache__/test_webbrowser.cpython-311.pyc
  inflating: lib/python3.11/test/__pycache__/test_embed.cpython-311.opt-1.pyc
  inflating: lib/python3.11/test/__pycache__/test_codecs.cpython-311.pyc
  inflating: lib/python3.11/test/__pycache__/profilee.cpython-311.pyc
  inflating: lib/python3.11/test/__pycache__/test_telnetlib.cpython-311.opt-2.pyc
  inflating: lib/python3.11/test/__pycache__/ann_module2.cpython-311.opt-1.pyc
  inflating: lib/python3.11/test/__pycache__/test_memoryio.cpython-311.pyc
  inflating: lib/python3.11/test/__pycache__/test_ensurepip.cpython-311.pyc
  inflating: lib/python3.11/test/__pycache__/test_asdl_parser.cpython-311.opt-1.pyc
  inflating: lib/python3.11/test/__pycache__/test_poplib.cpython-311.pyc
  inflating: lib/python3.11/test/__pycache__/test_buffer.cpython-311.opt-2.pyc
  inflating: lib/python3.11/test/__pycache__/test_sunau.cpython-311.opt-2.pyc
  inflating: lib/python3.11/test/__pycache__/test_utf8_mode.cpython-311.opt-2.pyc
  inflating: lib/python3.11/test/__pycache__/test_minidom.cpython-311.pyc
  inflating: lib/python3.11/test/__pycache__/test_types.cpython-311.opt-2.pyc
  inflating: lib/python3.11/test/__pycache__/test_codecencodings_cn.cpython-311.opt-1.pyc
  inflating: lib/python3.11/test/__pycache__/test_pathlib.cpython-311.opt-2.pyc
  inflating: lib/python3.11/test/__pycache__/test_bufio.cpython-311.opt-1.pyc
  inflating: lib/python3.11/test/__pycache__/test_audioop.cpython-311.pyc
  inflating: lib/python3.11/test/__pycache__/test_cmd.cpython-311.pyc
  inflating: lib/python3.11/test/__pycache__/test_sndhdr.cpython-311.opt-1.pyc
  inflating: lib/python3.11/test/__pycache__/__main__.cpython-311.opt-1.pyc
  inflating: lib/python3.11/test/__pycache__/test_ntpath.cpython-311.pyc
  inflating: lib/python3.11/test/__pycache__/test_fnmatch.cpython-311.opt-2.pyc
  inflating: lib/python3.11/test/__pycache__/test_unicode_file.cpython-311.opt-1.pyc
  inflating: lib/python3.11/test/__pycache__/test_cmd.cpython-311.opt-1.pyc
  inflating: lib/python3.11/test/__pycache__/test_contextlib_async.cpython-311.opt-2.pyc
  inflating: lib/python3.11/test/__pycache__/test_string_literals.cpython-311.pyc
  inflating: lib/python3.11/test/__pycache__/test_raise.cpython-311.pyc
  inflating: lib/python3.11/test/__pycache__/test_weakref.cpython-311.opt-2.pyc
  inflating: lib/python3.11/test/__pycache__/test_genericclass.cpython-311.pyc
  inflating: lib/python3.11/test/__pycache__/test_urllibnet.cpython-311.pyc
  inflating: lib/python3.11/test/__pycache__/test_enum.cpython-311.pyc
  inflating: lib/python3.11/test/__pycache__/test_genericalias.cpython-311.opt-2.pyc
  inflating: lib/python3.11/test/__pycache__/test_curses.cpython-311.opt-1.pyc
  inflating: lib/python3.11/test/__pycache__/sample_doctest_no_doctests.cpython-311.opt-2.pyc
  inflating: lib/python3.11/test/__pycache__/test_property.cpython-311.opt-2.pyc
  inflating: lib/python3.11/test/__pycache__/test_index.cpython-311.opt-1.pyc
  inflating: lib/python3.11/test/__pycache__/test_wait4.cpython-311.pyc
  inflating: lib/python3.11/test/__pycache__/test_numeric_tower.cpython-311.opt-1.pyc
  inflating: lib/python3.11/test/__pycache__/test_py_compile.cpython-311.opt-1.pyc
  inflating: lib/python3.11/test/__pycache__/test_super.cpython-311.pyc
  inflating: lib/python3.11/test/__pycache__/test_descr.cpython-311.opt-1.pyc
  inflating: lib/python3.11/test/__pycache__/test_unicode_file.cpython-311.opt-2.pyc
  inflating: lib/python3.11/test/__pycache__/test_class.cpython-311.opt-2.pyc
  inflating: lib/python3.11/test/__pycache__/test_set.cpython-311.opt-1.pyc
  inflating: lib/python3.11/test/__pycache__/test_pyclbr.cpython-311.pyc
  inflating: lib/python3.11/test/__pycache__/sortperf.cpython-311.pyc
  inflating: lib/python3.11/test/__pycache__/test_msilib.cpython-311.opt-1.pyc
  inflating: lib/python3.11/test/__pycache__/test_subprocess.cpython-311.pyc
  inflating: lib/python3.11/test/__pycache__/test_urlparse.cpython-311.opt-2.pyc
  inflating: lib/python3.11/test/__pycache__/test_getpass.cpython-311.opt-2.pyc
  inflating: lib/python3.11/test/__pycache__/test_mimetypes.cpython-311.opt-2.pyc
  inflating: lib/python3.11/test/__pycache__/lock_tests.cpython-311.pyc
  inflating: lib/python3.11/test/__pycache__/test_genexps.cpython-311.opt-1.pyc
  inflating: lib/python3.11/test/__pycache__/test_richcmp.cpython-311.pyc
  inflating: lib/python3.11/test/__pycache__/test_trace.cpython-311.pyc
  inflating: lib/python3.11/test/__pycache__/test_robotparser.cpython-311.pyc
  inflating: lib/python3.11/test/__pycache__/test_fstring.cpython-311.opt-1.pyc
  inflating: lib/python3.11/test/__pycache__/test_quopri.cpython-311.pyc
  inflating: lib/python3.11/test/__pycache__/test_mailcap.cpython-311.opt-1.pyc
  inflating: lib/python3.11/test/__pycache__/test_getopt.cpython-311.opt-2.pyc
  inflating: lib/python3.11/test/__pycache__/test_repl.cpython-311.opt-1.pyc
  inflating: lib/python3.11/test/__pycache__/test_configparser.cpython-311.opt-2.pyc
  inflating: lib/python3.11/test/__pycache__/test_raise.cpython-311.opt-1.pyc
  inflating: lib/python3.11/test/__pycache__/test_bdb.cpython-311.pyc
  inflating: lib/python3.11/test/__pycache__/__init__.cpython-311.pyc
  inflating: lib/python3.11/test/__pycache__/ann_module8.cpython-311.opt-2.pyc
  inflating: lib/python3.11/test/__pycache__/test_weakref.cpython-311.pyc
  inflating: lib/python3.11/test/__pycache__/test_fileutils.cpython-311.pyc
  inflating: lib/python3.11/test/__pycache__/test_aifc.cpython-311.opt-2.pyc
  inflating: lib/python3.11/test/__pycache__/test_type_comments.cpython-311.opt-1.pyc
  inflating: lib/python3.11/test/__pycache__/test_asynchat.cpython-311.opt-2.pyc
  inflating: lib/python3.11/test/__pycache__/test_plistlib.cpython-311.opt-1.pyc
  inflating: lib/python3.11/test/__pycache__/test_binascii.cpython-311.opt-2.pyc
  inflating: lib/python3.11/test/__pycache__/test_global.cpython-311.opt-1.pyc
  inflating: lib/python3.11/test/__pycache__/test_binascii.cpython-311.pyc
  inflating: lib/python3.11/test/__pycache__/test_dynamic.cpython-311.opt-1.pyc
  inflating: lib/python3.11/test/__pycache__/test_dbm_ndbm.cpython-311.pyc
  inflating: lib/python3.11/test/__pycache__/test_http_cookiejar.cpython-311.pyc
  inflating: lib/python3.11/test/__pycache__/test_getopt.cpython-311.pyc
  inflating: lib/python3.11/test/__pycache__/ann_module8.cpython-311.opt-1.pyc
  inflating: lib/python3.11/test/__pycache__/test_pwd.cpython-311.opt-1.pyc
  inflating: lib/python3.11/test/__pycache__/test_pickletools.cpython-311.opt-2.pyc
  inflating: lib/python3.11/test/__pycache__/test_shlex.cpython-311.pyc
  inflating: lib/python3.11/test/__pycache__/memory_watchdog.cpython-311.opt-2.pyc
  inflating: lib/python3.11/test/__pycache__/test_marshal.cpython-311.opt-1.pyc
  inflating: lib/python3.11/test/__pycache__/test_fractions.cpython-311.opt-1.pyc
  inflating: lib/python3.11/test/__pycache__/test_fractions.cpython-311.pyc
  inflating: lib/python3.11/test/__pycache__/test_xdrlib.cpython-311.opt-1.pyc
  inflating: lib/python3.11/test/__pycache__/test_c_locale_coercion.cpython-311.opt-1.pyc
  inflating: lib/python3.11/test/__pycache__/test_enumerate.cpython-311.opt-1.pyc
  inflating: lib/python3.11/test/__pycache__/test_decorators.cpython-311.opt-2.pyc
  inflating: lib/python3.11/test/__pycache__/test_userlist.cpython-311.opt-2.pyc
  inflating: lib/python3.11/test/__pycache__/test_strtod.cpython-311.pyc
  inflating: lib/python3.11/test/__pycache__/test_metaclass.cpython-311.opt-1.pyc
  inflating: lib/python3.11/test/__pycache__/dataclass_module_2_str.cpython-311.pyc
  inflating: lib/python3.11/test/__pycache__/audiotests.cpython-311.opt-1.pyc
  inflating: lib/python3.11/test/__pycache__/test_http_cookiejar.cpython-311.opt-1.pyc
  inflating: lib/python3.11/test/__pycache__/dataclass_textanno.cpython-311.opt-2.pyc
  inflating: lib/python3.11/test/__pycache__/test_zipfile.cpython-311.opt-1.pyc
  inflating: lib/python3.11/test/__pycache__/test_positional_only_arg.cpython-311.opt-2.pyc
  inflating: lib/python3.11/test/__pycache__/test_urllib2_localnet.cpython-311.opt-1.pyc
  inflating: lib/python3.11/test/__pycache__/test_dict.cpython-311.opt-1.pyc
  inflating: lib/python3.11/test/__pycache__/test_bigaddrspace.cpython-311.pyc
  inflating: lib/python3.11/test/__pycache__/test_urllib.cpython-311.opt-1.pyc
  inflating: lib/python3.11/test/__pycache__/test_eof.cpython-311.pyc
  inflating: lib/python3.11/test/__pycache__/test_exception_variations.cpython-311.opt-2.pyc
  inflating: lib/python3.11/test/__pycache__/test_context.cpython-311.opt-1.pyc
  inflating: lib/python3.11/test/__pycache__/test_utf8_mode.cpython-311.pyc
  inflating: lib/python3.11/test/__pycache__/test_tracemalloc.cpython-311.opt-1.pyc
  inflating: lib/python3.11/test/__pycache__/test_finalization.cpython-311.opt-2.pyc
  inflating: lib/python3.11/test/__pycache__/test_xml_dom_minicompat.cpython-311.opt-1.pyc
  inflating: lib/python3.11/test/__pycache__/test_charmapcodec.cpython-311.opt-1.pyc
  inflating: lib/python3.11/test/__pycache__/test_wave.cpython-311.opt-2.pyc
  inflating: lib/python3.11/test/__pycache__/mp_fork_bomb.cpython-311.opt-1.pyc
  inflating: lib/python3.11/test/__pycache__/test_functools.cpython-311.pyc
  inflating: lib/python3.11/test/__pycache__/test_cmd_line_script.cpython-311.opt-1.pyc
  inflating: lib/python3.11/test/__pycache__/test_fcntl.cpython-311.pyc
  inflating: lib/python3.11/test/__pycache__/test_unpack_ex.cpython-311.opt-2.pyc
  inflating: lib/python3.11/test/__pycache__/test__xxsubinterpreters.cpython-311.opt-1.pyc
  inflating: lib/python3.11/test/__pycache__/test_keywordonlyarg.cpython-311.pyc
  inflating: lib/python3.11/test/__pycache__/test_support.cpython-311.opt-2.pyc
  inflating: lib/python3.11/test/__pycache__/test_codecmaps_jp.cpython-311.pyc
  inflating: lib/python3.11/test/__pycache__/test_asynchat.cpython-311.pyc
  inflating: lib/python3.11/test/__pycache__/imp_dummy.cpython-311.opt-1.pyc
  inflating: lib/python3.11/test/__pycache__/sample_doctest.cpython-311.opt-2.pyc
  inflating: lib/python3.11/test/__pycache__/mapping_tests.cpython-311.opt-2.pyc
  inflating: lib/python3.11/test/__pycache__/test_optparse.cpython-311.pyc
  inflating: lib/python3.11/test/__pycache__/test_graphlib.cpython-311.opt-1.pyc
  inflating: lib/python3.11/test/__pycache__/test_codecmaps_cn.cpython-311.opt-1.pyc
  inflating: lib/python3.11/test/__pycache__/test_sched.cpython-311.opt-2.pyc
  inflating: lib/python3.11/test/__pycache__/test_abc.cpython-311.opt-1.pyc
  inflating: lib/python3.11/test/__pycache__/test_curses.cpython-311.opt-2.pyc
  inflating: lib/python3.11/test/__pycache__/test_ucn.cpython-311.opt-2.pyc
  inflating: lib/python3.11/test/__pycache__/test_pep646_syntax.cpython-311.opt-1.pyc
  inflating: lib/python3.11/test/__pycache__/dataclass_module_1.cpython-311.opt-2.pyc
  inflating: lib/python3.11/test/__pycache__/multibytecodec_support.cpython-311.opt-2.pyc
  inflating: lib/python3.11/test/__pycache__/test_dis.cpython-311.opt-2.pyc
  inflating: lib/python3.11/test/__pycache__/inspect_stock_annotations.cpython-311.opt-1.pyc
  inflating: lib/python3.11/test/__pycache__/inspect_stock_annotations.cpython-311.opt-2.pyc
  inflating: lib/python3.11/test/__pycache__/setup_testcppext.cpython-311.pyc
  inflating: lib/python3.11/test/__pycache__/test_weakref.cpython-311.opt-1.pyc
  inflating: lib/python3.11/test/__pycache__/test_wait4.cpython-311.opt-1.pyc
  inflating: lib/python3.11/test/__pycache__/test_modulefinder.cpython-311.opt-2.pyc
  inflating: lib/python3.11/test/__pycache__/test_range.cpython-311.pyc
  inflating: lib/python3.11/test/__pycache__/test_unpack_ex.cpython-311.pyc
  inflating: lib/python3.11/test/__pycache__/test_codeop.cpython-311.opt-2.pyc
  inflating: lib/python3.11/test/__pycache__/test_eintr.cpython-311.pyc
  inflating: lib/python3.11/test/__pycache__/test_call.cpython-311.pyc
  inflating: lib/python3.11/test/__pycache__/sortperf.cpython-311.opt-1.pyc
  inflating: lib/python3.11/test/__pycache__/test_future5.cpython-311.opt-1.pyc
  inflating: lib/python3.11/test/__pycache__/test_future4.cpython-311.pyc
  inflating: lib/python3.11/test/__pycache__/test_context.cpython-311.opt-2.pyc
  inflating: lib/python3.11/test/__pycache__/test_cmath.cpython-311.pyc
  inflating: lib/python3.11/test/__pycache__/test_tarfile.cpython-311.pyc
  inflating: lib/python3.11/test/__pycache__/test_regrtest.cpython-311.pyc
  inflating: lib/python3.11/test/__pycache__/test_codecencodings_tw.cpython-311.opt-1.pyc
  inflating: lib/python3.11/test/__pycache__/inspect_fodder.cpython-311.opt-2.pyc
  inflating: lib/python3.11/test/__pycache__/test_print.cpython-311.pyc
  inflating: lib/python3.11/test/__pycache__/test_property.cpython-311.pyc
  inflating: lib/python3.11/test/__pycache__/test_ssl.cpython-311.opt-2.pyc
  inflating: lib/python3.11/test/__pycache__/test_string.cpython-311.pyc
  inflating: lib/python3.11/test/__pycache__/test_unicode_identifiers.cpython-311.pyc
  inflating: lib/python3.11/test/__pycache__/test__locale.cpython-311.pyc
  inflating: lib/python3.11/test/__pycache__/test_uu.cpython-311.pyc
  inflating: lib/python3.11/test/__pycache__/future_test2.cpython-311.pyc
  inflating: lib/python3.11/test/__pycache__/test_ossaudiodev.cpython-311.pyc
  inflating: lib/python3.11/test/__pycache__/test_runpy.cpython-311.opt-2.pyc
  inflating: lib/python3.11/test/__pycache__/test_uuid.cpython-311.opt-2.pyc
  inflating: lib/python3.11/test/__pycache__/test_type_comments.cpython-311.pyc
  inflating: lib/python3.11/test/__pycache__/test_aifc.cpython-311.pyc
  inflating: lib/python3.11/test/__pycache__/relimport.cpython-311.pyc
  inflating: lib/python3.11/test/__pycache__/test_time.cpython-311.opt-1.pyc
  inflating: lib/python3.11/test/__pycache__/test_smtpd.cpython-311.opt-1.pyc
  inflating: lib/python3.11/test/__pycache__/test_linecache.cpython-311.opt-1.pyc
  inflating: lib/python3.11/test/__pycache__/test_winreg.cpython-311.pyc
  inflating: lib/python3.11/test/__pycache__/test_lzma.cpython-311.opt-2.pyc
  inflating: lib/python3.11/test/__pycache__/dataclass_textanno.cpython-311.pyc
  inflating: lib/python3.11/test/__pycache__/test_imghdr.cpython-311.opt-2.pyc
  inflating: lib/python3.11/test/__pycache__/test_abc.cpython-311.pyc
  inflating: lib/python3.11/test/__pycache__/test_gettext.cpython-311.pyc
  inflating: lib/python3.11/test/__pycache__/test_codecmaps_tw.cpython-311.opt-2.pyc
  inflating: lib/python3.11/test/__pycache__/test_weakset.cpython-311.opt-2.pyc
  inflating: lib/python3.11/test/__pycache__/test___future__.cpython-311.opt-2.pyc
  inflating: lib/python3.11/test/__pycache__/test_exception_hierarchy.cpython-311.opt-1.pyc
  inflating: lib/python3.11/test/__pycache__/test_genericalias.cpython-311.opt-1.pyc
  inflating: lib/python3.11/test/__pycache__/test_grammar.cpython-311.opt-2.pyc
  inflating: lib/python3.11/test/__pycache__/_test_atexit.cpython-311.opt-1.pyc
  inflating: lib/python3.11/test/__pycache__/_typed_dict_helper.cpython-311.opt-1.pyc
  inflating: lib/python3.11/test/__pycache__/test_picklebuffer.cpython-311.pyc
  inflating: lib/python3.11/test/__pycache__/test_codecencodings_iso2022.cpython-311.opt-1.pyc
  inflating: lib/python3.11/test/__pycache__/test_source_encoding.cpython-311.pyc
  inflating: lib/python3.11/test/__pycache__/test_pickletools.cpython-311.pyc
  inflating: lib/python3.11/test/__pycache__/gdb_sample.cpython-311.pyc
  inflating: lib/python3.11/test/__pycache__/test___future__.cpython-311.opt-1.pyc
  inflating: lib/python3.11/test/__pycache__/test_univnewlines.cpython-311.opt-2.pyc
  inflating: lib/python3.11/test/__pycache__/test_grammar.cpython-311.pyc
  inflating: lib/python3.11/test/__pycache__/test_hashlib.cpython-311.pyc
  inflating: lib/python3.11/test/__pycache__/test_tcl.cpython-311.opt-1.pyc
  inflating: lib/python3.11/test/__pycache__/test_gzip.cpython-311.opt-2.pyc
  inflating: lib/python3.11/test/__pycache__/test_smtplib.cpython-311.opt-1.pyc
  inflating: lib/python3.11/test/__pycache__/good_getattr.cpython-311.pyc
  inflating: lib/python3.11/test/__pycache__/test_float.cpython-311.pyc
  inflating: lib/python3.11/test/__pycache__/test_tix.cpython-311.opt-1.pyc
  inflating: lib/python3.11/test/__pycache__/test_int.cpython-311.opt-1.pyc
  inflating: lib/python3.11/test/__pycache__/test_unpack.cpython-311.opt-1.pyc
  inflating: lib/python3.11/test/__pycache__/test_dbm_gnu.cpython-311.opt-1.pyc
  inflating: lib/python3.11/test/__pycache__/test_deque.cpython-311.pyc
  inflating: lib/python3.11/test/__pycache__/test_urlparse.cpython-311.opt-1.pyc
  inflating: lib/python3.11/test/__pycache__/test_dictcomps.cpython-311.opt-1.pyc
  inflating: lib/python3.11/test/__pycache__/test_unary.cpython-311.opt-1.pyc
  inflating: lib/python3.11/test/__pycache__/test_copy.cpython-311.opt-2.pyc
  inflating: lib/python3.11/test/__pycache__/test_contextlib_async.cpython-311.pyc
  inflating: lib/python3.11/test/__pycache__/test_codecs.cpython-311.opt-2.pyc
  inflating: lib/python3.11/test/__pycache__/test_subclassinit.cpython-311.pyc
  inflating: lib/python3.11/test/__pycache__/test_set.cpython-311.pyc
  inflating: lib/python3.11/test/__pycache__/test_pkgutil.cpython-311.pyc
  inflating: lib/python3.11/test/__pycache__/test_selectors.cpython-311.opt-1.pyc
  inflating: lib/python3.11/test/__pycache__/profilee.cpython-311.opt-2.pyc
  inflating: lib/python3.11/test/__pycache__/doctest_aliases.cpython-311.pyc
  inflating: lib/python3.11/test/__pycache__/test_optparse.cpython-311.opt-1.pyc
  inflating: lib/python3.11/test/__pycache__/test_type_cache.cpython-311.opt-1.pyc
  inflating: lib/python3.11/test/__pycache__/test_winsound.cpython-311.pyc
  inflating: lib/python3.11/test/__pycache__/test_metaclass.cpython-311.opt-2.pyc
  inflating: lib/python3.11/test/__pycache__/bad_getattr2.cpython-311.opt-1.pyc
  inflating: lib/python3.11/test/__pycache__/pythoninfo.cpython-311.opt-2.pyc
  inflating: lib/python3.11/test/__pycache__/test_frozen.cpython-311.opt-2.pyc
  inflating: lib/python3.11/test/__pycache__/test_uu.cpython-311.opt-1.pyc
  inflating: lib/python3.11/test/__pycache__/test_compileall.cpython-311.opt-2.pyc
  inflating: lib/python3.11/test/__pycache__/test_except_star.cpython-311.pyc
  inflating: lib/python3.11/test/__pycache__/test_mmap.cpython-311.pyc
  inflating: lib/python3.11/test/__pycache__/test_slice.cpython-311.opt-2.pyc
  inflating: lib/python3.11/test/__pycache__/test_winconsoleio.cpython-311.opt-1.pyc
  inflating: lib/python3.11/test/__pycache__/test_tabnanny.cpython-311.pyc
  inflating: lib/python3.11/test/__pycache__/test_reprlib.cpython-311.opt-2.pyc
  inflating: lib/python3.11/test/__pycache__/bad_getattr2.cpython-311.pyc
  inflating: lib/python3.11/test/__pycache__/test_userlist.cpython-311.pyc
  inflating: lib/python3.11/test/__pycache__/ann_module7.cpython-311.opt-2.pyc
  inflating: lib/python3.11/test/__pycache__/sample_doctest_no_doctests.cpython-311.opt-1.pyc
  inflating: lib/python3.11/test/__pycache__/test_index.cpython-311.opt-2.pyc
  inflating: lib/python3.11/test/__pycache__/test_socketserver.cpython-311.opt-1.pyc
  inflating: lib/python3.11/test/__pycache__/dataclass_module_2_str.cpython-311.opt-1.pyc
  inflating: lib/python3.11/test/__pycache__/test_colorsys.cpython-311.opt-1.pyc
  inflating: lib/python3.11/test/__pycache__/test_sort.cpython-311.opt-2.pyc
  inflating: lib/python3.11/test/__pycache__/test_unittest.cpython-311.opt-2.pyc
  inflating: lib/python3.11/test/__pycache__/test_strptime.cpython-311.pyc
  inflating: lib/python3.11/test/__pycache__/test_ordered_dict.cpython-311.opt-1.pyc
  inflating: lib/python3.11/test/__pycache__/test_multibytecodec.cpython-311.pyc
  inflating: lib/python3.11/test/__pycache__/test_ftplib.cpython-311.pyc
  inflating: lib/python3.11/test/__pycache__/test_ioctl.cpython-311.opt-2.pyc
  inflating: lib/python3.11/test/__pycache__/test_picklebuffer.cpython-311.opt-2.pyc
  inflating: lib/python3.11/test/__pycache__/inspect_stringized_annotations_2.cpython-311.opt-1.pyc
  inflating: lib/python3.11/test/__pycache__/test_binascii.cpython-311.opt-1.pyc
  inflating: lib/python3.11/test/__pycache__/test_operator.cpython-311.opt-1.pyc
  inflating: lib/python3.11/test/__pycache__/test_symtable.cpython-311.pyc
  inflating: lib/python3.11/test/__pycache__/test_code_module.cpython-311.opt-2.pyc
  inflating: lib/python3.11/test/__pycache__/reperf.cpython-311.opt-1.pyc
  inflating: lib/python3.11/test/__pycache__/test_bool.cpython-311.opt-1.pyc
  inflating: lib/python3.11/test/__pycache__/test_iterlen.cpython-311.opt-1.pyc
  inflating: lib/python3.11/test/__pycache__/doctest_lineno.cpython-311.opt-1.pyc
  inflating: lib/python3.11/test/__pycache__/test_ensurepip.cpython-311.opt-1.pyc
  inflating: lib/python3.11/test/__pycache__/test_ossaudiodev.cpython-311.opt-2.pyc
  inflating: lib/python3.11/test/__pycache__/test_univnewlines.cpython-311.pyc
  inflating: lib/python3.11/test/__pycache__/coding20731.cpython-311.opt-2.pyc
  inflating: lib/python3.11/test/__pycache__/test_nis.cpython-311.opt-1.pyc
  inflating: lib/python3.11/test/__pycache__/test_multiprocessing_spawn.cpython-311.pyc
  inflating: lib/python3.11/test/__pycache__/test_mailcap.cpython-311.pyc
  inflating: lib/python3.11/test/__pycache__/test_robotparser.cpython-311.opt-2.pyc
  inflating: lib/python3.11/test/__pycache__/future_test2.cpython-311.opt-2.pyc
  inflating: lib/python3.11/test/__pycache__/test_fcntl.cpython-311.opt-2.pyc
  inflating: lib/python3.11/test/__pycache__/test_site.cpython-311.opt-1.pyc
  inflating: lib/python3.11/test/__pycache__/test_pwd.cpython-311.opt-2.pyc
  inflating: lib/python3.11/test/__pycache__/_test_eintr.cpython-311.opt-1.pyc
  inflating: lib/python3.11/test/__pycache__/bad_getattr.cpython-311.opt-1.pyc
  inflating: lib/python3.11/test/__pycache__/test_sundry.cpython-311.pyc
  inflating: lib/python3.11/test/__pycache__/test_pstats.cpython-311.pyc
  inflating: lib/python3.11/test/__pycache__/test_dictviews.cpython-311.opt-2.pyc
  inflating: lib/python3.11/test/__pycache__/test_httplib.cpython-311.opt-1.pyc
  inflating: lib/python3.11/test/__pycache__/test_pulldom.cpython-311.pyc
  inflating: lib/python3.11/test/__pycache__/sample_doctest.cpython-311.opt-1.pyc
  inflating: lib/python3.11/test/__pycache__/test_genexps.cpython-311.opt-2.pyc
  inflating: lib/python3.11/test/__pycache__/test_codecmaps_cn.cpython-311.pyc
  inflating: lib/python3.11/test/__pycache__/test_glob.cpython-311.pyc
  inflating: lib/python3.11/test/__pycache__/test_minidom.cpython-311.opt-1.pyc
  inflating: lib/python3.11/test/__pycache__/test_telnetlib.cpython-311.pyc
  inflating: lib/python3.11/test/__pycache__/test_funcattrs.cpython-311.pyc
  inflating: lib/python3.11/test/__pycache__/mapping_tests.cpython-311.pyc
  inflating: lib/python3.11/test/__pycache__/test_coroutines.cpython-311.opt-2.pyc
  inflating: lib/python3.11/test/__pycache__/test_builtin.cpython-311.opt-1.pyc
  inflating: lib/python3.11/test/__pycache__/ann_module6.cpython-311.opt-2.pyc
  inflating: lib/python3.11/test/__pycache__/test_signal.cpython-311.pyc
  inflating: lib/python3.11/test/__pycache__/test_bufio.cpython-311.pyc
  inflating: lib/python3.11/test/__pycache__/test_venv.cpython-311.opt-2.pyc
  inflating: lib/python3.11/test/__pycache__/test_syslog.cpython-311.opt-1.pyc
  inflating: lib/python3.11/test/__pycache__/test_grp.cpython-311.pyc
  inflating: lib/python3.11/test/__pycache__/test_getpath.cpython-311.opt-1.pyc
  inflating: lib/python3.11/test/__pycache__/test_platform.cpython-311.opt-1.pyc
  inflating: lib/python3.11/test/__pycache__/test_positional_only_arg.cpython-311.opt-1.pyc
  inflating: lib/python3.11/test/__pycache__/audit-tests.cpython-311.opt-2.pyc
  inflating: lib/python3.11/test/__pycache__/test_doctest.cpython-311.opt-2.pyc
  inflating: lib/python3.11/test/__pycache__/test_nntplib.cpython-311.opt-2.pyc
  inflating: lib/python3.11/test/__pycache__/test_call.cpython-311.opt-1.pyc
  inflating: lib/python3.11/test/__pycache__/test_doctest2.cpython-311.pyc
  inflating: lib/python3.11/test/__pycache__/test_shelve.cpython-311.pyc
  inflating: lib/python3.11/test/__pycache__/test_dtrace.cpython-311.opt-1.pyc
  inflating: lib/python3.11/test/__pycache__/test_imp.cpython-311.pyc
  inflating: lib/python3.11/test/__pycache__/test_file.cpython-311.opt-2.pyc
  inflating: lib/python3.11/test/__pycache__/dataclass_module_1_str.cpython-311.pyc
  inflating: lib/python3.11/test/__pycache__/test_gettext.cpython-311.opt-2.pyc
  inflating: lib/python3.11/test/__pycache__/test_doctest2.cpython-311.opt-2.pyc
  inflating: lib/python3.11/test/__pycache__/test_array.cpython-311.pyc
  inflating: lib/python3.11/test/__pycache__/test_future4.cpython-311.opt-1.pyc
  inflating: lib/python3.11/test/__pycache__/test_exceptions.cpython-311.pyc
  inflating: lib/python3.11/test/__pycache__/test_flufl.cpython-311.pyc
  inflating: lib/python3.11/test/__pycache__/test_ast.cpython-311.opt-2.pyc
  inflating: lib/python3.11/test/__pycache__/test_gc.cpython-311.opt-1.pyc
  inflating: lib/python3.11/test/__pycache__/test_getopt.cpython-311.opt-1.pyc
  inflating: lib/python3.11/test/__pycache__/test_typing.cpython-311.opt-1.pyc
  inflating: lib/python3.11/test/__pycache__/test_eof.cpython-311.opt-2.pyc
  inflating: lib/python3.11/test/__pycache__/test_abstract_numbers.cpython-311.opt-1.pyc
  inflating: lib/python3.11/test/__pycache__/test_gzip.cpython-311.opt-1.pyc
  inflating: lib/python3.11/test/__pycache__/test_resource.cpython-311.pyc
  inflating: lib/python3.11/test/__pycache__/test_buffer.cpython-311.opt-1.pyc
  inflating: lib/python3.11/test/__pycache__/test_msilib.cpython-311.opt-2.pyc
  inflating: lib/python3.11/test/__pycache__/test___all__.cpython-311.pyc
  inflating: lib/python3.11/test/__pycache__/test_tuple.cpython-311.opt-2.pyc
  inflating: lib/python3.11/test/__pycache__/test_unicodedata.cpython-311.opt-2.pyc
  inflating: lib/python3.11/test/__pycache__/pythoninfo.cpython-311.pyc
  inflating: lib/python3.11/test/__pycache__/test_dataclasses.cpython-311.opt-2.pyc
  inflating: lib/python3.11/test/__pycache__/test_pickletools.cpython-311.opt-1.pyc
  inflating: lib/python3.11/test/__pycache__/test_base64.cpython-311.opt-1.pyc
  inflating: lib/python3.11/test/__pycache__/string_tests.cpython-311.opt-2.pyc
  inflating: lib/python3.11/test/__pycache__/test_format.cpython-311.opt-2.pyc
  inflating: lib/python3.11/test/__pycache__/test_check_c_globals.cpython-311.opt-2.pyc
  inflating: lib/python3.11/test/__pycache__/test_functools.cpython-311.opt-2.pyc
  inflating: lib/python3.11/test/__pycache__/test_slice.cpython-311.opt-1.pyc
  inflating: lib/python3.11/test/__pycache__/test_int_literal.cpython-311.pyc
  inflating: lib/python3.11/test/__pycache__/test_pyexpat.cpython-311.opt-1.pyc
  inflating: lib/python3.11/test/__pycache__/test_script_helper.cpython-311.opt-1.pyc
  inflating: lib/python3.11/test/__pycache__/test_pyexpat.cpython-311.opt-2.pyc
  inflating: lib/python3.11/test/__pycache__/test_check_c_globals.cpython-311.pyc
  inflating: lib/python3.11/test/__pycache__/test_ctypes.cpython-311.opt-1.pyc
  inflating: lib/python3.11/test/__pycache__/test_lib2to3.cpython-311.opt-2.pyc
  inflating: lib/python3.11/test/__pycache__/test_tarfile.cpython-311.opt-2.pyc
  inflating: lib/python3.11/test/__pycache__/test_codecencodings_tw.cpython-311.pyc
  inflating: lib/python3.11/test/__pycache__/test_file_eintr.cpython-311.opt-2.pyc
  inflating: lib/python3.11/test/__pycache__/test_dynamic.cpython-311.pyc
  inflating: lib/python3.11/test/__pycache__/test_timeit.cpython-311.opt-2.pyc
  inflating: lib/python3.11/test/__pycache__/_typed_dict_helper.cpython-311.pyc
  inflating: lib/python3.11/test/__pycache__/test_shelve.cpython-311.opt-1.pyc
  inflating: lib/python3.11/test/__pycache__/test_dis.cpython-311.opt-1.pyc
  inflating: lib/python3.11/test/__pycache__/test_long.cpython-311.opt-1.pyc
  inflating: lib/python3.11/test/__pycache__/test_csv.cpython-311.pyc
  inflating: lib/python3.11/test/__pycache__/test_doctest.cpython-311.opt-1.pyc
  inflating: lib/python3.11/test/__pycache__/test_fileio.cpython-311.opt-2.pyc
  inflating: lib/python3.11/test/__pycache__/inspect_fodder2.cpython-311.opt-2.pyc
  inflating: lib/python3.11/test/__pycache__/multibytecodec_support.cpython-311.opt-1.pyc
  inflating: lib/python3.11/test/__pycache__/test_kqueue.cpython-311.opt-1.pyc
  inflating: lib/python3.11/test/__pycache__/test_int_literal.cpython-311.opt-1.pyc
  inflating: lib/python3.11/test/__pycache__/test_symtable.cpython-311.opt-1.pyc
  inflating: lib/python3.11/test/__pycache__/test_module.cpython-311.pyc
  inflating: lib/python3.11/test/__pycache__/test_deque.cpython-311.opt-1.pyc
  inflating: lib/python3.11/test/__pycache__/_test_eintr.cpython-311.opt-2.pyc
  inflating: lib/python3.11/test/__pycache__/test_codecmaps_jp.cpython-311.opt-2.pyc
  inflating: lib/python3.11/test/__pycache__/test_webbrowser.cpython-311.opt-1.pyc
  inflating: lib/python3.11/test/__pycache__/fork_wait.cpython-311.pyc
  inflating: lib/python3.11/test/__pycache__/test_startfile.cpython-311.pyc
  inflating: lib/python3.11/test/__pycache__/testcodec.cpython-311.pyc
  inflating: lib/python3.11/test/__pycache__/test_frame.cpython-311.pyc
  inflating: lib/python3.11/test/__pycache__/test_strtod.cpython-311.opt-2.pyc
  inflating: lib/python3.11/test/__pycache__/test_poplib.cpython-311.opt-1.pyc
  inflating: lib/python3.11/test/__pycache__/test_modulefinder.cpython-311.pyc
  inflating: lib/python3.11/test/__pycache__/profilee.cpython-311.opt-1.pyc
  inflating: lib/python3.11/test/__pycache__/pydocfodder.cpython-311.opt-1.pyc
  inflating: lib/python3.11/test/__pycache__/test_defaultdict.cpython-311.pyc
  inflating: lib/python3.11/test/__pycache__/test_unicode.cpython-311.opt-1.pyc
  inflating: lib/python3.11/test/__pycache__/test_stable_abi_ctypes.cpython-311.opt-2.pyc
  inflating: lib/python3.11/test/__pycache__/test_bigmem.cpython-311.pyc
  inflating: lib/python3.11/test/__pycache__/test_smtpnet.cpython-311.opt-2.pyc
  inflating: lib/python3.11/test/__pycache__/test_xml_etree.cpython-311.opt-1.pyc
  inflating: lib/python3.11/test/__pycache__/test_contains.cpython-311.pyc
  inflating: lib/python3.11/test/__pycache__/test_subprocess.cpython-311.opt-2.pyc
  inflating: lib/python3.11/test/__pycache__/test_binop.cpython-311.opt-1.pyc
  inflating: lib/python3.11/test/__pycache__/test_source_encoding.cpython-311.opt-1.pyc
  inflating: lib/python3.11/test/__pycache__/test_uu.cpython-311.opt-2.pyc
  inflating: lib/python3.11/test/__pycache__/test_devpoll.cpython-311.opt-1.pyc
  inflating: lib/python3.11/test/__pycache__/test_pyclbr.cpython-311.opt-1.pyc
  inflating: lib/python3.11/test/__pycache__/test_locale.cpython-311.opt-2.pyc
  inflating: lib/python3.11/test/__pycache__/test_sundry.cpython-311.opt-2.pyc
  inflating: lib/python3.11/test/__pycache__/test_userstring.cpython-311.opt-2.pyc
  inflating: lib/python3.11/test/__pycache__/test_abstract_numbers.cpython-311.opt-2.pyc
  inflating: lib/python3.11/test/__pycache__/test_xml_etree.cpython-311.pyc
  inflating: lib/python3.11/test/__pycache__/test_contextlib_async.cpython-311.opt-1.pyc
  inflating: lib/python3.11/test/__pycache__/test_list.cpython-311.opt-2.pyc
  inflating: lib/python3.11/test/__pycache__/test_multiprocessing_fork.cpython-311.pyc
  inflating: lib/python3.11/test/__pycache__/test_tk.cpython-311.opt-1.pyc
  inflating: lib/python3.11/test/__pycache__/string_tests.cpython-311.opt-1.pyc
  inflating: lib/python3.11/test/__pycache__/test_pickle.cpython-311.opt-2.pyc
  inflating: lib/python3.11/test/__pycache__/test_cprofile.cpython-311.pyc
  inflating: lib/python3.11/test/__pycache__/test_format.cpython-311.pyc
  inflating: lib/python3.11/test/__pycache__/test_dataclasses.cpython-311.pyc
  inflating: lib/python3.11/test/__pycache__/test_xxlimited.cpython-311.opt-2.pyc
  inflating: lib/python3.11/test/__pycache__/test_interpreters.cpython-311.pyc
  inflating: lib/python3.11/test/__pycache__/test_generators.cpython-311.pyc
  inflating: lib/python3.11/test/__pycache__/test_pathlib.cpython-311.pyc
  inflating: lib/python3.11/test/__pycache__/test_urllib.cpython-311.pyc
  inflating: lib/python3.11/test/__pycache__/test_frozen.cpython-311.opt-1.pyc
  inflating: lib/python3.11/test/__pycache__/test_array.cpython-311.opt-2.pyc
  inflating: lib/python3.11/test/__pycache__/test_strptime.cpython-311.opt-2.pyc
  inflating: lib/python3.11/test/__pycache__/test_webbrowser.cpython-311.opt-2.pyc
  inflating: lib/python3.11/test/__pycache__/test_decimal.cpython-311.opt-2.pyc
  inflating: lib/python3.11/test/__pycache__/test_getpath.cpython-311.pyc
  inflating: lib/python3.11/test/__pycache__/test_mimetypes.cpython-311.opt-1.pyc
  inflating: lib/python3.11/test/__pycache__/test_exception_variations.cpython-311.opt-1.pyc
  inflating: lib/python3.11/test/__pycache__/pydoc_mod.cpython-311.pyc
  inflating: lib/python3.11/test/__pycache__/test_curses.cpython-311.pyc
  inflating: lib/python3.11/test/__pycache__/test_pulldom.cpython-311.opt-1.pyc
  inflating: lib/python3.11/test/__pycache__/test_http_cookies.cpython-311.opt-1.pyc
  inflating: lib/python3.11/test/__pycache__/test_generator_stop.cpython-311.opt-2.pyc
  inflating: lib/python3.11/test/__pycache__/test_decorators.cpython-311.pyc
  inflating: lib/python3.11/test/__pycache__/test_setcomps.cpython-311.opt-1.pyc
  inflating: lib/python3.11/test/__pycache__/test_bigmem.cpython-311.opt-1.pyc
  inflating: lib/python3.11/test/__pycache__/test_unicode_identifiers.cpython-311.opt-2.pyc
  inflating: lib/python3.11/test/__pycache__/test_smtplib.cpython-311.opt-2.pyc
  inflating: lib/python3.11/test/__pycache__/test_tokenize.cpython-311.pyc
  inflating: lib/python3.11/test/__pycache__/test_dict_version.cpython-311.opt-2.pyc
  inflating: lib/python3.11/test/__pycache__/__main__.cpython-311.opt-2.pyc
  inflating: lib/python3.11/test/__pycache__/test_keywordonlyarg.cpython-311.opt-2.pyc
  inflating: lib/python3.11/test/__pycache__/test_calendar.cpython-311.opt-1.pyc
  inflating: lib/python3.11/test/__pycache__/test_codeop.cpython-311.opt-1.pyc
  inflating: lib/python3.11/test/__pycache__/gdb_sample.cpython-311.opt-1.pyc
  inflating: lib/python3.11/test/__pycache__/test_xxtestfuzz.cpython-311.pyc
  inflating: lib/python3.11/test/__pycache__/test_winsound.cpython-311.opt-2.pyc
  inflating: lib/python3.11/test/__pycache__/test_class.cpython-311.opt-1.pyc
  inflating: lib/python3.11/test/__pycache__/test_ipaddress.cpython-311.opt-1.pyc
  inflating: lib/python3.11/test/__pycache__/test_unicode.cpython-311.pyc
  inflating: lib/python3.11/test/__pycache__/curses_tests.cpython-311.opt-1.pyc
  inflating: lib/python3.11/test/__pycache__/test_genexps.cpython-311.pyc
  inflating: lib/python3.11/test/__pycache__/test_syslog.cpython-311.opt-2.pyc
  inflating: lib/python3.11/test/__pycache__/test_ssl.cpython-311.pyc
  inflating: lib/python3.11/test/__pycache__/test_unparse.cpython-311.opt-1.pyc
  inflating: lib/python3.11/test/__pycache__/test_ftplib.cpython-311.opt-1.pyc
  inflating: lib/python3.11/test/__pycache__/bad_getattr.cpython-311.pyc
  inflating: lib/python3.11/test/__pycache__/test_sysconfig.cpython-311.opt-2.pyc
  inflating: lib/python3.11/test/__pycache__/test_traceback.cpython-311.opt-1.pyc
  inflating: lib/python3.11/test/__pycache__/test_multiprocessing_forkserver.cpython-311.pyc
  inflating: lib/python3.11/test/__pycache__/ann_module5.cpython-311.opt-2.pyc
  inflating: lib/python3.11/test/__pycache__/test_xmlrpc_net.cpython-311.opt-1.pyc
  inflating: lib/python3.11/test/__pycache__/test_socket.cpython-311.opt-1.pyc
  inflating: lib/python3.11/test/__pycache__/test_peepholer.cpython-311.opt-1.pyc
  inflating: lib/python3.11/test/__pycache__/test_sysconfig.cpython-311.pyc
  inflating: lib/python3.11/test/__pycache__/ssl_servers.cpython-311.pyc
  inflating: lib/python3.11/test/__pycache__/autotest.cpython-311.pyc
  inflating: lib/python3.11/test/__pycache__/test_pulldom.cpython-311.opt-2.pyc
  inflating: lib/python3.11/test/__pycache__/test_readline.cpython-311.opt-1.pyc
  inflating: lib/python3.11/test/__pycache__/test_code.cpython-311.pyc
  inflating: lib/python3.11/test/__pycache__/test_c_locale_coercion.cpython-311.pyc
  inflating: lib/python3.11/test/__pycache__/test_getpath.cpython-311.opt-2.pyc
  inflating: lib/python3.11/test/__pycache__/test_grammar.cpython-311.opt-1.pyc
  inflating: lib/python3.11/test/__pycache__/test_clinic.cpython-311.opt-2.pyc
  inflating: lib/python3.11/test/__pycache__/test_descrtut.cpython-311.opt-1.pyc
  inflating: lib/python3.11/test/__pycache__/test_codecmaps_hk.cpython-311.opt-2.pyc
  inflating: lib/python3.11/test/__pycache__/curses_tests.cpython-311.opt-2.pyc
  inflating: lib/python3.11/test/__pycache__/doctest_aliases.cpython-311.opt-1.pyc
  inflating: lib/python3.11/test/__pycache__/test_graphlib.cpython-311.opt-2.pyc
  inflating: lib/python3.11/test/__pycache__/test___all__.cpython-311.opt-2.pyc
  inflating: lib/python3.11/test/__pycache__/test_source_encoding.cpython-311.opt-2.pyc
  inflating: lib/python3.11/test/__pycache__/test_yield_from.cpython-311.opt-1.pyc
  inflating: lib/python3.11/test/__pycache__/test_abstract_numbers.cpython-311.pyc
  inflating: lib/python3.11/test/__pycache__/test_secrets.cpython-311.opt-2.pyc
  inflating: lib/python3.11/test/__pycache__/test_coroutines.cpython-311.pyc
  inflating: lib/python3.11/test/__pycache__/test_picklebuffer.cpython-311.opt-1.pyc
  inflating: lib/python3.11/test/__pycache__/test_unpack.cpython-311.pyc
  inflating: lib/python3.11/test/__pycache__/test_contains.cpython-311.opt-1.pyc
  inflating: lib/python3.11/test/__pycache__/test_sys_settrace.cpython-311.opt-1.pyc
  inflating: lib/python3.11/test/__pycache__/test_threading_local.cpython-311.opt-2.pyc
  inflating: lib/python3.11/test/__pycache__/test_textwrap.cpython-311.opt-2.pyc
  inflating: lib/python3.11/test/__pycache__/test_ordered_dict.cpython-311.opt-2.pyc
  inflating: lib/python3.11/test/__pycache__/setup_testcppext.cpython-311.opt-2.pyc
  inflating: lib/python3.11/test/__pycache__/test_mmap.cpython-311.opt-1.pyc
  inflating: lib/python3.11/test/__pycache__/test_ntpath.cpython-311.opt-2.pyc
  inflating: lib/python3.11/test/__pycache__/test_urllib_response.cpython-311.pyc
  inflating: lib/python3.11/test/__pycache__/test_float.cpython-311.opt-1.pyc
  inflating: lib/python3.11/test/__pycache__/test_module.cpython-311.opt-2.pyc
  inflating: lib/python3.11/test/__pycache__/_test_embed_set_config.cpython-311.opt-1.pyc
  inflating: lib/python3.11/test/__pycache__/test_ttk_textonly.cpython-311.pyc
  inflating: lib/python3.11/test/__pycache__/_test_embed_structseq.cpython-311.pyc
  inflating: lib/python3.11/test/__pycache__/test_genericpath.cpython-311.opt-1.pyc
  inflating: lib/python3.11/test/__pycache__/pythoninfo.cpython-311.opt-1.pyc
  inflating: lib/python3.11/test/__pycache__/test_baseexception.cpython-311.opt-1.pyc
  inflating: lib/python3.11/test/__pycache__/test_utf8_mode.cpython-311.opt-1.pyc
  inflating: lib/python3.11/test/__pycache__/test_sndhdr.cpython-311.opt-2.pyc
  inflating: lib/python3.11/test/__pycache__/test_pep646_syntax.cpython-311.opt-2.pyc
  inflating: lib/python3.11/test/__pycache__/test_gc.cpython-311.pyc
  inflating: lib/python3.11/test/__pycache__/test_named_expressions.cpython-311.opt-1.pyc
  inflating: lib/python3.11/test/__pycache__/test_typechecks.cpython-311.pyc
  inflating: lib/python3.11/test/__pycache__/test_generator_stop.cpython-311.pyc
  inflating: lib/python3.11/test/__pycache__/test_abc.cpython-311.opt-2.pyc
  inflating: lib/python3.11/test/__pycache__/test_type_cache.cpython-311.opt-2.pyc
  inflating: lib/python3.11/test/__pycache__/test_threading.cpython-311.pyc
  inflating: lib/python3.11/test/__pycache__/test_modulefinder.cpython-311.opt-1.pyc
  inflating: lib/python3.11/test/__pycache__/test_dataclasses.cpython-311.opt-1.pyc
  inflating: lib/python3.11/test/__pycache__/test_difflib.cpython-311.opt-2.pyc
  inflating: lib/python3.11/test/__pycache__/__init__.cpython-311.opt-2.pyc
  inflating: lib/python3.11/test/__pycache__/test_pep646_syntax.cpython-311.pyc
  inflating: lib/python3.11/test/__pycache__/test_urllib2net.cpython-311.pyc
  inflating: lib/python3.11/test/__pycache__/test_multiprocessing_main_handling.cpython-311.opt-1.pyc
  inflating: lib/python3.11/test/__pycache__/test_codecencodings_kr.cpython-311.pyc
  inflating: lib/python3.11/test/__pycache__/_test_venv_multiprocessing.cpython-311.opt-1.pyc
  inflating: lib/python3.11/test/__pycache__/test_userdict.cpython-311.opt-2.pyc
  inflating: lib/python3.11/test/__pycache__/test_string_literals.cpython-311.opt-2.pyc
  inflating: lib/python3.11/test/__pycache__/test_xmlrpc_net.cpython-311.pyc
  inflating: lib/python3.11/test/__pycache__/test_typechecks.cpython-311.opt-2.pyc
  inflating: lib/python3.11/test/__pycache__/sample_doctest_no_docstrings.cpython-311.opt-2.pyc
  inflating: lib/python3.11/test/__pycache__/make_ssl_certs.cpython-311.pyc
  inflating: lib/python3.11/test/__pycache__/test_signal.cpython-311.opt-2.pyc
  inflating: lib/python3.11/test/__pycache__/test_with.cpython-311.opt-2.pyc
  inflating: lib/python3.11/test/__pycache__/test_peepholer.cpython-311.opt-2.pyc
  inflating: lib/python3.11/test/__pycache__/test_enumerate.cpython-311.opt-2.pyc
  inflating: lib/python3.11/test/__pycache__/test_imghdr.cpython-311.opt-1.pyc
  inflating: lib/python3.11/test/__pycache__/final_b.cpython-311.pyc
  inflating: lib/python3.11/test/__pycache__/test_hmac.cpython-311.opt-1.pyc
  inflating: lib/python3.11/test/__pycache__/test_plistlib.cpython-311.pyc
  inflating: lib/python3.11/test/__pycache__/test_strftime.cpython-311.opt-1.pyc
  inflating: lib/python3.11/test/__pycache__/test_buffer.cpython-311.pyc
  inflating: lib/python3.11/test/__pycache__/test_sched.cpython-311.opt-1.pyc
  inflating: lib/python3.11/test/__pycache__/test_math.cpython-311.pyc
  inflating: lib/python3.11/test/__pycache__/test_extcall.cpython-311.opt-2.pyc
  inflating: lib/python3.11/test/__pycache__/test_xxlimited.cpython-311.opt-1.pyc
  inflating: lib/python3.11/test/__pycache__/test___future__.cpython-311.pyc
  inflating: lib/python3.11/test/__pycache__/dataclass_module_1.cpython-311.opt-1.pyc
  inflating: lib/python3.11/test/__pycache__/dataclass_textanno.cpython-311.opt-1.pyc
  inflating: lib/python3.11/test/__pycache__/test_csv.cpython-311.opt-2.pyc
  inflating: lib/python3.11/test/__pycache__/test_utf8source.cpython-311.opt-2.pyc
  inflating: lib/python3.11/test/__pycache__/test_sys_setprofile.cpython-311.opt-1.pyc
  inflating: lib/python3.11/test/__pycache__/test_cmd.cpython-311.opt-2.pyc
  inflating: lib/python3.11/test/__pycache__/test_sort.cpython-311.pyc
  inflating: lib/python3.11/test/__pycache__/test_codecencodings_hk.cpython-311.opt-1.pyc
  inflating: lib/python3.11/test/__pycache__/reperf.cpython-311.opt-2.pyc
  inflating: lib/python3.11/test/__pycache__/test_contextlib.cpython-311.opt-2.pyc
  inflating: lib/python3.11/test/__pycache__/test_complex.cpython-311.opt-2.pyc
  inflating: lib/python3.11/test/__pycache__/test_exceptions.cpython-311.opt-1.pyc
  inflating: lib/python3.11/test/__pycache__/test_venv.cpython-311.pyc
  inflating: lib/python3.11/test/__pycache__/test_distutils.cpython-311.opt-2.pyc
  inflating: lib/python3.11/test/__pycache__/test_sundry.cpython-311.opt-1.pyc
  inflating: lib/python3.11/test/__pycache__/test_codecencodings_jp.cpython-311.pyc
  inflating: lib/python3.11/test/__pycache__/sample_doctest_no_docstrings.cpython-311.pyc
  inflating: lib/python3.11/test/__pycache__/test_userdict.cpython-311.opt-1.pyc
  inflating: lib/python3.11/test/__pycache__/test_gzip.cpython-311.pyc
  inflating: lib/python3.11/test/__pycache__/test_quopri.cpython-311.opt-2.pyc
  inflating: lib/python3.11/test/__pycache__/test_property.cpython-311.opt-1.pyc
  inflating: lib/python3.11/test/__pycache__/dataclass_module_1_str.cpython-311.opt-1.pyc
  inflating: lib/python3.11/test/__pycache__/future_test2.cpython-311.opt-1.pyc
  inflating: lib/python3.11/test/__pycache__/test_faulthandler.cpython-311.opt-2.pyc
  inflating: lib/python3.11/test/__pycache__/test_dis.cpython-311.pyc
  inflating: lib/python3.11/test/__pycache__/re_tests.cpython-311.opt-2.pyc
  inflating: lib/python3.11/test/__pycache__/test__locale.cpython-311.opt-1.pyc
  inflating: lib/python3.11/test/__pycache__/test_hash.cpython-311.opt-2.pyc
  inflating: lib/python3.11/test/__pycache__/test_codecencodings_kr.cpython-311.opt-2.pyc
  inflating: lib/python3.11/test/__pycache__/test_datetime.cpython-311.opt-1.pyc
  inflating: lib/python3.11/test/__pycache__/relimport.cpython-311.opt-1.pyc
  inflating: lib/python3.11/test/__pycache__/inspect_stringized_annotations.cpython-311.opt-1.pyc
  inflating: lib/python3.11/test/__pycache__/mock_socket.cpython-311.opt-1.pyc
  inflating: lib/python3.11/test/__pycache__/test_poll.cpython-311.pyc
  inflating: lib/python3.11/test/__pycache__/test_multibytecodec.cpython-311.opt-1.pyc
  inflating: lib/python3.11/test/__pycache__/test_iter.cpython-311.opt-1.pyc
  inflating: lib/python3.11/test/__pycache__/test_pdb.cpython-311.pyc
  inflating: lib/python3.11/test/__pycache__/test_scope.cpython-311.opt-2.pyc
  inflating: lib/python3.11/test/__pycache__/test_interpreters.cpython-311.opt-2.pyc
  inflating: lib/python3.11/test/__pycache__/test_logging.cpython-311.opt-2.pyc
  inflating: lib/python3.11/test/__pycache__/test_xml_etree_c.cpython-311.opt-1.pyc
  inflating: lib/python3.11/test/__pycache__/test_compile.cpython-311.opt-2.pyc
  inflating: lib/python3.11/test/__pycache__/mod_generics_cache.cpython-311.opt-2.pyc
  inflating: lib/python3.11/test/__pycache__/test_zlib.cpython-311.opt-2.pyc
  inflating: lib/python3.11/test/__pycache__/test_wait3.cpython-311.opt-2.pyc
  inflating: lib/python3.11/test/__pycache__/test_wait3.cpython-311.pyc
  inflating: lib/python3.11/test/__pycache__/test_getpass.cpython-311.opt-1.pyc
  inflating: lib/python3.11/test/__pycache__/test_index.cpython-311.pyc
  inflating: lib/python3.11/test/__pycache__/time_hashlib.cpython-311.opt-1.pyc
  inflating: lib/python3.11/test/__pycache__/test_struct.cpython-311.pyc
  inflating: lib/python3.11/test/__pycache__/test_iter.cpython-311.pyc
  inflating: lib/python3.11/test/__pycache__/test_isinstance.cpython-311.opt-1.pyc
  inflating: lib/python3.11/test/__pycache__/test_cprofile.cpython-311.opt-1.pyc
  inflating: lib/python3.11/test/__pycache__/mp_preload.cpython-311.opt-1.pyc
  inflating: lib/python3.11/test/__pycache__/test_posix.cpython-311.opt-2.pyc
  inflating: lib/python3.11/test/__pycache__/test_minidom.cpython-311.opt-2.pyc
  inflating: lib/python3.11/test/__pycache__/test_sort.cpython-311.opt-1.pyc
  inflating: lib/python3.11/test/__pycache__/test_dbm_dumb.cpython-311.opt-1.pyc
  inflating: lib/python3.11/test/__pycache__/test_plistlib.cpython-311.opt-2.pyc
  inflating: lib/python3.11/test/__pycache__/final_a.cpython-311.opt-2.pyc
  inflating: lib/python3.11/test/__pycache__/test_dbm.cpython-311.opt-1.pyc
  inflating: lib/python3.11/test/__pycache__/test_strtod.cpython-311.opt-1.pyc
  inflating: lib/python3.11/test/__pycache__/test_stringprep.cpython-311.opt-2.pyc
  inflating: lib/python3.11/test/__pycache__/dataclass_module_2_str.cpython-311.opt-2.pyc
  inflating: lib/python3.11/test/__pycache__/test_set.cpython-311.opt-2.pyc
  inflating: lib/python3.11/test/__pycache__/test_turtle.cpython-311.opt-1.pyc
  inflating: lib/python3.11/test/__pycache__/test_dynamic.cpython-311.opt-2.pyc
  inflating: lib/python3.11/test/__pycache__/test_dtrace.cpython-311.pyc
  inflating: lib/python3.11/test/__pycache__/mapping_tests.cpython-311.opt-1.pyc
  inflating: lib/python3.11/test/__pycache__/test_pkg.cpython-311.pyc
  inflating: lib/python3.11/test/__pycache__/test_multiprocessing_spawn.cpython-311.opt-1.pyc
  inflating: lib/python3.11/test/__pycache__/test_random.cpython-311.opt-2.pyc
  inflating: lib/python3.11/test/__pycache__/test_dbm_ndbm.cpython-311.opt-1.pyc
  inflating: lib/python3.11/test/__pycache__/test_atexit.cpython-311.opt-1.pyc
  inflating: lib/python3.11/test/__pycache__/test_script_helper.cpython-311.opt-2.pyc
  inflating: lib/python3.11/test/__pycache__/mp_preload.cpython-311.pyc
  inflating: lib/python3.11/test/__pycache__/test_xml_dom_minicompat.cpython-311.opt-2.pyc
  inflating: lib/python3.11/test/__pycache__/test_filecmp.cpython-311.opt-1.pyc
  inflating: lib/python3.11/test/__pycache__/test_crypt.cpython-311.pyc
  inflating: lib/python3.11/test/__pycache__/test_xmlrpc.cpython-311.opt-1.pyc
  inflating: lib/python3.11/test/__pycache__/inspect_fodder2.cpython-311.pyc
  inflating: lib/python3.11/test/__pycache__/test_codecmaps_tw.cpython-311.opt-1.pyc
  inflating: lib/python3.11/test/__pycache__/test_glob.cpython-311.opt-2.pyc
  inflating: lib/python3.11/test/__pycache__/_test_embed_set_config.cpython-311.pyc
  inflating: lib/python3.11/test/__pycache__/test_ensurepip.cpython-311.opt-2.pyc
  inflating: lib/python3.11/test/__pycache__/test_devpoll.cpython-311.opt-2.pyc
  inflating: lib/python3.11/test/__pycache__/test_named_expressions.cpython-311.opt-2.pyc
  inflating: lib/python3.11/test/__pycache__/test_httplib.cpython-311.opt-2.pyc
  inflating: lib/python3.11/test/__pycache__/test_audit.cpython-311.opt-1.pyc
  inflating: lib/python3.11/test/__pycache__/test_cmd_line_script.cpython-311.pyc
  inflating: lib/python3.11/test/__pycache__/test_decorators.cpython-311.opt-1.pyc
  inflating: lib/python3.11/test/__pycache__/test_repl.cpython-311.pyc
  inflating: lib/python3.11/test/__pycache__/test_type_annotations.cpython-311.opt-2.pyc
  inflating: lib/python3.11/test/__pycache__/test_httpservers.cpython-311.pyc
  inflating: lib/python3.11/test/__pycache__/test_linecache.cpython-311.pyc
  inflating: lib/python3.11/test/__pycache__/test_site.cpython-311.pyc
  inflating: lib/python3.11/test/__pycache__/autotest.cpython-311.opt-1.pyc
  inflating: lib/python3.11/test/__pycache__/test_call.cpython-311.opt-2.pyc
  inflating: lib/python3.11/test/__pycache__/test_tokenize.cpython-311.opt-1.pyc
  inflating: lib/python3.11/test/__pycache__/test_pipes.cpython-311.opt-2.pyc
  inflating: lib/python3.11/test/__pycache__/test_threading.cpython-311.opt-2.pyc
  inflating: lib/python3.11/test/__pycache__/test_popen.cpython-311.opt-2.pyc
  inflating: lib/python3.11/test/__pycache__/test_poll.cpython-311.opt-1.pyc
  inflating: lib/python3.11/test/__pycache__/test_posixpath.cpython-311.pyc
  inflating: lib/python3.11/test/__pycache__/test_ioctl.cpython-311.pyc
  inflating: lib/python3.11/test/__pycache__/test_asyncore.cpython-311.opt-2.pyc
  inflating: lib/python3.11/test/__pycache__/test_venv.cpython-311.opt-1.pyc
  inflating: lib/python3.11/test/__pycache__/test_bigaddrspace.cpython-311.opt-2.pyc
  inflating: lib/python3.11/test/__pycache__/test_keyword.cpython-311.opt-2.pyc
  inflating: lib/python3.11/test/__pycache__/test_codecencodings_cn.cpython-311.pyc
  inflating: lib/python3.11/test/__pycache__/test_format.cpython-311.opt-1.pyc
  inflating: lib/python3.11/test/__pycache__/test_pprint.cpython-311.pyc
  inflating: lib/python3.11/test/__pycache__/test_funcattrs.cpython-311.opt-2.pyc
  inflating: lib/python3.11/test/__pycache__/test_stable_abi_ctypes.cpython-311.opt-1.pyc
  inflating: lib/python3.11/test/__pycache__/test_genericclass.cpython-311.opt-1.pyc
  inflating: lib/python3.11/test/__pycache__/test_bisect.cpython-311.opt-1.pyc
  inflating: lib/python3.11/test/__pycache__/test_ast.cpython-311.pyc
  inflating: lib/python3.11/test/__pycache__/future_test1.cpython-311.opt-2.pyc
  inflating: lib/python3.11/test/__pycache__/test_xmlrpc.cpython-311.opt-2.pyc
  inflating: lib/python3.11/test/__pycache__/test_compile.cpython-311.opt-1.pyc
  inflating: lib/python3.11/test/__pycache__/test_hashlib.cpython-311.opt-2.pyc
  inflating: lib/python3.11/test/__pycache__/test_posixpath.cpython-311.opt-2.pyc
  inflating: lib/python3.11/test/__pycache__/test_future.cpython-311.pyc
  inflating: lib/python3.11/test/__pycache__/test_opcodes.cpython-311.opt-2.pyc
  inflating: lib/python3.11/test/__pycache__/test_bytes.cpython-311.pyc
  inflating: lib/python3.11/test/__pycache__/test_multiprocessing_main_handling.cpython-311.opt-2.pyc
  inflating: lib/python3.11/test/__pycache__/test_finalization.cpython-311.opt-1.pyc
  inflating: lib/python3.11/test/__pycache__/test_urllib_response.cpython-311.opt-1.pyc
  inflating: lib/python3.11/test/__pycache__/test_lzma.cpython-311.opt-1.pyc
  inflating: lib/python3.11/test/__pycache__/dis_module.cpython-311.opt-2.pyc
  inflating: lib/python3.11/test/__pycache__/test_re.cpython-311.pyc
  inflating: lib/python3.11/test/__pycache__/test_syntax.cpython-311.opt-2.pyc
  inflating: lib/python3.11/test/__pycache__/test_type_cache.cpython-311.pyc
  inflating: lib/python3.11/test/__pycache__/test_future3.cpython-311.opt-2.pyc
  inflating: lib/python3.11/test/__pycache__/test_spwd.cpython-311.opt-2.pyc
  inflating: lib/python3.11/test/__pycache__/test_fileutils.cpython-311.opt-1.pyc
  inflating: lib/python3.11/test/__pycache__/test_itertools.cpython-311.pyc
  inflating: lib/python3.11/test/__pycache__/test_dict_version.cpython-311.pyc
  inflating: lib/python3.11/test/__pycache__/test_largefile.cpython-311.opt-1.pyc
  inflating: lib/python3.11/test/__pycache__/ssl_servers.cpython-311.opt-1.pyc
  inflating: lib/python3.11/test/__pycache__/test_io.cpython-311.opt-1.pyc
  inflating: lib/python3.11/test/__pycache__/ann_module.cpython-311.opt-1.pyc
  inflating: lib/python3.11/test/__pycache__/audiotests.cpython-311.opt-2.pyc
  inflating: lib/python3.11/test/__pycache__/test_copyreg.cpython-311.opt-2.pyc
  inflating: lib/python3.11/test/__pycache__/test_codecencodings_jp.cpython-311.opt-1.pyc
  inflating: lib/python3.11/test/__pycache__/test_timeit.cpython-311.opt-1.pyc
  inflating: lib/python3.11/test/__pycache__/test_types.cpython-311.pyc
  inflating: lib/python3.11/test/__pycache__/test_shlex.cpython-311.opt-2.pyc
  inflating: lib/python3.11/test/__pycache__/test_idle.cpython-311.opt-2.pyc
  inflating: lib/python3.11/test/__pycache__/test_pipes.cpython-311.opt-1.pyc
  inflating: lib/python3.11/test/__pycache__/test_compare.cpython-311.pyc
  inflating: lib/python3.11/test/__pycache__/test_bisect.cpython-311.pyc
  inflating: lib/python3.11/test/__pycache__/test_file.cpython-311.opt-1.pyc
  inflating: lib/python3.11/test/__pycache__/test_future.cpython-311.opt-2.pyc
  inflating: lib/python3.11/test/__pycache__/ssl_servers.cpython-311.opt-2.pyc
  inflating: lib/python3.11/test/__pycache__/tf_inherit_check.cpython-311.opt-2.pyc
  inflating: lib/python3.11/test/__pycache__/test_launcher.cpython-311.pyc
  inflating: lib/python3.11/test/__pycache__/test_dictviews.cpython-311.pyc
  inflating: lib/python3.11/test/__pycache__/test_resource.cpython-311.opt-1.pyc
  inflating: lib/python3.11/test/__pycache__/test_sys_settrace.cpython-311.pyc
  inflating: lib/python3.11/test/__pycache__/test_bisect.cpython-311.opt-2.pyc
  inflating: lib/python3.11/test/__pycache__/test_audit.cpython-311.opt-2.pyc
  inflating: lib/python3.11/test/__pycache__/test_genericpath.cpython-311.opt-2.pyc
  inflating: lib/python3.11/test/__pycache__/test_pyexpat.cpython-311.pyc
  inflating: lib/python3.11/test/__pycache__/_test_atexit.cpython-311.opt-2.pyc
  inflating: lib/python3.11/test/__pycache__/test_code.cpython-311.opt-1.pyc
  inflating: lib/python3.11/test/__pycache__/test_long.cpython-311.opt-2.pyc
  inflating: lib/python3.11/test/__pycache__/test_trace.cpython-311.opt-2.pyc
  inflating: lib/python3.11/test/__pycache__/test_kqueue.cpython-311.opt-2.pyc
  inflating: lib/python3.11/test/__pycache__/test_errno.cpython-311.opt-1.pyc
  inflating: lib/python3.11/test/__pycache__/signalinterproctester.cpython-311.pyc
  inflating: lib/python3.11/test/__pycache__/dis_module.cpython-311.pyc
  inflating: lib/python3.11/test/__pycache__/test_crashers.cpython-311.pyc
  inflating: lib/python3.11/test/__pycache__/test_embed.cpython-311.pyc
  inflating: lib/python3.11/test/__pycache__/test_iterlen.cpython-311.pyc
  inflating: lib/python3.11/test/__pycache__/test_slice.cpython-311.pyc
  inflating: lib/python3.11/test/__pycache__/test_readline.cpython-311.pyc
  inflating: lib/python3.11/test/__pycache__/test_launcher.cpython-311.opt-2.pyc
  inflating: lib/python3.11/test/__pycache__/test_cgi.cpython-311.opt-1.pyc
  inflating: lib/python3.11/test/__pycache__/test_structmembers.cpython-311.opt-2.pyc
  inflating: lib/python3.11/test/__pycache__/test_pdb.cpython-311.opt-1.pyc
  inflating: lib/python3.11/test/__pycache__/test_smtpd.cpython-311.pyc
  inflating: lib/python3.11/test/__pycache__/test_future5.cpython-311.pyc
  inflating: lib/python3.11/test/__pycache__/test_pstats.cpython-311.opt-2.pyc
  inflating: lib/python3.11/test/__pycache__/test_print.cpython-311.opt-1.pyc
  inflating: lib/python3.11/test/__pycache__/test_tix.cpython-311.pyc
  inflating: lib/python3.11/test/__pycache__/test_flufl.cpython-311.opt-1.pyc
  inflating: lib/python3.11/test/__pycache__/test_structseq.cpython-311.pyc
  inflating: lib/python3.11/test/__pycache__/test_context.cpython-311.pyc
  inflating: lib/python3.11/test/__pycache__/test_fork1.cpython-311.opt-2.pyc
  inflating: lib/python3.11/test/__pycache__/sample_doctest_no_doctests.cpython-311.pyc
  inflating: lib/python3.11/test/__pycache__/test_isinstance.cpython-311.pyc
  inflating: lib/python3.11/test/__pycache__/test_weakset.cpython-311.opt-1.pyc
  inflating: lib/python3.11/test/__pycache__/test_scope.cpython-311.opt-1.pyc
  inflating: lib/python3.11/test/__pycache__/test_clinic.cpython-311.opt-1.pyc
  inflating: lib/python3.11/test/__pycache__/test_raise.cpython-311.opt-2.pyc
  inflating: lib/python3.11/test/__pycache__/test_stable_abi_ctypes.cpython-311.pyc
  inflating: lib/python3.11/test/__pycache__/test_pydoc.cpython-311.opt-2.pyc
  inflating: lib/python3.11/test/__pycache__/mp_preload.cpython-311.opt-2.pyc
  inflating: lib/python3.11/test/__pycache__/test_eintr.cpython-311.opt-1.pyc
  inflating: lib/python3.11/test/__pycache__/test_collections.cpython-311.opt-2.pyc
  inflating: lib/python3.11/test/__pycache__/inspect_fodder.cpython-311.pyc
  inflating: lib/python3.11/test/__pycache__/test_audioop.cpython-311.opt-2.pyc
  inflating: lib/python3.11/test/__pycache__/test_codecencodings_iso2022.cpython-311.pyc
  inflating: lib/python3.11/test/__pycache__/test_compile.cpython-311.pyc
  inflating: lib/python3.11/test/__pycache__/test_augassign.cpython-311.opt-1.pyc
  inflating: lib/python3.11/test/__pycache__/__main__.cpython-311.pyc
  inflating: lib/python3.11/test/__pycache__/test_int.cpython-311.pyc
  inflating: lib/python3.11/test/__pycache__/test_calendar.cpython-311.pyc
  inflating: lib/python3.11/test/__pycache__/test_xml_etree_c.cpython-311.pyc
  inflating: lib/python3.11/test/__pycache__/doctest_lineno.cpython-311.opt-2.pyc
  inflating: lib/python3.11/test/__pycache__/test_numeric_tower.cpython-311.opt-2.pyc
  inflating: lib/python3.11/test/__pycache__/test_sys.cpython-311.opt-1.pyc
  inflating: lib/python3.11/test/__pycache__/test_doctest.cpython-311.pyc
  inflating: lib/python3.11/test/__pycache__/test__opcode.cpython-311.opt-2.pyc
  inflating: lib/python3.11/test/__pycache__/test_enum.cpython-311.opt-1.pyc
  inflating: lib/python3.11/test/__pycache__/test_cmath.cpython-311.opt-1.pyc
  inflating: lib/python3.11/test/__pycache__/test_iterlen.cpython-311.opt-2.pyc
  inflating: lib/python3.11/test/__pycache__/test_gettext.cpython-311.opt-1.pyc
  inflating: lib/python3.11/test/__pycache__/imp_dummy.cpython-311.opt-2.pyc
  inflating: lib/python3.11/test/__pycache__/test_openpty.cpython-311.pyc
  inflating: lib/python3.11/test/__pycache__/test_subclassinit.cpython-311.opt-1.pyc
  inflating: lib/python3.11/test/__pycache__/test_compare.cpython-311.opt-2.pyc
  inflating: lib/python3.11/test/__pycache__/test_except_star.cpython-311.opt-1.pyc
  inflating: lib/python3.11/test/__pycache__/test_codecs.cpython-311.opt-1.pyc
  inflating: lib/python3.11/test/__pycache__/test_sys_settrace.cpython-311.opt-2.pyc
  inflating: lib/python3.11/test/__pycache__/test_socket.cpython-311.opt-2.pyc
  inflating: lib/python3.11/test/__pycache__/test_dynamicclassattribute.cpython-311.opt-1.pyc
  inflating: lib/python3.11/test/__pycache__/test_xxtestfuzz.cpython-311.opt-2.pyc
  inflating: lib/python3.11/test/__pycache__/test_site.cpython-311.opt-2.pyc
  inflating: lib/python3.11/test/__pycache__/future_test1.cpython-311.opt-1.pyc
  inflating: lib/python3.11/test/__pycache__/test_patma.cpython-311.opt-1.pyc
  inflating: lib/python3.11/test/__pycache__/time_hashlib.cpython-311.opt-2.pyc
  inflating: lib/python3.11/test/__pycache__/regrtest.cpython-311.opt-2.pyc
  inflating: lib/python3.11/test/__pycache__/test_opcache.cpython-311.opt-1.pyc
  inflating: lib/python3.11/test/__pycache__/test_zipapp.cpython-311.pyc
  inflating: lib/python3.11/test/__pycache__/test_gc.cpython-311.opt-2.pyc
  inflating: lib/python3.11/test/__pycache__/ann_module4.cpython-311.opt-2.pyc
  inflating: lib/python3.11/test/__pycache__/test_html.cpython-311.opt-1.pyc
  inflating: lib/python3.11/test/__pycache__/test_charmapcodec.cpython-311.pyc
  inflating: lib/python3.11/test/__pycache__/test_complex.cpython-311.opt-1.pyc
  inflating: lib/python3.11/test/__pycache__/test_copyreg.cpython-311.pyc
  inflating: lib/python3.11/test/__pycache__/time_hashlib.cpython-311.pyc
  inflating: lib/python3.11/test/__pycache__/xmltests.cpython-311.opt-2.pyc
  inflating: lib/python3.11/test/__pycache__/test_unparse.cpython-311.pyc
  inflating: lib/python3.11/test/__pycache__/test_codecencodings_hk.cpython-311.pyc
  inflating: lib/python3.11/test/__pycache__/testcodec.cpython-311.opt-1.pyc
  inflating: lib/python3.11/test/__pycache__/test_distutils.cpython-311.pyc
  inflating: lib/python3.11/test/__pycache__/test_zlib.cpython-311.opt-1.pyc
  inflating: lib/python3.11/test/__pycache__/doctest_aliases.cpython-311.opt-2.pyc
  inflating: lib/python3.11/test/__pycache__/test_zipfile.cpython-311.opt-2.pyc
  inflating: lib/python3.11/test/__pycache__/test_c_locale_coercion.cpython-311.opt-2.pyc
  inflating: lib/python3.11/test/__pycache__/test_docxmlrpc.cpython-311.pyc
  inflating: lib/python3.11/test/__pycache__/test_descrtut.cpython-311.pyc
  inflating: lib/python3.11/test/__pycache__/test_wait3.cpython-311.opt-1.pyc
  inflating: lib/python3.11/test/__pycache__/ann_module5.cpython-311.pyc
  inflating: lib/python3.11/test/__pycache__/test_sched.cpython-311.pyc
  inflating: lib/python3.11/test/__pycache__/test_unittest.cpython-311.opt-1.pyc
  inflating: lib/python3.11/test/__pycache__/test_docxmlrpc.cpython-311.opt-1.pyc
  inflating: lib/python3.11/test/__pycache__/test_multiprocessing_fork.cpython-311.opt-1.pyc
  inflating: lib/python3.11/test/__pycache__/test_print.cpython-311.opt-2.pyc
  inflating: lib/python3.11/test/__pycache__/test_listcomps.cpython-311.opt-1.pyc
  inflating: lib/python3.11/test/__pycache__/test_pwd.cpython-311.pyc
  inflating: lib/python3.11/test/__pycache__/test_io.cpython-311.opt-2.pyc
  inflating: lib/python3.11/test/__pycache__/bad_getattr2.cpython-311.opt-2.pyc
  inflating: lib/python3.11/test/__pycache__/test_fileinput.cpython-311.pyc
  inflating: lib/python3.11/test/__pycache__/test_timeout.cpython-311.opt-1.pyc
  inflating: lib/python3.11/test/__pycache__/test_calendar.cpython-311.opt-2.pyc
  inflating: lib/python3.11/test/__pycache__/test_yield_from.cpython-311.opt-2.pyc
  inflating: lib/python3.11/test/__pycache__/win_console_handler.cpython-311.opt-2.pyc
  inflating: lib/python3.11/test/__pycache__/test_marshal.cpython-311.pyc
  inflating: lib/python3.11/test/__pycache__/test_yield_from.cpython-311.pyc
  inflating: lib/python3.11/test/__pycache__/test_builtin.cpython-311.pyc
  inflating: lib/python3.11/test/__pycache__/bad_getattr3.cpython-311.pyc
  inflating: lib/python3.11/test/__pycache__/test_super.cpython-311.opt-1.pyc
  inflating: lib/python3.11/test/__pycache__/test_iter.cpython-311.opt-2.pyc
  inflating: lib/python3.11/test/__pycache__/test_ucn.cpython-311.pyc
  inflating: lib/python3.11/test/__pycache__/test_capi.cpython-311.opt-2.pyc
  inflating: lib/python3.11/test/__pycache__/pickletester.cpython-311.pyc
  inflating: lib/python3.11/test/__pycache__/test_descr.cpython-311.pyc
  inflating: lib/python3.11/test/__pycache__/test_pstats.cpython-311.opt-1.pyc
  inflating: lib/python3.11/test/__pycache__/test_difflib.cpython-311.opt-1.pyc
  inflating: lib/python3.11/test/__pycache__/test_sysconfig.cpython-311.opt-1.pyc
  inflating: lib/python3.11/test/__pycache__/test_cgitb.cpython-311.opt-1.pyc
  inflating: lib/python3.11/test/__pycache__/test_robotparser.cpython-311.opt-1.pyc
  inflating: lib/python3.11/test/__pycache__/test_resource.cpython-311.opt-2.pyc
  inflating: lib/python3.11/test/__pycache__/test_typing.cpython-311.opt-2.pyc
  inflating: lib/python3.11/test/__pycache__/test_tuple.cpython-311.opt-1.pyc
  inflating: lib/python3.11/test/__pycache__/test_io.cpython-311.pyc
  inflating: lib/python3.11/test/__pycache__/test___all__.cpython-311.opt-1.pyc
  inflating: lib/python3.11/test/__pycache__/test_pow.cpython-311.pyc
  inflating: lib/python3.11/test/__pycache__/test_unpack_ex.cpython-311.opt-1.pyc
  inflating: lib/python3.11/test/__pycache__/test_inspect.cpython-311.pyc
  inflating: lib/python3.11/test/__pycache__/test_rlcompleter.cpython-311.opt-2.pyc
  inflating: lib/python3.11/test/__pycache__/test_cprofile.cpython-311.opt-2.pyc
  inflating: lib/python3.11/test/__pycache__/test_readline.cpython-311.opt-2.pyc
  inflating: lib/python3.11/test/__pycache__/test_imaplib.cpython-311.opt-2.pyc
  inflating: lib/python3.11/test/__pycache__/ssltests.cpython-311.opt-1.pyc
  inflating: lib/python3.11/test/__pycache__/_test_eintr.cpython-311.pyc
  inflating: lib/python3.11/test/__pycache__/test_unicode_file_functions.cpython-311.pyc
  inflating: lib/python3.11/test/__pycache__/test_mailcap.cpython-311.opt-2.pyc
  inflating: lib/python3.11/test/__pycache__/test_memoryio.cpython-311.opt-1.pyc
  inflating: lib/python3.11/test/__pycache__/test_regrtest.cpython-311.opt-1.pyc
  inflating: lib/python3.11/test/__pycache__/test_tokenize.cpython-311.opt-2.pyc
  inflating: lib/python3.11/test/__pycache__/test_tabnanny.cpython-311.opt-2.pyc
  inflating: lib/python3.11/test/__pycache__/test_codecencodings_cn.cpython-311.opt-2.pyc
  inflating: lib/python3.11/test/__pycache__/test_struct.cpython-311.opt-2.pyc
  inflating: lib/python3.11/test/__pycache__/test_socketserver.cpython-311.opt-2.pyc
  inflating: lib/python3.11/test/__pycache__/test_ctypes.cpython-311.pyc
  inflating: lib/python3.11/test/__pycache__/test_future4.cpython-311.opt-2.pyc
  inflating: lib/python3.11/test/__pycache__/test_dbm_gnu.cpython-311.pyc
  inflating: lib/python3.11/test/__pycache__/final_b.cpython-311.opt-2.pyc
  inflating: lib/python3.11/test/__pycache__/test_imaplib.cpython-311.pyc
  inflating: lib/python3.11/test/__pycache__/sortperf.cpython-311.opt-2.pyc
  inflating: lib/python3.11/test/__pycache__/test_pkg.cpython-311.opt-2.pyc
  inflating: lib/python3.11/test/__pycache__/test_tk.cpython-311.pyc
  inflating: lib/python3.11/test/__pycache__/test__xxsubinterpreters.cpython-311.pyc
  inflating: lib/python3.11/test/__pycache__/test_ssl.cpython-311.opt-1.pyc
  inflating: lib/python3.11/test/__pycache__/win_console_handler.cpython-311.pyc
  inflating: lib/python3.11/test/__pycache__/ann_module2.cpython-311.pyc
  inflating: lib/python3.11/test/__pycache__/test_zipimport_support.cpython-311.opt-2.pyc
  inflating: lib/python3.11/test/__pycache__/_test_multiprocessing.cpython-311.pyc
  inflating: lib/python3.11/test/__pycache__/test_dictviews.cpython-311.opt-1.pyc
  inflating: lib/python3.11/test/__pycache__/mod_generics_cache.cpython-311.opt-1.pyc
  inflating: lib/python3.11/test/__pycache__/test_pydoc.cpython-311.opt-1.pyc
  inflating: lib/python3.11/test/__pycache__/test_ioctl.cpython-311.opt-1.pyc
  inflating: lib/python3.11/test/__pycache__/test_netrc.cpython-311.pyc
  inflating: lib/python3.11/test/__pycache__/test_bool.cpython-311.pyc
  inflating: lib/python3.11/test/__pycache__/test_errno.cpython-311.pyc
  inflating: lib/python3.11/test/__pycache__/test_tracemalloc.cpython-311.opt-2.pyc
  inflating: lib/python3.11/test/__pycache__/test_sax.cpython-311.opt-2.pyc
  inflating: lib/python3.11/test/__pycache__/mp_fork_bomb.cpython-311.pyc
  inflating: lib/python3.11/test/__pycache__/test_popen.cpython-311.opt-1.pyc
  inflating: lib/python3.11/test/__pycache__/pydocfodder.cpython-311.pyc
  inflating: lib/python3.11/test/__pycache__/test_reprlib.cpython-311.pyc
  inflating: lib/python3.11/test/__pycache__/good_getattr.cpython-311.opt-2.pyc
  inflating: lib/python3.11/test/__pycache__/test_fileinput.cpython-311.opt-2.pyc
  inflating: lib/python3.11/test/__pycache__/test_errno.cpython-311.opt-2.pyc
  inflating: lib/python3.11/test/__pycache__/_typed_dict_helper.cpython-311.opt-2.pyc
  inflating: lib/python3.11/test/__pycache__/pyclbr_input.cpython-311.opt-2.pyc
  inflating: lib/python3.11/test/__pycache__/_test_venv_multiprocessing.cpython-311.pyc
  inflating: lib/python3.11/test/__pycache__/test_mmap.cpython-311.opt-2.pyc
  inflating: lib/python3.11/test/__pycache__/test_traceback.cpython-311.pyc
  inflating: lib/python3.11/test/__pycache__/pickletester.cpython-311.opt-2.pyc
  inflating: lib/python3.11/test/__pycache__/test_telnetlib.cpython-311.opt-1.pyc
  inflating: lib/python3.11/test/__pycache__/test_cgitb.cpython-311.opt-2.pyc
  inflating: lib/python3.11/test/__pycache__/test_locale.cpython-311.opt-1.pyc
  inflating: lib/python3.11/test/__pycache__/test_http_cookies.cpython-311.opt-2.pyc
  inflating: lib/python3.11/test/__pycache__/test_collections.cpython-311.opt-1.pyc
  inflating: lib/python3.11/test/__pycache__/test_tabnanny.cpython-311.opt-1.pyc
  inflating: lib/python3.11/test/__pycache__/test_dynamicclassattribute.cpython-311.pyc
  inflating: lib/python3.11/test/__pycache__/ann_module4.cpython-311.pyc
  inflating: lib/python3.11/test/__pycache__/test_types.cpython-311.opt-1.pyc
  inflating: lib/python3.11/test/__pycache__/test_deque.cpython-311.opt-2.pyc
  inflating: lib/python3.11/test/__pycache__/test_sys_setprofile.cpython-311.opt-2.pyc
  inflating: lib/python3.11/test/__pycache__/test_strftime.cpython-311.pyc
  inflating: lib/python3.11/test/__pycache__/test_htmlparser.cpython-311.pyc
  inflating: lib/python3.11/test/__pycache__/testcodec.cpython-311.opt-2.pyc
  inflating: lib/python3.11/test/__pycache__/test_range.cpython-311.opt-2.pyc
  inflating: lib/python3.11/test/__pycache__/test_extcall.cpython-311.pyc
  inflating: lib/python3.11/test/__pycache__/datetimetester.cpython-311.opt-1.pyc
  inflating: lib/python3.11/test/__pycache__/test_exception_hierarchy.cpython-311.opt-2.pyc
  inflating: lib/python3.11/test/__pycache__/ann_module4.cpython-311.opt-1.pyc
  inflating: lib/python3.11/test/__pycache__/test_asdl_parser.cpython-311.opt-2.pyc
  inflating: lib/python3.11/test/__pycache__/test_threadedtempfile.cpython-311.opt-2.pyc
  inflating: lib/python3.11/test/__pycache__/test_codeop.cpython-311.pyc
  inflating: lib/python3.11/test/__pycache__/test_wave.cpython-311.opt-1.pyc
  inflating: lib/python3.11/test/__pycache__/test_shutil.cpython-311.opt-2.pyc
  inflating: lib/python3.11/test/__pycache__/test_int.cpython-311.opt-2.pyc
  inflating: lib/python3.11/test/__pycache__/test_ipaddress.cpython-311.opt-2.pyc
  inflating: lib/python3.11/test/__pycache__/test_atexit.cpython-311.pyc
  inflating: lib/python3.11/test/__pycache__/inspect_stringized_annotations_2.cpython-311.opt-2.pyc
  inflating: lib/python3.11/test/__pycache__/audit-tests.cpython-311.opt-1.pyc
  inflating: lib/python3.11/test/__pycache__/test_platform.cpython-311.opt-2.pyc
  inflating: lib/python3.11/test/__pycache__/test_unicode_identifiers.cpython-311.opt-1.pyc
  inflating: lib/python3.11/test/__pycache__/test_math.cpython-311.opt-1.pyc
  inflating: lib/python3.11/test/__pycache__/ann_module8.cpython-311.pyc
  inflating: lib/python3.11/test/__pycache__/test_setcomps.cpython-311.pyc
  inflating: lib/python3.11/test/__pycache__/test_ipaddress.cpython-311.pyc
  inflating: lib/python3.11/test/__pycache__/test_urllib2net.cpython-311.opt-1.pyc
  inflating: lib/python3.11/test/__pycache__/test_urlparse.cpython-311.pyc
  inflating: lib/python3.11/test/__pycache__/test_fork1.cpython-311.pyc
  inflating: lib/python3.11/test/__pycache__/test_epoll.cpython-311.pyc
  inflating: lib/python3.11/test/__pycache__/test_xxtestfuzz.cpython-311.opt-1.pyc
  inflating: lib/python3.11/test/__pycache__/test_zipapp.cpython-311.opt-2.pyc
  inflating: lib/python3.11/test/__pycache__/bisect_cmd.cpython-311.opt-2.pyc
  inflating: lib/python3.11/test/__pycache__/test_os.cpython-311.opt-2.pyc
  inflating: lib/python3.11/test/__pycache__/test_bz2.cpython-311.opt-2.pyc
  inflating: lib/python3.11/test/__pycache__/test_dbm.cpython-311.opt-2.pyc
  inflating: lib/python3.11/test/__pycache__/test_multiprocessing_forkserver.cpython-311.opt-1.pyc
  inflating: lib/python3.11/test/__pycache__/test_grp.cpython-311.opt-2.pyc
  inflating: lib/python3.11/test/__pycache__/test_difflib.cpython-311.pyc
  inflating: lib/python3.11/test/__pycache__/dataclass_module_1.cpython-311.pyc
  inflating: lib/python3.11/test/__pycache__/test_rlcompleter.cpython-311.pyc
  inflating: lib/python3.11/test/__pycache__/test_structmembers.cpython-311.pyc
  inflating: lib/python3.11/test/__pycache__/test_thread.cpython-311.pyc
  inflating: lib/python3.11/test/__pycache__/test_ttk_guionly.cpython-311.opt-2.pyc
  inflating: lib/python3.11/test/__pycache__/test_hmac.cpython-311.pyc
  inflating: lib/python3.11/test/__pycache__/test_cppext.cpython-311.opt-2.pyc
  inflating: lib/python3.11/test/__pycache__/test_statistics.cpython-311.opt-1.pyc
  inflating: lib/python3.11/test/__pycache__/test_symtable.cpython-311.opt-2.pyc
  inflating: lib/python3.11/test/__pycache__/test_itertools.cpython-311.opt-1.pyc
  inflating: lib/python3.11/test/__pycache__/test_inspect.cpython-311.opt-1.pyc
  inflating: lib/python3.11/test/__pycache__/test_capi.cpython-311.opt-1.pyc
  inflating: lib/python3.11/test/__pycache__/test_binop.cpython-311.pyc
  inflating: lib/python3.11/test/__pycache__/test_sys_setprofile.cpython-311.pyc
  inflating: lib/python3.11/test/__pycache__/setup_testcppext.cpython-311.opt-1.pyc
  inflating: lib/python3.11/test/__pycache__/test_lib2to3.cpython-311.pyc
  inflating: lib/python3.11/test/__pycache__/_test_embed_structseq.cpython-311.opt-1.pyc
  inflating: lib/python3.11/test/__pycache__/test_contains.cpython-311.opt-2.pyc
  inflating: lib/python3.11/test/__pycache__/re_tests.cpython-311.opt-1.pyc
  inflating: lib/python3.11/test/__pycache__/test_nntplib.cpython-311.pyc
  inflating: lib/python3.11/test/__pycache__/test_statistics.cpython-311.pyc
  inflating: lib/python3.11/test/__pycache__/test_fileio.cpython-311.pyc
  inflating: lib/python3.11/test/__pycache__/test_multiprocessing_spawn.cpython-311.opt-2.pyc
  inflating: lib/python3.11/test/__pycache__/test_strptime.cpython-311.opt-1.pyc
  inflating: lib/python3.11/test/__pycache__/test_userstring.cpython-311.pyc
  inflating: lib/python3.11/test/__pycache__/test_compileall.cpython-311.pyc
  inflating: lib/python3.11/test/__pycache__/test_bz2.cpython-311.pyc
  inflating: lib/python3.11/test/__pycache__/test_hash.cpython-311.opt-1.pyc
  inflating: lib/python3.11/test/__pycache__/test_urllib_response.cpython-311.opt-2.pyc
  inflating: lib/python3.11/test/__pycache__/test_urllib2.cpython-311.opt-1.pyc
  inflating: lib/python3.11/test/__pycache__/relimport.cpython-311.opt-2.pyc
  inflating: lib/python3.11/test/__pycache__/test_statistics.cpython-311.opt-2.pyc
  inflating: lib/python3.11/test/__pycache__/test_fstring.cpython-311.pyc
  inflating: lib/python3.11/test/__pycache__/test_future5.cpython-311.opt-2.pyc
  inflating: lib/python3.11/test/__pycache__/test_opcache.cpython-311.pyc
  inflating: lib/python3.11/test/__pycache__/regrtest.cpython-311.opt-1.pyc
  inflating: lib/python3.11/test/__pycache__/test_asyncore.cpython-311.pyc
  inflating: lib/python3.11/test/__pycache__/test_textwrap.cpython-311.opt-1.pyc
  inflating: lib/python3.11/test/__pycache__/test_compileall.cpython-311.opt-1.pyc
  inflating: lib/python3.11/test/__pycache__/test_htmlparser.cpython-311.opt-2.pyc
  inflating: lib/python3.11/test/__pycache__/test_colorsys.cpython-311.opt-2.pyc
  inflating: lib/python3.11/test/__pycache__/good_getattr.cpython-311.opt-1.pyc
  inflating: lib/python3.11/test/__pycache__/test_multiprocessing_main_handling.cpython-311.pyc
  inflating: lib/python3.11/test/__pycache__/test_augassign.cpython-311.opt-2.pyc
  inflating: lib/python3.11/test/__pycache__/test_startfile.cpython-311.opt-1.pyc
  inflating: lib/python3.11/test/__pycache__/test_sax.cpython-311.pyc
  inflating: lib/python3.11/test/__pycache__/test_ucn.cpython-311.opt-1.pyc
  inflating: lib/python3.11/test/__pycache__/test__opcode.cpython-311.pyc
  inflating: lib/python3.11/test/__pycache__/inspect_fodder2.cpython-311.opt-1.pyc
  inflating: lib/python3.11/test/__pycache__/signalinterproctester.cpython-311.opt-1.pyc
  inflating: lib/python3.11/test/__pycache__/inspect_stringized_annotations.cpython-311.opt-2.pyc
  inflating: lib/python3.11/test/__pycache__/test_codecencodings_hk.cpython-311.opt-2.pyc
  inflating: lib/python3.11/test/__pycache__/test_positional_only_arg.cpython-311.pyc
  inflating: lib/python3.11/test/__pycache__/test_codecencodings_kr.cpython-311.opt-1.pyc
  inflating: lib/python3.11/test/__pycache__/test_filecmp.cpython-311.pyc
  inflating: lib/python3.11/test/__pycache__/test_threadedtempfile.cpython-311.opt-1.pyc
  inflating: lib/python3.11/test/__pycache__/test_typechecks.cpython-311.opt-1.pyc
  inflating: lib/python3.11/test/__pycache__/test_argparse.cpython-311.pyc
  inflating: lib/python3.11/test/__pycache__/test_flufl.cpython-311.opt-2.pyc
  inflating: lib/python3.11/test/__pycache__/test_poplib.cpython-311.opt-2.pyc
  inflating: lib/python3.11/test/__pycache__/pyclbr_input.cpython-311.pyc
  inflating: lib/python3.11/test/__pycache__/test_zipimport.cpython-311.opt-1.pyc
  inflating: lib/python3.11/test/__pycache__/test_string.cpython-311.opt-1.pyc
  inflating: lib/python3.11/test/__pycache__/dataclass_module_1_str.cpython-311.opt-2.pyc
  inflating: lib/python3.11/test/__pycache__/make_ssl_certs.cpython-311.opt-2.pyc
  inflating: lib/python3.11/test/__pycache__/test_pickle.cpython-311.pyc
  inflating: lib/python3.11/test/__pycache__/test_dynamicclassattribute.cpython-311.opt-2.pyc
  inflating: lib/python3.11/test/__pycache__/test_glob.cpython-311.opt-1.pyc
  inflating: lib/python3.11/test/__pycache__/test_tcl.cpython-311.pyc
  inflating: lib/python3.11/test/__pycache__/test_osx_env.cpython-311.opt-1.pyc
  inflating: lib/python3.11/test/__pycache__/ssltests.cpython-311.pyc
  inflating: lib/python3.11/test/__pycache__/test_linecache.cpython-311.opt-2.pyc
  inflating: lib/python3.11/test/__pycache__/test_decimal.cpython-311.opt-1.pyc
  inflating: lib/python3.11/test/__pycache__/test_http_cookies.cpython-311.pyc
  inflating: lib/python3.11/test/__pycache__/test_tempfile.cpython-311.opt-1.pyc
  inflating: lib/python3.11/test/__pycache__/test_fractions.cpython-311.opt-2.pyc
  inflating: lib/python3.11/test/__pycache__/test_ftplib.cpython-311.opt-2.pyc
  inflating: lib/python3.11/test/__pycache__/test_opcodes.cpython-311.pyc
  inflating: lib/python3.11/test/__pycache__/test_tcl.cpython-311.opt-2.pyc
  inflating: lib/python3.11/test/__pycache__/test_interpreters.cpython-311.opt-1.pyc
  inflating: lib/python3.11/test/__pycache__/test_largefile.cpython-311.opt-2.pyc
  inflating: lib/python3.11/test/__pycache__/test_codecmaps_tw.cpython-311.pyc
  inflating: lib/python3.11/test/__pycache__/test_memoryview.cpython-311.opt-2.pyc
  inflating: lib/python3.11/test/__pycache__/ann_module5.cpython-311.opt-1.pyc
  inflating: lib/python3.11/test/__pycache__/fork_wait.cpython-311.opt-1.pyc
  inflating: lib/python3.11/test/__pycache__/test_zipfile64.cpython-311.pyc
  inflating: lib/python3.11/test/__pycache__/test_gdb.cpython-311.pyc
  inflating: lib/python3.11/test/__pycache__/test_pprint.cpython-311.opt-2.pyc
  inflating: lib/python3.11/test/__pycache__/test_crypt.cpython-311.opt-1.pyc
  inflating: lib/python3.11/test/__pycache__/test_future.cpython-311.opt-1.pyc
  inflating: lib/python3.11/test/__pycache__/test_dict.cpython-311.pyc
  inflating: lib/python3.11/test/sample_doctest.py
  inflating: lib/python3.11/test/test_long.py
  inflating: lib/python3.11/test/test_exception_variations.py
  inflating: lib/python3.11/test/test_zipapp.py
  inflating: lib/python3.11/test/test_module.py
  inflating: lib/python3.11/test/test_devpoll.py
  inflating: lib/python3.11/test/test_xdrlib.py
  inflating: lib/python3.11/test/reperf.py
  inflating: lib/python3.11/test/test_sndhdr.py
  inflating: lib/python3.11/test/test_poplib.py
  inflating: lib/python3.11/test/test_queue.py
  inflating: lib/python3.11/test/test_bigaddrspace.py
  inflating: lib/python3.11/test/pycakey.pem
  inflating: lib/python3.11/test/test_aifc.py
  inflating: lib/python3.11/test/mock_socket.py
  inflating: lib/python3.11/test/_testcppext.cpp
  inflating: lib/python3.11/test/test_wait4.py
  inflating: lib/python3.11/test/test_iterlen.py
  inflating: lib/python3.11/test/xmltests.py
  inflating: lib/python3.11/test/test_codecencodings_kr.py
  inflating: lib/python3.11/test/test__osx_support.py
  inflating: lib/python3.11/test/pickletester.py
  inflating: lib/python3.11/test/test_docxmlrpc.py
  inflating: lib/python3.11/test/test_peepholer.py
  inflating: lib/python3.11/test/zip_cp437_header.zip
  inflating: lib/python3.11/test/double_const.py
  inflating: lib/python3.11/test/test_enum.py
  inflating: lib/python3.11/test/test_userlist.py
  inflating: lib/python3.11/test/good_getattr.py
  inflating: lib/python3.11/test/test_time.py
  inflating: lib/python3.11/test/test_unicode_file.py
  inflating: lib/python3.11/test/test_urllib2.py
  inflating: lib/python3.11/test/test_script_helper.py
  inflating: lib/python3.11/test/ziptestdata/README.md
  inflating: lib/python3.11/test/ziptestdata/exe_with_z64
  inflating: lib/python3.11/test/ziptestdata/header.sh
  inflating: lib/python3.11/test/ziptestdata/exe_with_zip
  inflating: lib/python3.11/test/ziptestdata/testdata_module_inside_zip.py
  inflating: lib/python3.11/test/ziptestdata/__pycache__/testdata_module_inside_zip.cpython-311.opt-2.pyc
  inflating: lib/python3.11/test/ziptestdata/__pycache__/testdata_module_inside_zip.cpython-311.pyc
  inflating: lib/python3.11/test/ziptestdata/__pycache__/testdata_module_inside_zip.cpython-311.opt-1.pyc
  inflating: lib/python3.11/test/test_codecmaps_jp.py
  inflating: lib/python3.11/test/nullcert.pem
  inflating: lib/python3.11/test/test_zipimport_support.py
  inflating: lib/python3.11/test/test_gc.py
  inflating: lib/python3.11/test/test_enumerate.py
  inflating: lib/python3.11/test/test_userdict.py
  inflating: lib/python3.11/test/test_dictviews.py
  inflating: lib/python3.11/test/test_sunau.py
  inflating: lib/python3.11/test/dataclass_module_2_str.py
  inflating: lib/python3.11/test/test_htmlparser.py
  inflating: lib/python3.11/test/test_future3.py
  inflating: lib/python3.11/test/test_codecencodings_iso2022.py
  inflating: lib/python3.11/test/test_io.py
  inflating: lib/python3.11/test/test_flufl.py
  inflating: lib/python3.11/test/test_list.py
  inflating: lib/python3.11/test/test_opcodes.py
  inflating: lib/python3.11/test/test_stat.py
  inflating: lib/python3.11/test/test_exceptions.py
  inflating: lib/python3.11/test/test_tracemalloc.py
  inflating: lib/python3.11/test/test_named_expressions.py
  inflating: lib/python3.11/test/tokenize_tests-utf8-coding-cookie-and-utf8-bom-sig.txt
  inflating: lib/python3.11/test/badsyntax_pep3120.py
  inflating: lib/python3.11/test/badsyntax_future10.py
  inflating: lib/python3.11/test/test_defaultdict.py
  inflating: lib/python3.11/test/test_keyword.py
  inflating: lib/python3.11/test/test_nntplib.py
  inflating: lib/python3.11/test/datetimetester.py
  inflating: lib/python3.11/test/test_weakset.py
  inflating: lib/python3.11/test/test_tokenize.py
  inflating: lib/python3.11/test/test_call.py
  inflating: lib/python3.11/test/ann_module.py
  inflating: lib/python3.11/smtpd.py
  inflating: lib/python3.11/enum.py
  inflating: lib/python3.11/colorsys.py
  inflating: lib/python3.11/lib-dynload/_crypt.cpython-311-aarch64-linux-gnu.so
  inflating: lib/python3.11/lib-dynload/_uuid.cpython-311-aarch64-linux-gnu.so
  inflating: lib/python3.11/lib-dynload/mmap.cpython-311-aarch64-linux-gnu.so
  inflating: lib/python3.11/lib-dynload/_blake2.cpython-311-aarch64-linux-gnu.so
  inflating: lib/python3.11/lib-dynload/_decimal.cpython-311-aarch64-linux-gnu.so
  inflating: lib/python3.11/lib-dynload/_testcapi.cpython-311-aarch64-linux-gnu.so
  inflating: lib/python3.11/lib-dynload/xxlimited.cpython-311-aarch64-linux-gnu.so
  inflating: lib/python3.11/lib-dynload/_testbuffer.cpython-311-aarch64-linux-gnu.so
  inflating: lib/python3.11/lib-dynload/_sha3.cpython-311-aarch64-linux-gnu.so
  inflating: lib/python3.11/lib-dynload/_ctypes.cpython-311-aarch64-linux-gnu.so
  inflating: lib/python3.11/lib-dynload/_testmultiphase.cpython-311-aarch64-linux-gnu.so
  inflating: lib/python3.11/lib-dynload/_pickle.cpython-311-aarch64-linux-gnu.so
  inflating: lib/python3.11/lib-dynload/_codecs_jp.cpython-311-aarch64-linux-gnu.so
  inflating: lib/python3.11/lib-dynload/_hashlib.cpython-311-aarch64-linux-gnu.so
  inflating: lib/python3.11/lib-dynload/_multiprocessing.cpython-311-aarch64-linux-gnu.so
  inflating: lib/python3.11/lib-dynload/math.cpython-311-aarch64-linux-gnu.so
  inflating: lib/python3.11/lib-dynload/_ssl.cpython-311-aarch64-linux-gnu.so
  inflating: lib/python3.11/lib-dynload/_sha512.cpython-311-aarch64-linux-gnu.so
  inflating: lib/python3.11/lib-dynload/_json.cpython-311-aarch64-linux-gnu.so
  inflating: lib/python3.11/lib-dynload/grp.cpython-311-aarch64-linux-gnu.so
  inflating: lib/python3.11/lib-dynload/_posixsubprocess.cpython-311-aarch64-linux-gnu.so
  inflating: lib/python3.11/lib-dynload/_elementtree.cpython-311-aarch64-linux-gnu.so
  inflating: lib/python3.11/lib-dynload/_codecs_cn.cpython-311-aarch64-linux-gnu.so
  inflating: lib/python3.11/lib-dynload/cmath.cpython-311-aarch64-linux-gnu.so
  inflating: lib/python3.11/lib-dynload/_sha256.cpython-311-aarch64-linux-gnu.so
  inflating: lib/python3.11/lib-dynload/_queue.cpython-311-aarch64-linux-gnu.so
  inflating: lib/python3.11/lib-dynload/unicodedata.cpython-311-aarch64-linux-gnu.so
  inflating: lib/python3.11/lib-dynload/_posixshmem.cpython-311-aarch64-linux-gnu.so
  inflating: lib/python3.11/lib-dynload/xxlimited_35.cpython-311-aarch64-linux-gnu.so
  inflating: lib/python3.11/lib-dynload/termios.cpython-311-aarch64-linux-gnu.so
  inflating: lib/python3.11/lib-dynload/_heapq.cpython-311-aarch64-linux-gnu.so
  inflating: lib/python3.11/lib-dynload/_bz2.cpython-311-aarch64-linux-gnu.so
  inflating: lib/python3.11/lib-dynload/nis.cpython-311-aarch64-linux-gnu.so
  inflating: lib/python3.11/lib-dynload/pyexpat.cpython-311-aarch64-linux-gnu.so
  inflating: lib/python3.11/lib-dynload/_multibytecodec.cpython-311-aarch64-linux-gnu.so
  inflating: lib/python3.11/lib-dynload/binascii.cpython-311-aarch64-linux-gnu.so
  inflating: lib/python3.11/lib-dynload/spwd.cpython-311-aarch64-linux-gnu.so
  inflating: lib/python3.11/lib-dynload/fcntl.cpython-311-aarch64-linux-gnu.so
  inflating: lib/python3.11/lib-dynload/resource.cpython-311-aarch64-linux-gnu.so
  inflating: lib/python3.11/lib-dynload/_codecs_hk.cpython-311-aarch64-linux-gnu.so
  inflating: lib/python3.11/lib-dynload/_datetime.cpython-311-aarch64-linux-gnu.so
  inflating: lib/python3.11/lib-dynload/_asyncio.cpython-311-aarch64-linux-gnu.so
  inflating: lib/python3.11/lib-dynload/_struct.cpython-311-aarch64-linux-gnu.so
  inflating: lib/python3.11/lib-dynload/_testinternalcapi.cpython-311-aarch64-linux-gnu.so
  inflating: lib/python3.11/lib-dynload/zlib.cpython-311-aarch64-linux-gnu.so
  inflating: lib/python3.11/lib-dynload/_bisect.cpython-311-aarch64-linux-gnu.so
  inflating: lib/python3.11/lib-dynload/_random.cpython-311-aarch64-linux-gnu.so
  inflating: lib/python3.11/lib-dynload/_codecs_tw.cpython-311-aarch64-linux-gnu.so
  inflating: lib/python3.11/lib-dynload/array.cpython-311-aarch64-linux-gnu.so
  inflating: lib/python3.11/lib-dynload/_md5.cpython-311-aarch64-linux-gnu.so
  inflating: lib/python3.11/lib-dynload/_lsprof.cpython-311-aarch64-linux-gnu.so
  inflating: lib/python3.11/lib-dynload/_codecs_iso2022.cpython-311-aarch64-linux-gnu.so
  inflating: lib/python3.11/lib-dynload/ossaudiodev.cpython-311-aarch64-linux-gnu.so
  inflating: lib/python3.11/lib-dynload/_lzma.cpython-311-aarch64-linux-gnu.so
  inflating: lib/python3.11/lib-dynload/_xxsubinterpreters.cpython-311-aarch64-linux-gnu.so
  inflating: lib/python3.11/lib-dynload/audioop.cpython-311-aarch64-linux-gnu.so
  inflating: lib/python3.11/lib-dynload/_ctypes_test.cpython-311-aarch64-linux-gnu.so
  inflating: lib/python3.11/lib-dynload/_curses.cpython-311-aarch64-linux-gnu.so
  inflating: lib/python3.11/lib-dynload/_statistics.cpython-311-aarch64-linux-gnu.so
  inflating: lib/python3.11/lib-dynload/_socket.cpython-311-aarch64-linux-gnu.so
  inflating: lib/python3.11/lib-dynload/syslog.cpython-311-aarch64-linux-gnu.so
  inflating: lib/python3.11/lib-dynload/readline.cpython-311-aarch64-linux-gnu.so
  inflating: lib/python3.11/lib-dynload/_csv.cpython-311-aarch64-linux-gnu.so
  inflating: lib/python3.11/lib-dynload/_zoneinfo.cpython-311-aarch64-linux-gnu.so
  inflating: lib/python3.11/lib-dynload/_contextvars.cpython-311-aarch64-linux-gnu.so
  inflating: lib/python3.11/lib-dynload/_xxtestfuzz.cpython-311-aarch64-linux-gnu.so
  inflating: lib/python3.11/lib-dynload/select.cpython-311-aarch64-linux-gnu.so
  inflating: lib/python3.11/lib-dynload/_sha1.cpython-311-aarch64-linux-gnu.so
  inflating: lib/python3.11/lib-dynload/_curses_panel.cpython-311-aarch64-linux-gnu.so
  inflating: lib/python3.11/lib-dynload/_typing.cpython-311-aarch64-linux-gnu.so
  inflating: lib/python3.11/lib-dynload/_codecs_kr.cpython-311-aarch64-linux-gnu.so
  inflating: lib/python3.11/lib-dynload/_testimportmultiple.cpython-311-aarch64-linux-gnu.so
  inflating: lib/python3.11/lib-dynload/_opcode.cpython-311-aarch64-linux-gnu.so
  inflating: lib/python3.11/pydoc_data/__init__.py
  inflating: lib/python3.11/pydoc_data/topics.py
  inflating: lib/python3.11/pydoc_data/_pydoc.css
  inflating: lib/python3.11/pydoc_data/__pycache__/__init__.cpython-311.opt-1.pyc
  inflating: lib/python3.11/pydoc_data/__pycache__/topics.cpython-311.opt-1.pyc
  inflating: lib/python3.11/pydoc_data/__pycache__/__init__.cpython-311.pyc
  inflating: lib/python3.11/pydoc_data/__pycache__/topics.cpython-311.pyc
  inflating: lib/python3.11/pydoc_data/__pycache__/topics.cpython-311.opt-2.pyc
  inflating: lib/python3.11/pydoc_data/__pycache__/__init__.cpython-311.opt-2.pyc
  inflating: lib/python3.11/zipimport.py
  inflating: lib/python3.11/queue.py
  inflating: lib/python3.11/subprocess.py
  inflating: lib/python3.11/venv/scripts/posix/activate.csh
  inflating: lib/python3.11/venv/scripts/posix/activate.fish
  inflating: lib/python3.11/venv/scripts/common/Activate.ps1
  inflating: lib/python3.11/venv/scripts/common/activate
  inflating: lib/python3.11/venv/__main__.py
  inflating: lib/python3.11/venv/__init__.py
  inflating: lib/python3.11/venv/__pycache__/__init__.cpython-311.opt-1.pyc
  inflating: lib/python3.11/venv/__pycache__/__main__.cpython-311.opt-1.pyc
  inflating: lib/python3.11/venv/__pycache__/__init__.cpython-311.pyc
  inflating: lib/python3.11/venv/__pycache__/__main__.cpython-311.opt-2.pyc
  inflating: lib/python3.11/venv/__pycache__/__init__.cpython-311.opt-2.pyc
  inflating: lib/python3.11/venv/__pycache__/__main__.cpython-311.pyc
  inflating: lib/python3.11/plistlib.py
  inflating: lib/python3.11/poplib.py
  inflating: lib/python3.11/_threading_local.py
  inflating: lib/python3.11/contextvars.py
  inflating: lib/python3.11/_collections_abc.py
  inflating: lib/python3.11/shutil.py
  inflating: lib/python3.11/zipapp.py
  inflating: lib/python3.11/_compression.py
  inflating: lib/python3.11/site.py
  inflating: lib/python3.11/tty.py
  inflating: lib/python3.11/imp.py
  inflating: lib/python3.11/operator.py
  inflating: lib/python3.11/inspect.py
  inflating: lib/python3.11/py_compile.py
  inflating: lib/python3.11/_osx_support.py
  inflating: lib/python3.11/tarfile.py
  inflating: lib/python3.11/socketserver.py
  inflating: lib/python3.11/optparse.py
  inflating: lib/python3.11/base64.py
  inflating: lib/python3.11/argparse.py
  inflating: lib/python3.11/tempfile.py
  inflating: lib/python3.11/__hello__.py
  inflating: lib/python3.11/platform.py
  inflating: lib/python3.11/smtplib.py
  inflating: lib/python3.11/pipes.py
  inflating: lib/python3.11/lzma.py
  inflating: lib/python3.11/shelve.py
  inflating: lib/python3.11/decimal.py
  inflating: lib/python3.11/ensurepip/__main__.py
  inflating: lib/python3.11/ensurepip/_bundled/pip-22.3-py3-none-any.whl
  inflating: lib/python3.11/ensurepip/_bundled/setuptools-65.5.0-py3-none-any.whl
  inflating: lib/python3.11/ensurepip/__init__.py
  inflating: lib/python3.11/ensurepip/__pycache__/__init__.cpython-311.opt-1.pyc
  inflating: lib/python3.11/ensurepip/__pycache__/__main__.cpython-311.opt-1.pyc
  inflating: lib/python3.11/ensurepip/__pycache__/__init__.cpython-311.pyc
  inflating: lib/python3.11/ensurepip/__pycache__/_uninstall.cpython-311.pyc
  inflating: lib/python3.11/ensurepip/__pycache__/_uninstall.cpython-311.opt-1.pyc
  inflating: lib/python3.11/ensurepip/__pycache__/__main__.cpython-311.opt-2.pyc
  inflating: lib/python3.11/ensurepip/__pycache__/__init__.cpython-311.opt-2.pyc
  inflating: lib/python3.11/ensurepip/__pycache__/_uninstall.cpython-311.opt-2.pyc
  inflating: lib/python3.11/ensurepip/__pycache__/__main__.cpython-311.pyc
  inflating: lib/python3.11/ensurepip/_uninstall.py
  inflating: lib/python3.11/threading.py
  inflating: lib/python3.11/pstats.py
  inflating: lib/python3.11/bz2.py
  inflating: lib/python3.11/_pyio.py
  inflating: lib/python3.11/uu.py
  inflating: lib/python3.11/sndhdr.py
  inflating: lib/python3.11/pprint.py
  inflating: lib/python3.11/fractions.py
  inflating: lib/python3.11/cmd.py
  inflating: lib/python3.11/urllib/parse.py
  inflating: lib/python3.11/urllib/__init__.py
  inflating: lib/python3.11/urllib/response.py
  inflating: lib/python3.11/urllib/request.py
  inflating: lib/python3.11/urllib/error.py
  inflating: lib/python3.11/urllib/__pycache__/request.cpython-311.opt-2.pyc
  inflating: lib/python3.11/urllib/__pycache__/__init__.cpython-311.opt-1.pyc
  inflating: lib/python3.11/urllib/__pycache__/response.cpython-311.opt-1.pyc
  inflating: lib/python3.11/urllib/__pycache__/robotparser.cpython-311.opt-2.pyc
  inflating: lib/python3.11/urllib/__pycache__/__init__.cpython-311.pyc
  inflating: lib/python3.11/urllib/__pycache__/request.cpython-311.opt-1.pyc
  inflating: lib/python3.11/urllib/__pycache__/response.cpython-311.pyc
  inflating: lib/python3.11/urllib/__pycache__/robotparser.cpython-311.opt-1.pyc
  inflating: lib/python3.11/urllib/__pycache__/parse.cpython-311.pyc
  inflating: lib/python3.11/urllib/__pycache__/__init__.cpython-311.opt-2.pyc
  inflating: lib/python3.11/urllib/__pycache__/error.cpython-311.opt-2.pyc
  inflating: lib/python3.11/urllib/__pycache__/parse.cpython-311.opt-1.pyc
  inflating: lib/python3.11/urllib/__pycache__/robotparser.cpython-311.pyc
  inflating: lib/python3.11/urllib/__pycache__/error.cpython-311.opt-1.pyc
  inflating: lib/python3.11/urllib/__pycache__/response.cpython-311.opt-2.pyc
  inflating: lib/python3.11/urllib/__pycache__/request.cpython-311.pyc
  inflating: lib/python3.11/urllib/__pycache__/error.cpython-311.pyc
  inflating: lib/python3.11/urllib/__pycache__/parse.cpython-311.opt-2.pyc
  inflating: lib/python3.11/urllib/robotparser.py
  inflating: lib/python3.11/hmac.py
  inflating: lib/python3.11/cgi.py
  inflating: lib/python3.11/mailcap.py
  inflating: lib/python3.11/keyword.py
  inflating: lib/python3.11/calendar.py
  inflating: lib/python3.11/ipaddress.py
  inflating: lib/python3.11/chunk.py
  inflating: lib/python3.11/logging/__init__.py
  inflating: lib/python3.11/logging/handlers.py
  inflating: lib/python3.11/logging/config.py
  inflating: lib/python3.11/logging/__pycache__/handlers.cpython-311.opt-2.pyc
  inflating: lib/python3.11/logging/__pycache__/__init__.cpython-311.opt-1.pyc
  inflating: lib/python3.11/logging/__pycache__/config.cpython-311.opt-1.pyc
  inflating: lib/python3.11/logging/__pycache__/__init__.cpython-311.pyc
  inflating: lib/python3.11/logging/__pycache__/handlers.cpython-311.opt-1.pyc
  inflating: lib/python3.11/logging/__pycache__/__init__.cpython-311.opt-2.pyc
  inflating: lib/python3.11/logging/__pycache__/handlers.cpython-311.pyc
  inflating: lib/python3.11/logging/__pycache__/config.cpython-311.pyc
  inflating: lib/python3.11/logging/__pycache__/config.cpython-311.opt-2.pyc
  inflating: lib/python3.11/sre_compile.py
  inflating: lib/python3.11/sysconfig.py
  inflating: lib/python3.11/contextlib.py
  inflating: lib/python3.11/xdrlib.py
  inflating: lib/python3.11/posixpath.py
  inflating: lib/python3.11/aifc.py
  inflating: lib/python3.11/secrets.py
  inflating: lib/python3.11/ftplib.py
  inflating: lib/python3.11/getopt.py
  inflating: lib/python3.11/pathlib.py
  inflating: lib/python3.11/functools.py
  inflating: lib/python3.11/datetime.py
  inflating: lib/python3.11/codeop.py
  inflating: lib/python3.11/distutils/debug.py
  inflating: lib/python3.11/distutils/msvc9compiler.py
  inflating: lib/python3.11/distutils/spawn.py
  inflating: lib/python3.11/distutils/dir_util.py
  inflating: lib/python3.11/distutils/text_file.py
  inflating: lib/python3.11/distutils/dep_util.py
  inflating: lib/python3.11/distutils/log.py
  inflating: lib/python3.11/distutils/dist.py
  inflating: lib/python3.11/distutils/archive_util.py
  inflating: lib/python3.11/distutils/bcppcompiler.py
  inflating: lib/python3.11/distutils/cmd.py
  inflating: lib/python3.11/distutils/sysconfig.py
  inflating: lib/python3.11/distutils/__init__.py
  inflating: lib/python3.11/distutils/fancy_getopt.py
  inflating: lib/python3.11/distutils/README
  inflating: lib/python3.11/distutils/versionpredicate.py
  inflating: lib/python3.11/distutils/_msvccompiler.py
  inflating: lib/python3.11/distutils/util.py
  inflating: lib/python3.11/distutils/ccompiler.py
  inflating: lib/python3.11/distutils/config.py
  inflating: lib/python3.11/distutils/version.py
  inflating: lib/python3.11/distutils/tests/test_dist.py
  inflating: lib/python3.11/distutils/tests/test_build_py.py
  inflating: lib/python3.11/distutils/tests/test_archive_util.py
  inflating: lib/python3.11/distutils/tests/test_install_lib.py
  inflating: lib/python3.11/distutils/tests/test_filelist.py
  inflating: lib/python3.11/distutils/tests/test_build_scripts.py
  inflating: lib/python3.11/distutils/tests/test_install.py
  inflating: lib/python3.11/distutils/tests/test_dep_util.py
  inflating: lib/python3.11/distutils/tests/test_dir_util.py
  inflating: lib/python3.11/distutils/tests/test_bdist_dumb.py
  inflating: lib/python3.11/distutils/tests/test_sysconfig.py
  inflating: lib/python3.11/distutils/tests/test_core.py
  inflating: lib/python3.11/distutils/tests/test_clean.py
  inflating: lib/python3.11/distutils/tests/test_log.py
  inflating: lib/python3.11/distutils/tests/test_register.py
  inflating: lib/python3.11/distutils/tests/test_versionpredicate.py
  inflating: lib/python3.11/distutils/tests/__init__.py
  inflating: lib/python3.11/distutils/tests/test_unixccompiler.py
  inflating: lib/python3.11/distutils/tests/test_build_ext.py
  inflating: lib/python3.11/distutils/tests/support.py
  inflating: lib/python3.11/distutils/tests/test_version.py
  inflating: lib/python3.11/distutils/tests/test_build_clib.py
  inflating: lib/python3.11/distutils/tests/Setup.sample
  inflating: lib/python3.11/distutils/tests/test_config.py
  inflating: lib/python3.11/distutils/tests/test_bdist.py
  inflating: lib/python3.11/distutils/tests/test_install_scripts.py
  inflating: lib/python3.11/distutils/tests/test_build.py
  inflating: lib/python3.11/distutils/tests/xxmodule.c
  inflating: lib/python3.11/distutils/tests/test_text_file.py
  inflating: lib/python3.11/distutils/tests/test_msvccompiler.py
  inflating: lib/python3.11/distutils/tests/test_install_data.py
  inflating: lib/python3.11/distutils/tests/test_extension.py
  inflating: lib/python3.11/distutils/tests/test_msvc9compiler.py
  inflating: lib/python3.11/distutils/tests/test_cygwinccompiler.py
  inflating: lib/python3.11/distutils/tests/test_install_headers.py
  inflating: lib/python3.11/distutils/tests/test_file_util.py
  inflating: lib/python3.11/distutils/tests/test_config_cmd.py
  inflating: lib/python3.11/distutils/tests/test_upload.py
  inflating: lib/python3.11/distutils/tests/test_spawn.py
  inflating: lib/python3.11/distutils/tests/test_cmd.py
  inflating: lib/python3.11/distutils/tests/__pycache__/test_dir_util.cpython-311.opt-1.pyc
  inflating: lib/python3.11/distutils/tests/__pycache__/test_msvccompiler.cpython-311.opt-1.pyc
  inflating: lib/python3.11/distutils/tests/__pycache__/test_cygwinccompiler.cpython-311.opt-2.pyc
  inflating: lib/python3.11/distutils/tests/__pycache__/test_build_ext.cpython-311.opt-1.pyc
  inflating: lib/python3.11/distutils/tests/__pycache__/test_text_file.cpython-311.pyc
  inflating: lib/python3.11/distutils/tests/__pycache__/test_util.cpython-311.opt-1.pyc
  inflating: lib/python3.11/distutils/tests/__pycache__/test_install_scripts.cpython-311.pyc
  inflating: lib/python3.11/distutils/tests/__pycache__/support.cpython-311.opt-2.pyc
  inflating: lib/python3.11/distutils/tests/__pycache__/test_install_scripts.cpython-311.opt-1.pyc
  inflating: lib/python3.11/distutils/tests/__pycache__/test_build_scripts.cpython-311.pyc
  inflating: lib/python3.11/distutils/tests/__pycache__/test_register.cpython-311.opt-2.pyc
  inflating: lib/python3.11/distutils/tests/__pycache__/test_log.cpython-311.pyc
  inflating: lib/python3.11/distutils/tests/__pycache__/test_archive_util.cpython-311.opt-1.pyc
  inflating: lib/python3.11/distutils/tests/__pycache__/test_util.cpython-311.opt-2.pyc
  inflating: lib/python3.11/distutils/tests/__pycache__/test_dep_util.cpython-311.pyc
  inflating: lib/python3.11/distutils/tests/__pycache__/test_check.cpython-311.opt-1.pyc
  inflating: lib/python3.11/distutils/tests/__pycache__/test_extension.cpython-311.opt-1.pyc
  inflating: lib/python3.11/distutils/tests/__pycache__/test_install_headers.cpython-311.pyc
  inflating: lib/python3.11/distutils/tests/__pycache__/test_config.cpython-311.opt-2.pyc
  inflating: lib/python3.11/distutils/tests/__pycache__/test_unixccompiler.cpython-311.pyc
  inflating: lib/python3.11/distutils/tests/__pycache__/test_cygwinccompiler.cpython-311.pyc
  inflating: lib/python3.11/distutils/tests/__pycache__/test_build_py.cpython-311.opt-2.pyc
  inflating: lib/python3.11/distutils/tests/__pycache__/test_bdist_rpm.cpython-311.pyc
  inflating: lib/python3.11/distutils/tests/__pycache__/test_extension.cpython-311.pyc
  inflating: lib/python3.11/distutils/tests/__pycache__/test_install_lib.cpython-311.opt-2.pyc
  inflating: lib/python3.11/distutils/tests/__pycache__/test_upload.cpython-311.pyc
  inflating: lib/python3.11/distutils/tests/__pycache__/test_sdist.cpython-311.pyc
  inflating: lib/python3.11/distutils/tests/__pycache__/__init__.cpython-311.opt-1.pyc
  inflating: lib/python3.11/distutils/tests/__pycache__/test_install_headers.cpython-311.opt-2.pyc
  inflating: lib/python3.11/distutils/tests/__pycache__/test_config.cpython-311.pyc
  inflating: lib/python3.11/distutils/tests/__pycache__/test_build_ext.cpython-311.opt-2.pyc
  inflating: lib/python3.11/distutils/tests/__pycache__/test_filelist.cpython-311.opt-2.pyc
  inflating: lib/python3.11/distutils/tests/__pycache__/test_msvccompiler.cpython-311.pyc
  inflating: lib/python3.11/distutils/tests/__pycache__/test_build.cpython-311.opt-1.pyc
  inflating: lib/python3.11/distutils/tests/__pycache__/test_util.cpython-311.pyc
  inflating: lib/python3.11/distutils/tests/__pycache__/test_version.cpython-311.opt-2.pyc
  inflating: lib/python3.11/distutils/tests/__pycache__/test_install.cpython-311.opt-2.pyc
  inflating: lib/python3.11/distutils/tests/__pycache__/test_clean.cpython-311.pyc
  inflating: lib/python3.11/distutils/tests/__pycache__/test_sdist.cpython-311.opt-1.pyc
  inflating: lib/python3.11/distutils/tests/__pycache__/test_cmd.cpython-311.pyc
  inflating: lib/python3.11/distutils/tests/__pycache__/test_cmd.cpython-311.opt-1.pyc
  inflating: lib/python3.11/distutils/tests/__pycache__/test_file_util.cpython-311.opt-1.pyc
  inflating: lib/python3.11/distutils/tests/__pycache__/test_core.cpython-311.pyc
  inflating: lib/python3.11/distutils/tests/__pycache__/test_unixccompiler.cpython-311.opt-1.pyc
  inflating: lib/python3.11/distutils/tests/__pycache__/__init__.cpython-311.pyc
  inflating: lib/python3.11/distutils/tests/__pycache__/test_versionpredicate.cpython-311.pyc
  inflating: lib/python3.11/distutils/tests/__pycache__/test_build_clib.cpython-311.pyc
  inflating: lib/python3.11/distutils/tests/__pycache__/test_build_clib.cpython-311.opt-1.pyc
  inflating: lib/python3.11/distutils/tests/__pycache__/test_register.cpython-311.pyc
  inflating: lib/python3.11/distutils/tests/__pycache__/test_check.cpython-311.pyc
  inflating: lib/python3.11/distutils/tests/__pycache__/test_file_util.cpython-311.pyc
  inflating: lib/python3.11/distutils/tests/__pycache__/test_build.cpython-311.opt-2.pyc
  inflating: lib/python3.11/distutils/tests/__pycache__/test_filelist.cpython-311.pyc
  inflating: lib/python3.11/distutils/tests/__pycache__/test_dist.cpython-311.pyc
  inflating: lib/python3.11/distutils/tests/__pycache__/support.cpython-311.pyc
  inflating: lib/python3.11/distutils/tests/__pycache__/test_extension.cpython-311.opt-2.pyc
  inflating: lib/python3.11/distutils/tests/__pycache__/test_core.cpython-311.opt-2.pyc
  inflating: lib/python3.11/distutils/tests/__pycache__/test_bdist_dumb.cpython-311.opt-1.pyc
  inflating: lib/python3.11/distutils/tests/__pycache__/test_bdist.cpython-311.opt-1.pyc
  inflating: lib/python3.11/distutils/tests/__pycache__/test_build_py.cpython-311.pyc
  inflating: lib/python3.11/distutils/tests/__pycache__/test_config.cpython-311.opt-1.pyc
  inflating: lib/python3.11/distutils/tests/__pycache__/test_dir_util.cpython-311.pyc
  inflating: lib/python3.11/distutils/tests/__pycache__/test_bdist_dumb.cpython-311.opt-2.pyc
  inflating: lib/python3.11/distutils/tests/__pycache__/test_install_data.cpython-311.pyc
  inflating: lib/python3.11/distutils/tests/__pycache__/test_dep_util.cpython-311.opt-2.pyc
  inflating: lib/python3.11/distutils/tests/__pycache__/test_register.cpython-311.opt-1.pyc
  inflating: lib/python3.11/distutils/tests/__pycache__/test_install_headers.cpython-311.opt-1.pyc
  inflating: lib/python3.11/distutils/tests/__pycache__/test_archive_util.cpython-311.opt-2.pyc
  inflating: lib/python3.11/distutils/tests/__pycache__/test_msvc9compiler.cpython-311.opt-1.pyc
  inflating: lib/python3.11/distutils/tests/__pycache__/test_install_data.cpython-311.opt-1.pyc
  inflating: lib/python3.11/distutils/tests/__pycache__/test_cygwinccompiler.cpython-311.opt-1.pyc
  inflating: lib/python3.11/distutils/tests/__pycache__/support.cpython-311.opt-1.pyc
  inflating: lib/python3.11/distutils/tests/__pycache__/test_bdist.cpython-311.pyc
  inflating: lib/python3.11/distutils/tests/__pycache__/test_versionpredicate.cpython-311.opt-2.pyc
  inflating: lib/python3.11/distutils/tests/__pycache__/test_sysconfig.cpython-311.opt-2.pyc
  inflating: lib/python3.11/distutils/tests/__pycache__/test_config_cmd.cpython-311.pyc
  inflating: lib/python3.11/distutils/tests/__pycache__/test_sysconfig.cpython-311.pyc
  inflating: lib/python3.11/distutils/tests/__pycache__/test_config_cmd.cpython-311.opt-2.pyc
  inflating: lib/python3.11/distutils/tests/__pycache__/test_install.cpython-311.opt-1.pyc
  inflating: lib/python3.11/distutils/tests/__pycache__/test_versionpredicate.cpython-311.opt-1.pyc
  inflating: lib/python3.11/distutils/tests/__pycache__/test_bdist_rpm.cpython-311.opt-2.pyc
  inflating: lib/python3.11/distutils/tests/__pycache__/test_unixccompiler.cpython-311.opt-2.pyc
  inflating: lib/python3.11/distutils/tests/__pycache__/__init__.cpython-311.opt-2.pyc
  inflating: lib/python3.11/distutils/tests/__pycache__/test_install_lib.cpython-311.opt-1.pyc
  inflating: lib/python3.11/distutils/tests/__pycache__/test_dir_util.cpython-311.opt-2.pyc
  inflating: lib/python3.11/distutils/tests/__pycache__/test_version.cpython-311.opt-1.pyc
  inflating: lib/python3.11/distutils/tests/__pycache__/test_cmd.cpython-311.opt-2.pyc
  inflating: lib/python3.11/distutils/tests/__pycache__/test_clean.cpython-311.opt-2.pyc
  inflating: lib/python3.11/distutils/tests/__pycache__/test_log.cpython-311.opt-2.pyc
  inflating: lib/python3.11/distutils/tests/__pycache__/test_filelist.cpython-311.opt-1.pyc
  inflating: lib/python3.11/distutils/tests/__pycache__/test_bdist.cpython-311.opt-2.pyc
  inflating: lib/python3.11/distutils/tests/__pycache__/test_install.cpython-311.pyc
  inflating: lib/python3.11/distutils/tests/__pycache__/test_build_scripts.cpython-311.opt-1.pyc
  inflating: lib/python3.11/distutils/tests/__pycache__/test_install_data.cpython-311.opt-2.pyc
  inflating: lib/python3.11/distutils/tests/__pycache__/test_archive_util.cpython-311.pyc
  inflating: lib/python3.11/distutils/tests/__pycache__/test_config_cmd.cpython-311.opt-1.pyc
  inflating: lib/python3.11/distutils/tests/__pycache__/test_check.cpython-311.opt-2.pyc
  inflating: lib/python3.11/distutils/tests/__pycache__/test_log.cpython-311.opt-1.pyc
  inflating: lib/python3.11/distutils/tests/__pycache__/test_build.cpython-311.pyc
  inflating: lib/python3.11/distutils/tests/__pycache__/test_install_lib.cpython-311.pyc
  inflating: lib/python3.11/distutils/tests/__pycache__/test_build_clib.cpython-311.opt-2.pyc
  inflating: lib/python3.11/distutils/tests/__pycache__/test_dist.cpython-311.opt-1.pyc
  inflating: lib/python3.11/distutils/tests/__pycache__/test_msvc9compiler.cpython-311.pyc
  inflating: lib/python3.11/distutils/tests/__pycache__/test_bdist_rpm.cpython-311.opt-1.pyc
  inflating: lib/python3.11/distutils/tests/__pycache__/test_sysconfig.cpython-311.opt-1.pyc
  inflating: lib/python3.11/distutils/tests/__pycache__/test_install_scripts.cpython-311.opt-2.pyc
  inflating: lib/python3.11/distutils/tests/__pycache__/test_msvccompiler.cpython-311.opt-2.pyc
  inflating: lib/python3.11/distutils/tests/__pycache__/test_version.cpython-311.pyc
  inflating: lib/python3.11/distutils/tests/__pycache__/test_spawn.cpython-311.pyc
  inflating: lib/python3.11/distutils/tests/__pycache__/test_text_file.cpython-311.opt-1.pyc
  inflating: lib/python3.11/distutils/tests/__pycache__/test_build_ext.cpython-311.pyc
  inflating: lib/python3.11/distutils/tests/__pycache__/test_bdist_dumb.cpython-311.pyc
  inflating: lib/python3.11/distutils/tests/__pycache__/test_core.cpython-311.opt-1.pyc
  inflating: lib/python3.11/distutils/tests/__pycache__/test_sdist.cpython-311.opt-2.pyc
  inflating: lib/python3.11/distutils/tests/__pycache__/test_clean.cpython-311.opt-1.pyc
  inflating: lib/python3.11/distutils/tests/__pycache__/test_msvc9compiler.cpython-311.opt-2.pyc
  inflating: lib/python3.11/distutils/tests/__pycache__/test_dep_util.cpython-311.opt-1.pyc
  inflating: lib/python3.11/distutils/tests/__pycache__/test_upload.cpython-311.opt-2.pyc
  inflating: lib/python3.11/distutils/tests/__pycache__/test_upload.cpython-311.opt-1.pyc
  inflating: lib/python3.11/distutils/tests/__pycache__/test_spawn.cpython-311.opt-1.pyc
  inflating: lib/python3.11/distutils/tests/__pycache__/test_spawn.cpython-311.opt-2.pyc
  inflating: lib/python3.11/distutils/tests/__pycache__/test_text_file.cpython-311.opt-2.pyc
  inflating: lib/python3.11/distutils/tests/__pycache__/test_build_scripts.cpython-311.opt-2.pyc
  inflating: lib/python3.11/distutils/tests/__pycache__/test_dist.cpython-311.opt-2.pyc
  inflating: lib/python3.11/distutils/tests/__pycache__/test_file_util.cpython-311.opt-2.pyc
  inflating: lib/python3.11/distutils/tests/__pycache__/test_build_py.cpython-311.opt-1.pyc
  inflating: lib/python3.11/distutils/tests/test_sdist.py
  inflating: lib/python3.11/distutils/tests/includetest.rst
  inflating: lib/python3.11/distutils/tests/test_bdist_rpm.py
  inflating: lib/python3.11/distutils/tests/test_util.py
  inflating: lib/python3.11/distutils/tests/test_check.py
  inflating: lib/python3.11/distutils/filelist.py
  inflating: lib/python3.11/distutils/cygwinccompiler.py
  inflating: lib/python3.11/distutils/msvccompiler.py
  inflating: lib/python3.11/distutils/errors.py
  inflating: lib/python3.11/distutils/core.py
  inflating: lib/python3.11/distutils/unixccompiler.py
  inflating: lib/python3.11/distutils/command/bdist_dumb.py
  inflating: lib/python3.11/distutils/command/clean.py
  inflating: lib/python3.11/distutils/command/build.py
  inflating: lib/python3.11/distutils/command/command_template
  inflating: lib/python3.11/distutils/command/install_headers.py
  inflating: lib/python3.11/distutils/command/build_py.py
  inflating: lib/python3.11/distutils/command/install_lib.py
  inflating: lib/python3.11/distutils/command/install_egg_info.py
  inflating: lib/python3.11/distutils/command/__init__.py
  inflating: lib/python3.11/distutils/command/check.py
  inflating: lib/python3.11/distutils/command/build_ext.py
  inflating: lib/python3.11/distutils/command/bdist_rpm.py
  inflating: lib/python3.11/distutils/command/install_data.py
  inflating: lib/python3.11/distutils/command/config.py
  inflating: lib/python3.11/distutils/command/upload.py
  inflating: lib/python3.11/distutils/command/install.py
  inflating: lib/python3.11/distutils/command/install_scripts.py
  inflating: lib/python3.11/distutils/command/sdist.py
  inflating: lib/python3.11/distutils/command/build_clib.py
  inflating: lib/python3.11/distutils/command/bdist.py
  inflating: lib/python3.11/distutils/command/__pycache__/build.cpython-311.opt-1.pyc
  inflating: lib/python3.11/distutils/command/__pycache__/build_scripts.cpython-311.opt-2.pyc
  inflating: lib/python3.11/distutils/command/__pycache__/bdist_dumb.cpython-311.pyc
  inflating: lib/python3.11/distutils/command/__pycache__/check.cpython-311.opt-1.pyc
  inflating: lib/python3.11/distutils/command/__pycache__/install.cpython-311.opt-1.pyc
  inflating: lib/python3.11/distutils/command/__pycache__/sdist.cpython-311.opt-2.pyc
  inflating: lib/python3.11/distutils/command/__pycache__/clean.cpython-311.opt-2.pyc
  inflating: lib/python3.11/distutils/command/__pycache__/install_egg_info.cpython-311.opt-2.pyc
  inflating: lib/python3.11/distutils/command/__pycache__/install_egg_info.cpython-311.pyc
  inflating: lib/python3.11/distutils/command/__pycache__/build_clib.cpython-311.opt-1.pyc
  inflating: lib/python3.11/distutils/command/__pycache__/check.cpython-311.pyc
  inflating: lib/python3.11/distutils/command/__pycache__/install_headers.cpython-311.pyc
  inflating: lib/python3.11/distutils/command/__pycache__/install.cpython-311.opt-2.pyc
  inflating: lib/python3.11/distutils/command/__pycache__/install_scripts.cpython-311.pyc
  inflating: lib/python3.11/distutils/command/__pycache__/build_clib.cpython-311.pyc
  inflating: lib/python3.11/distutils/command/__pycache__/install.cpython-311.pyc
  inflating: lib/python3.11/distutils/command/__pycache__/install_data.cpython-311.pyc
  inflating: lib/python3.11/distutils/command/__pycache__/upload.cpython-311.opt-1.pyc
  inflating: lib/python3.11/distutils/command/__pycache__/build_py.cpython-311.opt-1.pyc
  inflating: lib/python3.11/distutils/command/__pycache__/register.cpython-311.pyc
  inflating: lib/python3.11/distutils/command/__pycache__/install_headers.cpython-311.opt-1.pyc
  inflating: lib/python3.11/distutils/command/__pycache__/build_ext.cpython-311.pyc
  inflating: lib/python3.11/distutils/command/__pycache__/build_clib.cpython-311.opt-2.pyc
  inflating: lib/python3.11/distutils/command/__pycache__/check.cpython-311.opt-2.pyc
  inflating: lib/python3.11/distutils/command/__pycache__/install_data.cpython-311.opt-1.pyc
  inflating: lib/python3.11/distutils/command/__pycache__/__init__.cpython-311.opt-1.pyc
  inflating: lib/python3.11/distutils/command/__pycache__/register.cpython-311.opt-2.pyc
  inflating: lib/python3.11/distutils/command/__pycache__/build_scripts.cpython-311.opt-1.pyc
  inflating: lib/python3.11/distutils/command/__pycache__/clean.cpython-311.pyc
  inflating: lib/python3.11/distutils/command/__pycache__/build.cpython-311.pyc
  inflating: lib/python3.11/distutils/command/__pycache__/install_egg_info.cpython-311.opt-1.pyc
  inflating: lib/python3.11/distutils/command/__pycache__/register.cpython-311.opt-1.pyc
  inflating: lib/python3.11/distutils/command/__pycache__/config.cpython-311.opt-1.pyc
  inflating: lib/python3.11/distutils/command/__pycache__/sdist.cpython-311.pyc
  inflating: lib/python3.11/distutils/command/__pycache__/bdist_rpm.cpython-311.opt-1.pyc
  inflating: lib/python3.11/distutils/command/__pycache__/bdist.cpython-311.opt-2.pyc
  inflating: lib/python3.11/distutils/command/__pycache__/__init__.cpython-311.pyc
  inflating: lib/python3.11/distutils/command/__pycache__/bdist_rpm.cpython-311.opt-2.pyc
  inflating: lib/python3.11/distutils/command/__pycache__/install_scripts.cpython-311.opt-1.pyc
  inflating: lib/python3.11/distutils/command/__pycache__/upload.cpython-311.pyc
  inflating: lib/python3.11/distutils/command/__pycache__/build_py.cpython-311.pyc
  inflating: lib/python3.11/distutils/command/__pycache__/bdist.cpython-311.pyc
  inflating: lib/python3.11/distutils/command/__pycache__/bdist.cpython-311.opt-1.pyc
  inflating: lib/python3.11/distutils/command/__pycache__/install_scripts.cpython-311.opt-2.pyc
  inflating: lib/python3.11/distutils/command/__pycache__/install_headers.cpython-311.opt-2.pyc
  inflating: lib/python3.11/distutils/command/__pycache__/install_lib.cpython-311.opt-1.pyc
  inflating: lib/python3.11/distutils/command/__pycache__/__init__.cpython-311.opt-2.pyc
  inflating: lib/python3.11/distutils/command/__pycache__/bdist_dumb.cpython-311.opt-2.pyc
  inflating: lib/python3.11/distutils/command/__pycache__/build_scripts.cpython-311.pyc
  inflating: lib/python3.11/distutils/command/__pycache__/clean.cpython-311.opt-1.pyc
  inflating: lib/python3.11/distutils/command/__pycache__/build_ext.cpython-311.opt-2.pyc
  inflating: lib/python3.11/distutils/command/__pycache__/build.cpython-311.opt-2.pyc
  inflating: lib/python3.11/distutils/command/__pycache__/upload.cpython-311.opt-2.pyc
  inflating: lib/python3.11/distutils/command/__pycache__/config.cpython-311.pyc
  inflating: lib/python3.11/distutils/command/__pycache__/config.cpython-311.opt-2.pyc
  inflating: lib/python3.11/distutils/command/__pycache__/build_ext.cpython-311.opt-1.pyc
  inflating: lib/python3.11/distutils/command/__pycache__/install_lib.cpython-311.pyc
  inflating: lib/python3.11/distutils/command/__pycache__/sdist.cpython-311.opt-1.pyc
  inflating: lib/python3.11/distutils/command/__pycache__/install_data.cpython-311.opt-2.pyc
  inflating: lib/python3.11/distutils/command/__pycache__/build_py.cpython-311.opt-2.pyc
  inflating: lib/python3.11/distutils/command/__pycache__/install_lib.cpython-311.opt-2.pyc
  inflating: lib/python3.11/distutils/command/__pycache__/bdist_rpm.cpython-311.pyc
  inflating: lib/python3.11/distutils/command/__pycache__/bdist_dumb.cpython-311.opt-1.pyc
  inflating: lib/python3.11/distutils/command/register.py
  inflating: lib/python3.11/distutils/command/build_scripts.py
  inflating: lib/python3.11/distutils/__pycache__/archive_util.cpython-311.opt-2.pyc
  inflating: lib/python3.11/distutils/__pycache__/extension.cpython-311.opt-2.pyc
  inflating: lib/python3.11/distutils/__pycache__/log.cpython-311.opt-1.pyc
  inflating: lib/python3.11/distutils/__pycache__/bcppcompiler.cpython-311.opt-1.pyc
  inflating: lib/python3.11/distutils/__pycache__/archive_util.cpython-311.pyc
  inflating: lib/python3.11/distutils/__pycache__/util.cpython-311.opt-1.pyc
  inflating: lib/python3.11/distutils/__pycache__/unixccompiler.cpython-311.opt-1.pyc
  inflating: lib/python3.11/distutils/__pycache__/errors.cpython-311.opt-2.pyc
  inflating: lib/python3.11/distutils/__pycache__/spawn.cpython-311.pyc
  inflating: lib/python3.11/distutils/__pycache__/unixccompiler.cpython-311.pyc
  inflating: lib/python3.11/distutils/__pycache__/dep_util.cpython-311.pyc
  inflating: lib/python3.11/distutils/__pycache__/fancy_getopt.cpython-311.opt-1.pyc
  inflating: lib/python3.11/distutils/__pycache__/cmd.cpython-311.pyc
  inflating: lib/python3.11/distutils/__pycache__/filelist.cpython-311.opt-2.pyc
  inflating: lib/python3.11/distutils/__pycache__/ccompiler.cpython-311.opt-2.pyc
  inflating: lib/python3.11/distutils/__pycache__/core.cpython-311.opt-2.pyc
  inflating: lib/python3.11/distutils/__pycache__/core.cpython-311.pyc
  inflating: lib/python3.11/distutils/__pycache__/file_util.cpython-311.opt-1.pyc
  inflating: lib/python3.11/distutils/__pycache__/sysconfig.cpython-311.opt-1.pyc
  inflating: lib/python3.11/distutils/__pycache__/errors.cpython-311.pyc
  inflating: lib/python3.11/distutils/__pycache__/__init__.cpython-311.opt-1.pyc
  inflating: lib/python3.11/distutils/__pycache__/_msvccompiler.cpython-311.pyc
  inflating: lib/python3.11/distutils/__pycache__/debug.cpython-311.opt-2.pyc
  inflating: lib/python3.11/distutils/__pycache__/dep_util.cpython-311.opt-1.pyc
  inflating: lib/python3.11/distutils/__pycache__/msvc9compiler.cpython-311.opt-2.pyc
  inflating: lib/python3.11/distutils/__pycache__/text_file.cpython-311.opt-1.pyc
  inflating: lib/python3.11/distutils/__pycache__/bcppcompiler.cpython-311.opt-2.pyc
  inflating: lib/python3.11/distutils/__pycache__/spawn.cpython-311.opt-1.pyc
  inflating: lib/python3.11/distutils/__pycache__/config.cpython-311.opt-1.pyc
  inflating: lib/python3.11/distutils/__pycache__/versionpredicate.cpython-311.opt-2.pyc
  inflating: lib/python3.11/distutils/__pycache__/cygwinccompiler.cpython-311.pyc
  inflating: lib/python3.11/distutils/__pycache__/version.cpython-311.pyc
  inflating: lib/python3.11/distutils/__pycache__/__init__.cpython-311.pyc
  inflating: lib/python3.11/distutils/__pycache__/text_file.cpython-311.opt-2.pyc
  inflating: lib/python3.11/distutils/__pycache__/cygwinccompiler.cpython-311.opt-1.pyc
  inflating: lib/python3.11/distutils/__pycache__/filelist.cpython-311.opt-1.pyc
  inflating: lib/python3.11/distutils/__pycache__/_msvccompiler.cpython-311.opt-2.pyc
  inflating: lib/python3.11/distutils/__pycache__/dist.cpython-311.opt-1.pyc
  inflating: lib/python3.11/distutils/__pycache__/dir_util.cpython-311.opt-2.pyc
  inflating: lib/python3.11/distutils/__pycache__/_msvccompiler.cpython-311.opt-1.pyc
  inflating: lib/python3.11/distutils/__pycache__/dist.cpython-311.pyc
  inflating: lib/python3.11/distutils/__pycache__/debug.cpython-311.pyc
  inflating: lib/python3.11/distutils/__pycache__/cygwinccompiler.cpython-311.opt-2.pyc
  inflating: lib/python3.11/distutils/__pycache__/fancy_getopt.cpython-311.opt-2.pyc
  inflating: lib/python3.11/distutils/__pycache__/version.cpython-311.opt-2.pyc
  inflating: lib/python3.11/distutils/__pycache__/version.cpython-311.opt-1.pyc
  inflating: lib/python3.11/distutils/__pycache__/core.cpython-311.opt-1.pyc
  inflating: lib/python3.11/distutils/__pycache__/file_util.cpython-311.opt-2.pyc
  inflating: lib/python3.11/distutils/__pycache__/fancy_getopt.cpython-311.pyc
  inflating: lib/python3.11/distutils/__pycache__/log.cpython-311.opt-2.pyc
  inflating: lib/python3.11/distutils/__pycache__/text_file.cpython-311.pyc
  inflating: lib/python3.11/distutils/__pycache__/__init__.cpython-311.opt-2.pyc
  inflating: lib/python3.11/distutils/__pycache__/bcppcompiler.cpython-311.pyc
  inflating: lib/python3.11/distutils/__pycache__/ccompiler.cpython-311.pyc
  inflating: lib/python3.11/distutils/__pycache__/extension.cpython-311.pyc
  inflating: lib/python3.11/distutils/__pycache__/msvc9compiler.cpython-311.pyc
  inflating: lib/python3.11/distutils/__pycache__/ccompiler.cpython-311.opt-1.pyc
  inflating: lib/python3.11/distutils/__pycache__/dir_util.cpython-311.pyc
  inflating: lib/python3.11/distutils/__pycache__/debug.cpython-311.opt-1.pyc
  inflating: lib/python3.11/distutils/__pycache__/msvc9compiler.cpython-311.opt-1.pyc
  inflating: lib/python3.11/distutils/__pycache__/spawn.cpython-311.opt-2.pyc
  inflating: lib/python3.11/distutils/__pycache__/msvccompiler.cpython-311.opt-2.pyc
  inflating: lib/python3.11/distutils/__pycache__/util.cpython-311.opt-2.pyc
  inflating: lib/python3.11/distutils/__pycache__/config.cpython-311.pyc
  inflating: lib/python3.11/distutils/__pycache__/versionpredicate.cpython-311.opt-1.pyc
  inflating: lib/python3.11/distutils/__pycache__/filelist.cpython-311.pyc
  inflating: lib/python3.11/distutils/__pycache__/sysconfig.cpython-311.pyc
  inflating: lib/python3.11/distutils/__pycache__/file_util.cpython-311.pyc
  inflating: lib/python3.11/distutils/__pycache__/config.cpython-311.opt-2.pyc
  inflating: lib/python3.11/distutils/__pycache__/versionpredicate.cpython-311.pyc
  inflating: lib/python3.11/distutils/__pycache__/extension.cpython-311.opt-1.pyc
  inflating: lib/python3.11/distutils/__pycache__/dep_util.cpython-311.opt-2.pyc
  inflating: lib/python3.11/distutils/__pycache__/cmd.cpython-311.opt-1.pyc
  inflating: lib/python3.11/distutils/__pycache__/sysconfig.cpython-311.opt-2.pyc
  inflating: lib/python3.11/distutils/__pycache__/archive_util.cpython-311.opt-1.pyc
  inflating: lib/python3.11/distutils/__pycache__/unixccompiler.cpython-311.opt-2.pyc
  inflating: lib/python3.11/distutils/__pycache__/dist.cpython-311.opt-2.pyc
  inflating: lib/python3.11/distutils/__pycache__/msvccompiler.cpython-311.pyc
  inflating: lib/python3.11/distutils/__pycache__/cmd.cpython-311.opt-2.pyc
  inflating: lib/python3.11/distutils/__pycache__/dir_util.cpython-311.opt-1.pyc
  inflating: lib/python3.11/distutils/__pycache__/util.cpython-311.pyc
  inflating: lib/python3.11/distutils/__pycache__/errors.cpython-311.opt-1.pyc
  inflating: lib/python3.11/distutils/__pycache__/log.cpython-311.pyc
  inflating: lib/python3.11/distutils/__pycache__/msvccompiler.cpython-311.opt-1.pyc
  inflating: lib/python3.11/distutils/file_util.py
  inflating: lib/python3.11/distutils/extension.py
  inflating: lib/python3.11/sched.py
  inflating: lib/python3.11/turtle.py
  inflating: lib/python3.11/hashlib.py
  inflating: lib/python3.11/tracemalloc.py
  inflating: lib/python3.11/abc.py
  inflating: lib/python3.11/textwrap.py
  inflating: lib/python3.11/multiprocessing/resource_sharer.py
  inflating: lib/python3.11/multiprocessing/context.py
  inflating: lib/python3.11/multiprocessing/spawn.py
  inflating: lib/python3.11/multiprocessing/dummy/__init__.py
  inflating: lib/python3.11/multiprocessing/dummy/connection.py
  inflating: lib/python3.11/multiprocessing/dummy/__pycache__/__init__.cpython-311.opt-1.pyc
  inflating: lib/python3.11/multiprocessing/dummy/__pycache__/connection.cpython-311.opt-1.pyc
  inflating: lib/python3.11/multiprocessing/dummy/__pycache__/__init__.cpython-311.pyc
  inflating: lib/python3.11/multiprocessing/dummy/__pycache__/connection.cpython-311.opt-2.pyc
  inflating: lib/python3.11/multiprocessing/dummy/__pycache__/__init__.cpython-311.opt-2.pyc
  inflating: lib/python3.11/multiprocessing/dummy/__pycache__/connection.cpython-311.pyc
  inflating: lib/python3.11/multiprocessing/reduction.py
  inflating: lib/python3.11/multiprocessing/sharedctypes.py
  inflating: lib/python3.11/multiprocessing/pool.py
  inflating: lib/python3.11/multiprocessing/popen_forkserver.py
  inflating: lib/python3.11/multiprocessing/__init__.py
  inflating: lib/python3.11/multiprocessing/synchronize.py
  inflating: lib/python3.11/multiprocessing/util.py
  inflating: lib/python3.11/multiprocessing/popen_spawn_posix.py
  inflating: lib/python3.11/multiprocessing/popen_spawn_win32.py
  inflating: lib/python3.11/multiprocessing/queues.py
  inflating: lib/python3.11/multiprocessing/forkserver.py
  inflating: lib/python3.11/multiprocessing/connection.py
  inflating: lib/python3.11/multiprocessing/resource_tracker.py
  inflating: lib/python3.11/multiprocessing/heap.py
  inflating: lib/python3.11/multiprocessing/managers.py
  inflating: lib/python3.11/multiprocessing/popen_fork.py
  inflating: lib/python3.11/multiprocessing/process.py
  inflating: lib/python3.11/multiprocessing/shared_memory.py
  inflating: lib/python3.11/multiprocessing/__pycache__/resource_tracker.cpython-311.pyc
  inflating: lib/python3.11/multiprocessing/__pycache__/sharedctypes.cpython-311.opt-2.pyc
  inflating: lib/python3.11/multiprocessing/__pycache__/popen_spawn_posix.cpython-311.opt-1.pyc
  inflating: lib/python3.11/multiprocessing/__pycache__/context.cpython-311.opt-1.pyc
  inflating: lib/python3.11/multiprocessing/__pycache__/sharedctypes.cpython-311.opt-1.pyc
  inflating: lib/python3.11/multiprocessing/__pycache__/util.cpython-311.opt-1.pyc
  inflating: lib/python3.11/multiprocessing/__pycache__/reduction.cpython-311.pyc
  inflating: lib/python3.11/multiprocessing/__pycache__/queues.cpython-311.opt-2.pyc
  inflating: lib/python3.11/multiprocessing/__pycache__/pool.cpython-311.pyc
  inflating: lib/python3.11/multiprocessing/__pycache__/spawn.cpython-311.pyc
  inflating: lib/python3.11/multiprocessing/__pycache__/popen_forkserver.cpython-311.opt-2.pyc
  inflating: lib/python3.11/multiprocessing/__pycache__/synchronize.cpython-311.opt-2.pyc
  inflating: lib/python3.11/multiprocessing/__pycache__/managers.cpython-311.pyc
  inflating: lib/python3.11/multiprocessing/__pycache__/process.cpython-311.opt-2.pyc
  inflating: lib/python3.11/multiprocessing/__pycache__/pool.cpython-311.opt-2.pyc
  inflating: lib/python3.11/multiprocessing/__pycache__/process.cpython-311.pyc
  inflating: lib/python3.11/multiprocessing/__pycache__/resource_sharer.cpython-311.opt-1.pyc
  inflating: lib/python3.11/multiprocessing/__pycache__/queues.cpython-311.opt-1.pyc
  inflating: lib/python3.11/multiprocessing/__pycache__/popen_forkserver.cpython-311.pyc
  inflating: lib/python3.11/multiprocessing/__pycache__/synchronize.cpython-311.opt-1.pyc
  inflating: lib/python3.11/multiprocessing/__pycache__/__init__.cpython-311.opt-1.pyc
  inflating: lib/python3.11/multiprocessing/__pycache__/heap.cpython-311.opt-1.pyc
  inflating: lib/python3.11/multiprocessing/__pycache__/connection.cpython-311.opt-1.pyc
  inflating: lib/python3.11/multiprocessing/__pycache__/popen_spawn_win32.cpython-311.opt-1.pyc
  inflating: lib/python3.11/multiprocessing/__pycache__/context.cpython-311.pyc
  inflating: lib/python3.11/multiprocessing/__pycache__/process.cpython-311.opt-1.pyc
  inflating: lib/python3.11/multiprocessing/__pycache__/spawn.cpython-311.opt-1.pyc
  inflating: lib/python3.11/multiprocessing/__pycache__/__init__.cpython-311.pyc
  inflating: lib/python3.11/multiprocessing/__pycache__/queues.cpython-311.pyc
  inflating: lib/python3.11/multiprocessing/__pycache__/heap.cpython-311.pyc
  inflating: lib/python3.11/multiprocessing/__pycache__/shared_memory.cpython-311.pyc
  inflating: lib/python3.11/multiprocessing/__pycache__/heap.cpython-311.opt-2.pyc
  inflating: lib/python3.11/multiprocessing/__pycache__/popen_spawn_posix.cpython-311.opt-2.pyc
  inflating: lib/python3.11/multiprocessing/__pycache__/context.cpython-311.opt-2.pyc
  inflating: lib/python3.11/multiprocessing/__pycache__/connection.cpython-311.opt-2.pyc
  inflating: lib/python3.11/multiprocessing/__pycache__/forkserver.cpython-311.opt-1.pyc
  inflating: lib/python3.11/multiprocessing/__pycache__/resource_sharer.cpython-311.pyc
  inflating: lib/python3.11/multiprocessing/__pycache__/__init__.cpython-311.opt-2.pyc
  inflating: lib/python3.11/multiprocessing/__pycache__/shared_memory.cpython-311.opt-2.pyc
  inflating: lib/python3.11/multiprocessing/__pycache__/shared_memory.cpython-311.opt-1.pyc
  inflating: lib/python3.11/multiprocessing/__pycache__/resource_tracker.cpython-311.opt-1.pyc
  inflating: lib/python3.11/multiprocessing/__pycache__/resource_sharer.cpython-311.opt-2.pyc
  inflating: lib/python3.11/multiprocessing/__pycache__/managers.cpython-311.opt-1.pyc
  inflating: lib/python3.11/multiprocessing/__pycache__/reduction.cpython-311.opt-1.pyc
  inflating: lib/python3.11/multiprocessing/__pycache__/popen_forkserver.cpython-311.opt-1.pyc
  inflating: lib/python3.11/multiprocessing/__pycache__/pool.cpython-311.opt-1.pyc
  inflating: lib/python3.11/multiprocessing/__pycache__/reduction.cpython-311.opt-2.pyc
  inflating: lib/python3.11/multiprocessing/__pycache__/spawn.cpython-311.opt-2.pyc
  inflating: lib/python3.11/multiprocessing/__pycache__/forkserver.cpython-311.pyc
  inflating: lib/python3.11/multiprocessing/__pycache__/util.cpython-311.opt-2.pyc
  inflating: lib/python3.11/multiprocessing/__pycache__/managers.cpython-311.opt-2.pyc
  inflating: lib/python3.11/multiprocessing/__pycache__/popen_spawn_posix.cpython-311.pyc
  inflating: lib/python3.11/multiprocessing/__pycache__/sharedctypes.cpython-311.pyc
  inflating: lib/python3.11/multiprocessing/__pycache__/popen_fork.cpython-311.opt-1.pyc
  inflating: lib/python3.11/multiprocessing/__pycache__/resource_tracker.cpython-311.opt-2.pyc
  inflating: lib/python3.11/multiprocessing/__pycache__/popen_fork.cpython-311.opt-2.pyc
  inflating: lib/python3.11/multiprocessing/__pycache__/synchronize.cpython-311.pyc
  inflating: lib/python3.11/multiprocessing/__pycache__/connection.cpython-311.pyc
  inflating: lib/python3.11/multiprocessing/__pycache__/popen_spawn_win32.cpython-311.opt-2.pyc
  inflating: lib/python3.11/multiprocessing/__pycache__/popen_fork.cpython-311.pyc
  inflating: lib/python3.11/multiprocessing/__pycache__/forkserver.cpython-311.opt-2.pyc
  inflating: lib/python3.11/multiprocessing/__pycache__/util.cpython-311.pyc
  inflating: lib/python3.11/multiprocessing/__pycache__/popen_spawn_win32.cpython-311.pyc
  inflating: lib/python3.11/concurrent/__init__.py
  inflating: lib/python3.11/concurrent/futures/__init__.py
  inflating: lib/python3.11/concurrent/futures/thread.py
  inflating: lib/python3.11/concurrent/futures/_base.py
  inflating: lib/python3.11/concurrent/futures/process.py
  inflating: lib/python3.11/concurrent/futures/__pycache__/_base.cpython-311.opt-2.pyc
  inflating: lib/python3.11/concurrent/futures/__pycache__/thread.cpython-311.opt-2.pyc
  inflating: lib/python3.11/concurrent/futures/__pycache__/process.cpython-311.opt-2.pyc
  inflating: lib/python3.11/concurrent/futures/__pycache__/process.cpython-311.pyc
  inflating: lib/python3.11/concurrent/futures/__pycache__/__init__.cpython-311.opt-1.pyc
  inflating: lib/python3.11/concurrent/futures/__pycache__/_base.cpython-311.pyc
  inflating: lib/python3.11/concurrent/futures/__pycache__/process.cpython-311.opt-1.pyc
  inflating: lib/python3.11/concurrent/futures/__pycache__/__init__.cpython-311.pyc
  inflating: lib/python3.11/concurrent/futures/__pycache__/_base.cpython-311.opt-1.pyc
  inflating: lib/python3.11/concurrent/futures/__pycache__/__init__.cpython-311.opt-2.pyc
  inflating: lib/python3.11/concurrent/futures/__pycache__/thread.cpython-311.opt-1.pyc
  inflating: lib/python3.11/concurrent/futures/__pycache__/thread.cpython-311.pyc
  inflating: lib/python3.11/concurrent/__pycache__/__init__.cpython-311.opt-1.pyc
  inflating: lib/python3.11/concurrent/__pycache__/__init__.cpython-311.pyc
  inflating: lib/python3.11/concurrent/__pycache__/__init__.cpython-311.opt-2.pyc
  inflating: lib/python3.11/sre_parse.py
  inflating: lib/python3.11/this.py
  inflating: lib/python3.11/trace.py
  inflating: lib/python3.11/code.py
  inflating: lib/python3.11/uuid.py
  inflating: lib/python3.11/reprlib.py
  inflating: lib/python3.11/runpy.py
  inflating: lib/python3.11/ctypes/test/test_repr.py
  inflating: lib/python3.11/ctypes/test/test_incomplete.py
  inflating: lib/python3.11/ctypes/test/test_struct_fields.py
  inflating: lib/python3.11/ctypes/test/test_callbacks.py
  inflating: lib/python3.11/ctypes/test/test_returnfuncptrs.py
  inflating: lib/python3.11/ctypes/test/test_refcounts.py
  inflating: lib/python3.11/ctypes/test/__main__.py
  inflating: lib/python3.11/ctypes/test/test_pep3118.py
  inflating: lib/python3.11/ctypes/test/test_array_in_pointer.py
  inflating: lib/python3.11/ctypes/test/test_frombuffer.py
  inflating: lib/python3.11/ctypes/test/test_structures.py
  inflating: lib/python3.11/ctypes/test/test_cast.py
  inflating: lib/python3.11/ctypes/test/test_byteswap.py
  inflating: lib/python3.11/ctypes/test/__init__.py
  inflating: lib/python3.11/ctypes/test/test_unaligned_structures.py
  inflating: lib/python3.11/ctypes/test/test_memfunctions.py
  inflating: lib/python3.11/ctypes/test/test_init.py
  inflating: lib/python3.11/ctypes/test/test_macholib.py
  inflating: lib/python3.11/ctypes/test/test_bitfields.py
  inflating: lib/python3.11/ctypes/test/test_strings.py
  inflating: lib/python3.11/ctypes/test/test_simplesubclasses.py
  inflating: lib/python3.11/ctypes/test/test_loading.py
  inflating: lib/python3.11/ctypes/test/test_errno.py
  inflating: lib/python3.11/ctypes/test/test_libc.py
  inflating: lib/python3.11/ctypes/test/test_parameters.py
  inflating: lib/python3.11/ctypes/test/test_buffers.py
  inflating: lib/python3.11/ctypes/test/test_bytes.py
  inflating: lib/python3.11/ctypes/test/test_win32.py
  inflating: lib/python3.11/ctypes/test/test_pointers.py
  inflating: lib/python3.11/ctypes/test/test_random_things.py
  inflating: lib/python3.11/ctypes/test/test_anon.py
  inflating: lib/python3.11/ctypes/test/test_unicode.py
  inflating: lib/python3.11/ctypes/test/test_find.py
  inflating: lib/python3.11/ctypes/test/test_cfuncs.py
  inflating: lib/python3.11/ctypes/test/test_sizes.py
  inflating: lib/python3.11/ctypes/test/test_functions.py
  inflating: lib/python3.11/ctypes/test/test_values.py
  inflating: lib/python3.11/ctypes/test/test_slicing.py
  inflating: lib/python3.11/ctypes/test/test_arrays.py
  inflating: lib/python3.11/ctypes/test/test_wintypes.py
  inflating: lib/python3.11/ctypes/test/test_prototypes.py
  inflating: lib/python3.11/ctypes/test/test_checkretval.py
  inflating: lib/python3.11/ctypes/test/test_objects.py
  inflating: lib/python3.11/ctypes/test/test_varsize_struct.py
  inflating: lib/python3.11/ctypes/test/test_python_api.py
  inflating: lib/python3.11/ctypes/test/__pycache__/test_pickling.cpython-311.opt-2.pyc
  inflating: lib/python3.11/ctypes/test/__pycache__/test_wintypes.cpython-311.opt-1.pyc
  inflating: lib/python3.11/ctypes/test/__pycache__/test_byteswap.cpython-311.pyc
  inflating: lib/python3.11/ctypes/test/__pycache__/test_incomplete.cpython-311.pyc
  inflating: lib/python3.11/ctypes/test/__pycache__/test_refcounts.cpython-311.opt-2.pyc
  inflating: lib/python3.11/ctypes/test/__pycache__/test_unicode.cpython-311.opt-2.pyc
  inflating: lib/python3.11/ctypes/test/__pycache__/test_anon.cpython-311.pyc
  inflating: lib/python3.11/ctypes/test/__pycache__/test_cfuncs.cpython-311.opt-1.pyc
  inflating: lib/python3.11/ctypes/test/__pycache__/test_repr.cpython-311.opt-1.pyc
  inflating: lib/python3.11/ctypes/test/__pycache__/test_anon.cpython-311.opt-2.pyc
  inflating: lib/python3.11/ctypes/test/__pycache__/test_find.cpython-311.opt-2.pyc
  inflating: lib/python3.11/ctypes/test/__pycache__/test_functions.cpython-311.opt-1.pyc
  inflating: lib/python3.11/ctypes/test/__pycache__/test_bytes.cpython-311.opt-2.pyc
  inflating: lib/python3.11/ctypes/test/__pycache__/test_buffers.cpython-311.pyc
  inflating: lib/python3.11/ctypes/test/__pycache__/test_delattr.cpython-311.opt-1.pyc
  inflating: lib/python3.11/ctypes/test/__pycache__/test_random_things.cpython-311.pyc
  inflating: lib/python3.11/ctypes/test/__pycache__/test_structures.cpython-311.opt-1.pyc
  inflating: lib/python3.11/ctypes/test/__pycache__/test_as_parameter.cpython-311.opt-2.pyc
  inflating: lib/python3.11/ctypes/test/__pycache__/test_slicing.cpython-311.pyc
  inflating: lib/python3.11/ctypes/test/__pycache__/test_varsize_struct.cpython-311.pyc
  inflating: lib/python3.11/ctypes/test/__pycache__/test_win32.cpython-311.opt-2.pyc
  inflating: lib/python3.11/ctypes/test/__pycache__/test_arrays.cpython-311.opt-1.pyc
  inflating: lib/python3.11/ctypes/test/__pycache__/test_strings.cpython-311.opt-1.pyc
  inflating: lib/python3.11/ctypes/test/__pycache__/test_stringptr.cpython-311.opt-1.pyc
  inflating: lib/python3.11/ctypes/test/__pycache__/test_python_api.cpython-311.opt-1.pyc
  inflating: lib/python3.11/ctypes/test/__pycache__/test_random_things.cpython-311.opt-1.pyc
  inflating: lib/python3.11/ctypes/test/__pycache__/test_unaligned_structures.cpython-311.pyc
  inflating: lib/python3.11/ctypes/test/__pycache__/test_returnfuncptrs.cpython-311.opt-2.pyc
  inflating: lib/python3.11/ctypes/test/__pycache__/test_callbacks.cpython-311.pyc
  inflating: lib/python3.11/ctypes/test/__pycache__/test_unaligned_structures.cpython-311.opt-2.pyc
  inflating: lib/python3.11/ctypes/test/__pycache__/test_init.cpython-311.pyc
  inflating: lib/python3.11/ctypes/test/__pycache__/test_bytes.cpython-311.opt-1.pyc
  inflating: lib/python3.11/ctypes/test/__pycache__/test_array_in_pointer.cpython-311.opt-1.pyc
  inflating: lib/python3.11/ctypes/test/__pycache__/test_incomplete.cpython-311.opt-1.pyc
  inflating: lib/python3.11/ctypes/test/__pycache__/test_pickling.cpython-311.pyc
  inflating: lib/python3.11/ctypes/test/__pycache__/test_cast.cpython-311.opt-2.pyc
  inflating: lib/python3.11/ctypes/test/__pycache__/test_as_parameter.cpython-311.pyc
  inflating: lib/python3.11/ctypes/test/__pycache__/__init__.cpython-311.opt-1.pyc
  inflating: lib/python3.11/ctypes/test/__pycache__/test_funcptr.cpython-311.opt-2.pyc
  inflating: lib/python3.11/ctypes/test/__pycache__/test_parameters.cpython-311.opt-1.pyc
  inflating: lib/python3.11/ctypes/test/__pycache__/test_byteswap.cpython-311.opt-2.pyc
  inflating: lib/python3.11/ctypes/test/__pycache__/test_memfunctions.cpython-311.opt-1.pyc
  inflating: lib/python3.11/ctypes/test/__pycache__/test_buffers.cpython-311.opt-2.pyc
  inflating: lib/python3.11/ctypes/test/__pycache__/test_array_in_pointer.cpython-311.pyc
  inflating: lib/python3.11/ctypes/test/__pycache__/test_bitfields.cpython-311.opt-2.pyc
  inflating: lib/python3.11/ctypes/test/__pycache__/test_pep3118.cpython-311.opt-1.pyc
  inflating: lib/python3.11/ctypes/test/__pycache__/test_cast.cpython-311.pyc
  inflating: lib/python3.11/ctypes/test/__pycache__/test_numbers.cpython-311.pyc
  inflating: lib/python3.11/ctypes/test/__pycache__/test_checkretval.cpython-311.opt-1.pyc
  inflating: lib/python3.11/ctypes/test/__pycache__/__main__.cpython-311.opt-1.pyc
  inflating: lib/python3.11/ctypes/test/__pycache__/test_init.cpython-311.opt-2.pyc
  inflating: lib/python3.11/ctypes/test/__pycache__/test_objects.cpython-311.pyc
  inflating: lib/python3.11/ctypes/test/__pycache__/test_internals.cpython-311.opt-2.pyc
  inflating: lib/python3.11/ctypes/test/__pycache__/test_delattr.cpython-311.opt-2.pyc
  inflating: lib/python3.11/ctypes/test/__pycache__/test_prototypes.cpython-311.opt-1.pyc
  inflating: lib/python3.11/ctypes/test/__pycache__/test_simplesubclasses.cpython-311.opt-2.pyc
  inflating: lib/python3.11/ctypes/test/__pycache__/test_loading.cpython-311.opt-2.pyc
  inflating: lib/python3.11/ctypes/test/__pycache__/__init__.cpython-311.pyc
  inflating: lib/python3.11/ctypes/test/__pycache__/test_structures.cpython-311.opt-2.pyc
  inflating: lib/python3.11/ctypes/test/__pycache__/test_wintypes.cpython-311.opt-2.pyc
  inflating: lib/python3.11/ctypes/test/__pycache__/test_macholib.cpython-311.opt-1.pyc
  inflating: lib/python3.11/ctypes/test/__pycache__/test_unaligned_structures.cpython-311.opt-1.pyc
  inflating: lib/python3.11/ctypes/test/__pycache__/test_simplesubclasses.cpython-311.opt-1.pyc
  inflating: lib/python3.11/ctypes/test/__pycache__/test_init.cpython-311.opt-1.pyc
  inflating: lib/python3.11/ctypes/test/__pycache__/test_pointers.cpython-311.opt-2.pyc
  inflating: lib/python3.11/ctypes/test/__pycache__/test_sizes.cpython-311.opt-2.pyc
  inflating: lib/python3.11/ctypes/test/__pycache__/test_slicing.cpython-311.opt-2.pyc
  inflating: lib/python3.11/ctypes/test/__pycache__/test_frombuffer.cpython-311.pyc
  inflating: lib/python3.11/ctypes/test/__pycache__/test_as_parameter.cpython-311.opt-1.pyc
  inflating: lib/python3.11/ctypes/test/__pycache__/test_stringptr.cpython-311.opt-2.pyc
  inflating: lib/python3.11/ctypes/test/__pycache__/test_parameters.cpython-311.pyc
  inflating: lib/python3.11/ctypes/test/__pycache__/test_incomplete.cpython-311.opt-2.pyc
  inflating: lib/python3.11/ctypes/test/__pycache__/test_python_api.cpython-311.pyc
  inflating: lib/python3.11/ctypes/test/__pycache__/test_numbers.cpython-311.opt-1.pyc
  inflating: lib/python3.11/ctypes/test/__pycache__/test_buffers.cpython-311.opt-1.pyc
  inflating: lib/python3.11/ctypes/test/__pycache__/test_functions.cpython-311.pyc
  inflating: lib/python3.11/ctypes/test/__pycache__/test_pep3118.cpython-311.opt-2.pyc
  inflating: lib/python3.11/ctypes/test/__pycache__/test_struct_fields.cpython-311.opt-2.pyc
  inflating: lib/python3.11/ctypes/test/__pycache__/test_stringptr.cpython-311.pyc
  inflating: lib/python3.11/ctypes/test/__pycache__/test_strings.cpython-311.opt-2.pyc
  inflating: lib/python3.11/ctypes/test/__pycache__/test_parameters.cpython-311.opt-2.pyc
  inflating: lib/python3.11/ctypes/test/__pycache__/test_macholib.cpython-311.opt-2.pyc
  inflating: lib/python3.11/ctypes/test/__pycache__/test_pep3118.cpython-311.pyc
  inflating: lib/python3.11/ctypes/test/__pycache__/test_callbacks.cpython-311.opt-2.pyc
  inflating: lib/python3.11/ctypes/test/__pycache__/test_wintypes.cpython-311.pyc
  inflating: lib/python3.11/ctypes/test/__pycache__/test_simplesubclasses.cpython-311.pyc
  inflating: lib/python3.11/ctypes/test/__pycache__/test_bitfields.cpython-311.opt-1.pyc
  inflating: lib/python3.11/ctypes/test/__pycache__/test_values.cpython-311.opt-2.pyc
  inflating: lib/python3.11/ctypes/test/__pycache__/test_unicode.cpython-311.opt-1.pyc
  inflating: lib/python3.11/ctypes/test/__pycache__/test_refcounts.cpython-311.pyc
  inflating: lib/python3.11/ctypes/test/__pycache__/test_memfunctions.cpython-311.opt-2.pyc
  inflating: lib/python3.11/ctypes/test/__pycache__/test_loading.cpython-311.opt-1.pyc
  inflating: lib/python3.11/ctypes/test/__pycache__/__main__.cpython-311.opt-2.pyc
  inflating: lib/python3.11/ctypes/test/__pycache__/test_sizes.cpython-311.pyc
  inflating: lib/python3.11/ctypes/test/__pycache__/test_unicode.cpython-311.pyc
  inflating: lib/python3.11/ctypes/test/__pycache__/test_cast.cpython-311.opt-1.pyc
  inflating: lib/python3.11/ctypes/test/__pycache__/test_values.cpython-311.opt-1.pyc
  inflating: lib/python3.11/ctypes/test/__pycache__/test_libc.cpython-311.opt-1.pyc
  inflating: lib/python3.11/ctypes/test/__pycache__/test_libc.cpython-311.pyc
  inflating: lib/python3.11/ctypes/test/__pycache__/test_cfuncs.cpython-311.opt-2.pyc
  inflating: lib/python3.11/ctypes/test/__pycache__/test_keeprefs.cpython-311.pyc
  inflating: lib/python3.11/ctypes/test/__pycache__/test_pointers.cpython-311.opt-1.pyc
  inflating: lib/python3.11/ctypes/test/__pycache__/__init__.cpython-311.opt-2.pyc
  inflating: lib/python3.11/ctypes/test/__pycache__/test_numbers.cpython-311.opt-2.pyc
  inflating: lib/python3.11/ctypes/test/__pycache__/test_win32.cpython-311.opt-1.pyc
  inflating: lib/python3.11/ctypes/test/__pycache__/test_memfunctions.cpython-311.pyc
  inflating: lib/python3.11/ctypes/test/__pycache__/test_anon.cpython-311.opt-1.pyc
  inflating: lib/python3.11/ctypes/test/__pycache__/test_array_in_pointer.cpython-311.opt-2.pyc
  inflating: lib/python3.11/ctypes/test/__pycache__/test_macholib.cpython-311.pyc
  inflating: lib/python3.11/ctypes/test/__pycache__/test_keeprefs.cpython-311.opt-2.pyc
  inflating: lib/python3.11/ctypes/test/__pycache__/test_pointers.cpython-311.pyc
  inflating: lib/python3.11/ctypes/test/__pycache__/test_internals.cpython-311.pyc
  inflating: lib/python3.11/ctypes/test/__pycache__/test_find.cpython-311.pyc
  inflating: lib/python3.11/ctypes/test/__pycache__/test_python_api.cpython-311.opt-2.pyc
  inflating: lib/python3.11/ctypes/test/__pycache__/test_funcptr.cpython-311.opt-1.pyc
  inflating: lib/python3.11/ctypes/test/__pycache__/test_slicing.cpython-311.opt-1.pyc
  inflating: lib/python3.11/ctypes/test/__pycache__/test_bytes.cpython-311.pyc
  inflating: lib/python3.11/ctypes/test/__pycache__/test_structures.cpython-311.pyc
  inflating: lib/python3.11/ctypes/test/__pycache__/test_objects.cpython-311.opt-2.pyc
  inflating: lib/python3.11/ctypes/test/__pycache__/test_returnfuncptrs.cpython-311.opt-1.pyc
  inflating: lib/python3.11/ctypes/test/__pycache__/test_values.cpython-311.pyc
  inflating: lib/python3.11/ctypes/test/__pycache__/test_prototypes.cpython-311.pyc
  inflating: lib/python3.11/ctypes/test/__pycache__/test_errno.cpython-311.opt-1.pyc
  inflating: lib/python3.11/ctypes/test/__pycache__/test_libc.cpython-311.opt-2.pyc
  inflating: lib/python3.11/ctypes/test/__pycache__/test_byteswap.cpython-311.opt-1.pyc
  inflating: lib/python3.11/ctypes/test/__pycache__/test_struct_fields.cpython-311.opt-1.pyc
  inflating: lib/python3.11/ctypes/test/__pycache__/test_varsize_struct.cpython-311.opt-2.pyc
  inflating: lib/python3.11/ctypes/test/__pycache__/__main__.cpython-311.pyc
  inflating: lib/python3.11/ctypes/test/__pycache__/test_frombuffer.cpython-311.opt-1.pyc
  inflating: lib/python3.11/ctypes/test/__pycache__/test_returnfuncptrs.cpython-311.pyc
  inflating: lib/python3.11/ctypes/test/__pycache__/test_random_things.cpython-311.opt-2.pyc
  inflating: lib/python3.11/ctypes/test/__pycache__/test_prototypes.cpython-311.opt-2.pyc
  inflating: lib/python3.11/ctypes/test/__pycache__/test_keeprefs.cpython-311.opt-1.pyc
  inflating: lib/python3.11/ctypes/test/__pycache__/test_arrays.cpython-311.pyc
  inflating: lib/python3.11/ctypes/test/__pycache__/test_varsize_struct.cpython-311.opt-1.pyc
  inflating: lib/python3.11/ctypes/test/__pycache__/test_callbacks.cpython-311.opt-1.pyc
  inflating: lib/python3.11/ctypes/test/__pycache__/test_cfuncs.cpython-311.pyc
  inflating: lib/python3.11/ctypes/test/__pycache__/test_internals.cpython-311.opt-1.pyc
  inflating: lib/python3.11/ctypes/test/__pycache__/test_repr.cpython-311.opt-2.pyc
  inflating: lib/python3.11/ctypes/test/__pycache__/test_frombuffer.cpython-311.opt-2.pyc
  inflating: lib/python3.11/ctypes/test/__pycache__/test_errno.cpython-311.pyc
  inflating: lib/python3.11/ctypes/test/__pycache__/test_errno.cpython-311.opt-2.pyc
  inflating: lib/python3.11/ctypes/test/__pycache__/test_find.cpython-311.opt-1.pyc
  inflating: lib/python3.11/ctypes/test/__pycache__/test_struct_fields.cpython-311.pyc
  inflating: lib/python3.11/ctypes/test/__pycache__/test_win32.cpython-311.pyc
  inflating: lib/python3.11/ctypes/test/__pycache__/test_checkretval.cpython-311.pyc
  inflating: lib/python3.11/ctypes/test/__pycache__/test_pickling.cpython-311.opt-1.pyc
  inflating: lib/python3.11/ctypes/test/__pycache__/test_funcptr.cpython-311.pyc
  inflating: lib/python3.11/ctypes/test/__pycache__/test_arrays.cpython-311.opt-2.pyc
  inflating: lib/python3.11/ctypes/test/__pycache__/test_objects.cpython-311.opt-1.pyc
  inflating: lib/python3.11/ctypes/test/__pycache__/test_checkretval.cpython-311.opt-2.pyc
  inflating: lib/python3.11/ctypes/test/__pycache__/test_loading.cpython-311.pyc
  inflating: lib/python3.11/ctypes/test/__pycache__/test_refcounts.cpython-311.opt-1.pyc
  inflating: lib/python3.11/ctypes/test/__pycache__/test_sizes.cpython-311.opt-1.pyc
  inflating: lib/python3.11/ctypes/test/__pycache__/test_functions.cpython-311.opt-2.pyc
  inflating: lib/python3.11/ctypes/test/__pycache__/test_bitfields.cpython-311.pyc
  inflating: lib/python3.11/ctypes/test/__pycache__/test_strings.cpython-311.pyc
  inflating: lib/python3.11/ctypes/test/__pycache__/test_delattr.cpython-311.pyc
  inflating: lib/python3.11/ctypes/test/__pycache__/test_repr.cpython-311.pyc
  inflating: lib/python3.11/ctypes/test/test_keeprefs.py
  inflating: lib/python3.11/ctypes/test/test_numbers.py
  inflating: lib/python3.11/ctypes/test/test_internals.py
  inflating: lib/python3.11/ctypes/test/test_delattr.py
  inflating: lib/python3.11/ctypes/test/test_funcptr.py
  inflating: lib/python3.11/ctypes/test/test_as_parameter.py
  inflating: lib/python3.11/ctypes/test/test_pickling.py
  inflating: lib/python3.11/ctypes/test/test_stringptr.py
  inflating: lib/python3.11/ctypes/_aix.py
  inflating: lib/python3.11/ctypes/macholib/README.ctypes
  inflating: lib/python3.11/ctypes/macholib/__init__.py
  inflating: lib/python3.11/ctypes/macholib/fetch_macholib
  inflating: lib/python3.11/ctypes/macholib/dyld.py
  inflating: lib/python3.11/ctypes/macholib/fetch_macholib.bat
  inflating: lib/python3.11/ctypes/macholib/dylib.py
  inflating: lib/python3.11/ctypes/macholib/framework.py
  inflating: lib/python3.11/ctypes/macholib/__pycache__/framework.cpython-311.opt-1.pyc
  inflating: lib/python3.11/ctypes/macholib/__pycache__/__init__.cpython-311.opt-1.pyc
  inflating: lib/python3.11/ctypes/macholib/__pycache__/dyld.cpython-311.opt-1.pyc
  inflating: lib/python3.11/ctypes/macholib/__pycache__/dyld.cpython-311.pyc
  inflating: lib/python3.11/ctypes/macholib/__pycache__/__init__.cpython-311.pyc
  inflating: lib/python3.11/ctypes/macholib/__pycache__/dylib.cpython-311.opt-2.pyc
  inflating: lib/python3.11/ctypes/macholib/__pycache__/framework.cpython-311.pyc
  inflating: lib/python3.11/ctypes/macholib/__pycache__/dylib.cpython-311.opt-1.pyc
  inflating: lib/python3.11/ctypes/macholib/__pycache__/framework.cpython-311.opt-2.pyc
  inflating: lib/python3.11/ctypes/macholib/__pycache__/__init__.cpython-311.opt-2.pyc
  inflating: lib/python3.11/ctypes/macholib/__pycache__/dylib.cpython-311.pyc
  inflating: lib/python3.11/ctypes/macholib/__pycache__/dyld.cpython-311.opt-2.pyc
  inflating: lib/python3.11/ctypes/__init__.py
  inflating: lib/python3.11/ctypes/util.py
  inflating: lib/python3.11/ctypes/_endian.py
  inflating: lib/python3.11/ctypes/__pycache__/util.cpython-311.opt-1.pyc
  inflating: lib/python3.11/ctypes/__pycache__/_endian.cpython-311.opt-1.pyc
  inflating: lib/python3.11/ctypes/__pycache__/__init__.cpython-311.opt-1.pyc
  inflating: lib/python3.11/ctypes/__pycache__/__init__.cpython-311.pyc
  inflating: lib/python3.11/ctypes/__pycache__/_aix.cpython-311.opt-2.pyc
  inflating: lib/python3.11/ctypes/__pycache__/wintypes.cpython-311.pyc
  inflating: lib/python3.11/ctypes/__pycache__/_aix.cpython-311.pyc
  inflating: lib/python3.11/ctypes/__pycache__/wintypes.cpython-311.opt-2.pyc
  inflating: lib/python3.11/ctypes/__pycache__/wintypes.cpython-311.opt-1.pyc
  inflating: lib/python3.11/ctypes/__pycache__/_endian.cpython-311.opt-2.pyc
  inflating: lib/python3.11/ctypes/__pycache__/_aix.cpython-311.opt-1.pyc
  inflating: lib/python3.11/ctypes/__pycache__/__init__.cpython-311.opt-2.pyc
  inflating: lib/python3.11/ctypes/__pycache__/_endian.cpython-311.pyc
  inflating: lib/python3.11/ctypes/__pycache__/util.cpython-311.opt-2.pyc
  inflating: lib/python3.11/ctypes/__pycache__/util.cpython-311.pyc
  inflating: lib/python3.11/ctypes/wintypes.py
  inflating: lib/python3.11/LICENSE.txt
  inflating: lib/python3.11/configparser.py
  inflating: lib/python3.11/pyclbr.py
  inflating: lib/python3.11/dbm/gnu.py
  inflating: lib/python3.11/dbm/ndbm.py
  inflating: lib/python3.11/dbm/__init__.py
  inflating: lib/python3.11/dbm/dumb.py
  inflating: lib/python3.11/dbm/__pycache__/dumb.cpython-311.pyc
  inflating: lib/python3.11/dbm/__pycache__/__init__.cpython-311.opt-1.pyc
  inflating: lib/python3.11/dbm/__pycache__/__init__.cpython-311.pyc
  inflating: lib/python3.11/dbm/__pycache__/ndbm.cpython-311.opt-1.pyc
  inflating: lib/python3.11/dbm/__pycache__/ndbm.cpython-311.pyc
  inflating: lib/python3.11/dbm/__pycache__/dumb.cpython-311.opt-1.pyc
  inflating: lib/python3.11/dbm/__pycache__/ndbm.cpython-311.opt-2.pyc
  inflating: lib/python3.11/dbm/__pycache__/gnu.cpython-311.opt-1.pyc
  inflating: lib/python3.11/dbm/__pycache__/gnu.cpython-311.pyc
  inflating: lib/python3.11/dbm/__pycache__/__init__.cpython-311.opt-2.pyc
  inflating: lib/python3.11/dbm/__pycache__/gnu.cpython-311.opt-2.pyc
  inflating: lib/python3.11/dbm/__pycache__/dumb.cpython-311.opt-2.pyc
  inflating: lib/python3.11/socket.py
  inflating: lib/python3.11/locale.py
  inflating: lib/python3.11/_strptime.py
  inflating: lib/python3.11/html/parser.py
  inflating: lib/python3.11/html/__init__.py
  inflating: lib/python3.11/html/entities.py
  inflating: lib/python3.11/html/__pycache__/entities.cpython-311.pyc
  inflating: lib/python3.11/html/__pycache__/entities.cpython-311.opt-2.pyc
  inflating: lib/python3.11/html/__pycache__/__init__.cpython-311.opt-1.pyc
  inflating: lib/python3.11/html/__pycache__/parser.cpython-311.opt-2.pyc
  inflating: lib/python3.11/html/__pycache__/__init__.cpython-311.pyc
  inflating: lib/python3.11/html/__pycache__/parser.cpython-311.pyc
  inflating: lib/python3.11/html/__pycache__/__init__.cpython-311.opt-2.pyc
  inflating: lib/python3.11/html/__pycache__/entities.cpython-311.opt-1.pyc
  inflating: lib/python3.11/html/__pycache__/parser.cpython-311.opt-1.pyc
  inflating: lib/python3.11/stat.py
  inflating: lib/python3.11/glob.py
  inflating: lib/python3.11/_markupbase.py
  inflating: lib/python3.11/heapq.py
  inflating: lib/python3.11/imaplib.py
  inflating: lib/python3.11/xmlrpc/client.py
  inflating: lib/python3.11/xmlrpc/__init__.py
  inflating: lib/python3.11/xmlrpc/server.py
  inflating: lib/python3.11/xmlrpc/__pycache__/__init__.cpython-311.opt-1.pyc
  inflating: lib/python3.11/xmlrpc/__pycache__/__init__.cpython-311.pyc
  inflating: lib/python3.11/xmlrpc/__pycache__/client.cpython-311.pyc
  inflating: lib/python3.11/xmlrpc/__pycache__/client.cpython-311.opt-2.pyc
  inflating: lib/python3.11/xmlrpc/__pycache__/server.cpython-311.pyc
  inflating: lib/python3.11/xmlrpc/__pycache__/server.cpython-311.opt-2.pyc
  inflating: lib/python3.11/xmlrpc/__pycache__/__init__.cpython-311.opt-2.pyc
  inflating: lib/python3.11/xmlrpc/__pycache__/server.cpython-311.opt-1.pyc
  inflating: lib/python3.11/xmlrpc/__pycache__/client.cpython-311.opt-1.pyc
  inflating: lib/python3.11/unittest/test/test_result.py
  inflating: lib/python3.11/unittest/test/test_suite.py
  inflating: lib/python3.11/unittest/test/test_case.py
  inflating: lib/python3.11/unittest/test/test_loader.py
  inflating: lib/python3.11/unittest/test/__main__.py
  inflating: lib/python3.11/unittest/test/test_assertions.py
  inflating: lib/python3.11/unittest/test/test_discovery.py
  inflating: lib/python3.11/unittest/test/__init__.py
  inflating: lib/python3.11/unittest/test/testmock/testwith.py
  inflating: lib/python3.11/unittest/test/testmock/__main__.py
  inflating: lib/python3.11/unittest/test/testmock/testpatch.py
  inflating: lib/python3.11/unittest/test/testmock/testmock.py
  inflating: lib/python3.11/unittest/test/testmock/__init__.py
  inflating: lib/python3.11/unittest/test/testmock/support.py
  inflating: lib/python3.11/unittest/test/testmock/testmagicmethods.py
  inflating: lib/python3.11/unittest/test/testmock/testcallable.py
  inflating: lib/python3.11/unittest/test/testmock/testasync.py
  inflating: lib/python3.11/unittest/test/testmock/testsentinel.py
  inflating: lib/python3.11/unittest/test/testmock/__pycache__/testasync.cpython-311.pyc
  inflating: lib/python3.11/unittest/test/testmock/__pycache__/testsealable.cpython-311.opt-2.pyc
  inflating: lib/python3.11/unittest/test/testmock/__pycache__/support.cpython-311.opt-2.pyc
  inflating: lib/python3.11/unittest/test/testmock/__pycache__/testsealable.cpython-311.pyc
  inflating: lib/python3.11/unittest/test/testmock/__pycache__/testmock.cpython-311.opt-1.pyc
  inflating: lib/python3.11/unittest/test/testmock/__pycache__/testsealable.cpython-311.opt-1.pyc
  inflating: lib/python3.11/unittest/test/testmock/__pycache__/__init__.cpython-311.opt-1.pyc
  inflating: lib/python3.11/unittest/test/testmock/__pycache__/testmock.cpython-311.opt-2.pyc
  inflating: lib/python3.11/unittest/test/testmock/__pycache__/testwith.cpython-311.opt-1.pyc
  inflating: lib/python3.11/unittest/test/testmock/__pycache__/__main__.cpython-311.opt-1.pyc
  inflating: lib/python3.11/unittest/test/testmock/__pycache__/testhelpers.cpython-311.pyc
  inflating: lib/python3.11/unittest/test/testmock/__pycache__/__init__.cpython-311.pyc
  inflating: lib/python3.11/unittest/test/testmock/__pycache__/testasync.cpython-311.opt-2.pyc
  inflating: lib/python3.11/unittest/test/testmock/__pycache__/testpatch.cpython-311.opt-2.pyc
  inflating: lib/python3.11/unittest/test/testmock/__pycache__/testcallable.cpython-311.opt-2.pyc
  inflating: lib/python3.11/unittest/test/testmock/__pycache__/support.cpython-311.pyc
  inflating: lib/python3.11/unittest/test/testmock/__pycache__/testpatch.cpython-311.opt-1.pyc
  inflating: lib/python3.11/unittest/test/testmock/__pycache__/testsentinel.cpython-311.opt-1.pyc
  inflating: lib/python3.11/unittest/test/testmock/__pycache__/testhelpers.cpython-311.opt-2.pyc
  inflating: lib/python3.11/unittest/test/testmock/__pycache__/support.cpython-311.opt-1.pyc
  inflating: lib/python3.11/unittest/test/testmock/__pycache__/__main__.cpython-311.opt-2.pyc
  inflating: lib/python3.11/unittest/test/testmock/__pycache__/testwith.cpython-311.opt-2.pyc
  inflating: lib/python3.11/unittest/test/testmock/__pycache__/testasync.cpython-311.opt-1.pyc
  inflating: lib/python3.11/unittest/test/testmock/__pycache__/__init__.cpython-311.opt-2.pyc
  inflating: lib/python3.11/unittest/test/testmock/__pycache__/testcallable.cpython-311.opt-1.pyc
  inflating: lib/python3.11/unittest/test/testmock/__pycache__/testsentinel.cpython-311.pyc
  inflating: lib/python3.11/unittest/test/testmock/__pycache__/__main__.cpython-311.pyc
  inflating: lib/python3.11/unittest/test/testmock/__pycache__/testmagicmethods.cpython-311.pyc
  inflating: lib/python3.11/unittest/test/testmock/__pycache__/testmock.cpython-311.pyc
  inflating: lib/python3.11/unittest/test/testmock/__pycache__/testmagicmethods.cpython-311.opt-2.pyc
  inflating: lib/python3.11/unittest/test/testmock/__pycache__/testmagicmethods.cpython-311.opt-1.pyc
  inflating: lib/python3.11/unittest/test/testmock/__pycache__/testsentinel.cpython-311.opt-2.pyc
  inflating: lib/python3.11/unittest/test/testmock/__pycache__/testcallable.cpython-311.pyc
  inflating: lib/python3.11/unittest/test/testmock/__pycache__/testhelpers.cpython-311.opt-1.pyc
  inflating: lib/python3.11/unittest/test/testmock/__pycache__/testpatch.cpython-311.pyc
  inflating: lib/python3.11/unittest/test/testmock/__pycache__/testwith.cpython-311.pyc
  inflating: lib/python3.11/unittest/test/testmock/testhelpers.py
  inflating: lib/python3.11/unittest/test/testmock/testsealable.py
  inflating: lib/python3.11/unittest/test/test_runner.py
  inflating: lib/python3.11/unittest/test/test_async_case.py
  inflating: lib/python3.11/unittest/test/support.py
  inflating: lib/python3.11/unittest/test/_test_warnings.py
  inflating: lib/python3.11/unittest/test/test_setups.py
  inflating: lib/python3.11/unittest/test/test_program.py
  inflating: lib/python3.11/unittest/test/dummy.py
  inflating: lib/python3.11/unittest/test/test_skipping.py
  inflating: lib/python3.11/unittest/test/test_break.py
  inflating: lib/python3.11/unittest/test/__pycache__/test_functiontestcase.cpython-311.opt-2.pyc
  inflating: lib/python3.11/unittest/test/__pycache__/test_result.cpython-311.opt-2.pyc
  inflating: lib/python3.11/unittest/test/__pycache__/test_break.cpython-311.opt-2.pyc
  inflating: lib/python3.11/unittest/test/__pycache__/support.cpython-311.opt-2.pyc
  inflating: lib/python3.11/unittest/test/__pycache__/test_setups.cpython-311.pyc
  inflating: lib/python3.11/unittest/test/__pycache__/test_runner.cpython-311.opt-2.pyc
  inflating: lib/python3.11/unittest/test/__pycache__/test_program.cpython-311.pyc
  inflating: lib/python3.11/unittest/test/__pycache__/test_functiontestcase.cpython-311.opt-1.pyc
  inflating: lib/python3.11/unittest/test/__pycache__/test_assertions.cpython-311.opt-1.pyc
  inflating: lib/python3.11/unittest/test/__pycache__/test_discovery.cpython-311.pyc
  inflating: lib/python3.11/unittest/test/__pycache__/test_result.cpython-311.opt-1.pyc
  inflating: lib/python3.11/unittest/test/__pycache__/test_result.cpython-311.pyc
  inflating: lib/python3.11/unittest/test/__pycache__/dummy.cpython-311.opt-2.pyc
  inflating: lib/python3.11/unittest/test/__pycache__/test_async_case.cpython-311.opt-2.pyc
  inflating: lib/python3.11/unittest/test/__pycache__/test_suite.cpython-311.opt-1.pyc
  inflating: lib/python3.11/unittest/test/__pycache__/test_program.cpython-311.opt-2.pyc
  inflating: lib/python3.11/unittest/test/__pycache__/test_async_case.cpython-311.opt-1.pyc
  inflating: lib/python3.11/unittest/test/__pycache__/_test_warnings.cpython-311.opt-2.pyc
  inflating: lib/python3.11/unittest/test/__pycache__/__init__.cpython-311.opt-1.pyc
  inflating: lib/python3.11/unittest/test/__pycache__/test_functiontestcase.cpython-311.pyc
  inflating: lib/python3.11/unittest/test/__pycache__/test_assertions.cpython-311.pyc
  inflating: lib/python3.11/unittest/test/__pycache__/test_loader.cpython-311.pyc
  inflating: lib/python3.11/unittest/test/__pycache__/test_case.cpython-311.opt-2.pyc
  inflating: lib/python3.11/unittest/test/__pycache__/test_skipping.cpython-311.opt-2.pyc
  inflating: lib/python3.11/unittest/test/__pycache__/__main__.cpython-311.opt-1.pyc
  inflating: lib/python3.11/unittest/test/__pycache__/test_loader.cpython-311.opt-2.pyc
  inflating: lib/python3.11/unittest/test/__pycache__/test_break.cpython-311.opt-1.pyc
  inflating: lib/python3.11/unittest/test/__pycache__/__init__.cpython-311.pyc
  inflating: lib/python3.11/unittest/test/__pycache__/dummy.cpython-311.opt-1.pyc
  inflating: lib/python3.11/unittest/test/__pycache__/test_runner.cpython-311.opt-1.pyc
  inflating: lib/python3.11/unittest/test/__pycache__/support.cpython-311.pyc
  inflating: lib/python3.11/unittest/test/__pycache__/test_suite.cpython-311.opt-2.pyc
  inflating: lib/python3.11/unittest/test/__pycache__/test_discovery.cpython-311.opt-2.pyc
  inflating: lib/python3.11/unittest/test/__pycache__/test_skipping.cpython-311.pyc
  inflating: lib/python3.11/unittest/test/__pycache__/test_async_case.cpython-311.pyc
  inflating: lib/python3.11/unittest/test/__pycache__/test_program.cpython-311.opt-1.pyc
  inflating: lib/python3.11/unittest/test/__pycache__/support.cpython-311.opt-1.pyc
  inflating: lib/python3.11/unittest/test/__pycache__/__main__.cpython-311.opt-2.pyc
  inflating: lib/python3.11/unittest/test/__pycache__/_test_warnings.cpython-311.pyc
  inflating: lib/python3.11/unittest/test/__pycache__/test_setups.cpython-311.opt-1.pyc
  inflating: lib/python3.11/unittest/test/__pycache__/__init__.cpython-311.opt-2.pyc
  inflating: lib/python3.11/unittest/test/__pycache__/_test_warnings.cpython-311.opt-1.pyc
  inflating: lib/python3.11/unittest/test/__pycache__/test_case.cpython-311.pyc
  inflating: lib/python3.11/unittest/test/__pycache__/test_case.cpython-311.opt-1.pyc
  inflating: lib/python3.11/unittest/test/__pycache__/test_loader.cpython-311.opt-1.pyc
  inflating: lib/python3.11/unittest/test/__pycache__/test_suite.cpython-311.pyc
  inflating: lib/python3.11/unittest/test/__pycache__/test_break.cpython-311.pyc
  inflating: lib/python3.11/unittest/test/__pycache__/test_setups.cpython-311.opt-2.pyc
  inflating: lib/python3.11/unittest/test/__pycache__/__main__.cpython-311.pyc
  inflating: lib/python3.11/unittest/test/__pycache__/test_discovery.cpython-311.opt-1.pyc
  inflating: lib/python3.11/unittest/test/__pycache__/dummy.cpython-311.pyc
  inflating: lib/python3.11/unittest/test/__pycache__/test_skipping.cpython-311.opt-1.pyc
  inflating: lib/python3.11/unittest/test/__pycache__/test_assertions.cpython-311.opt-2.pyc
  inflating: lib/python3.11/unittest/test/__pycache__/test_runner.cpython-311.pyc
  inflating: lib/python3.11/unittest/test/test_functiontestcase.py
  inflating: lib/python3.11/unittest/loader.py
  inflating: lib/python3.11/unittest/runner.py
  inflating: lib/python3.11/unittest/async_case.py
  inflating: lib/python3.11/unittest/__main__.py
  inflating: lib/python3.11/unittest/suite.py
  inflating: lib/python3.11/unittest/main.py
  inflating: lib/python3.11/unittest/__init__.py
  inflating: lib/python3.11/unittest/util.py
  inflating: lib/python3.11/unittest/case.py
  inflating: lib/python3.11/unittest/_log.py
  inflating: lib/python3.11/unittest/signals.py
  inflating: lib/python3.11/unittest/mock.py
  inflating: lib/python3.11/unittest/__pycache__/result.cpython-311.opt-2.pyc
  inflating: lib/python3.11/unittest/__pycache__/runner.cpython-311.pyc
  inflating: lib/python3.11/unittest/__pycache__/util.cpython-311.opt-1.pyc
  inflating: lib/python3.11/unittest/__pycache__/mock.cpython-311.pyc
  inflating: lib/python3.11/unittest/__pycache__/runner.cpython-311.opt-1.pyc
  inflating: lib/python3.11/unittest/__pycache__/main.cpython-311.pyc
  inflating: lib/python3.11/unittest/__pycache__/async_case.cpython-311.opt-1.pyc
  inflating: lib/python3.11/unittest/__pycache__/__init__.cpython-311.opt-1.pyc
  inflating: lib/python3.11/unittest/__pycache__/suite.cpython-311.opt-1.pyc
  inflating: lib/python3.11/unittest/__pycache__/async_case.cpython-311.pyc
  inflating: lib/python3.11/unittest/__pycache__/__main__.cpython-311.opt-1.pyc
  inflating: lib/python3.11/unittest/__pycache__/__init__.cpython-311.pyc
  inflating: lib/python3.11/unittest/__pycache__/result.cpython-311.pyc
  inflating: lib/python3.11/unittest/__pycache__/signals.cpython-311.pyc
  inflating: lib/python3.11/unittest/__pycache__/_log.cpython-311.opt-2.pyc
  inflating: lib/python3.11/unittest/__pycache__/signals.cpython-311.opt-2.pyc
  inflating: lib/python3.11/unittest/__pycache__/suite.cpython-311.opt-2.pyc
  inflating: lib/python3.11/unittest/__pycache__/loader.cpython-311.opt-2.pyc
  inflating: lib/python3.11/unittest/__pycache__/mock.cpython-311.opt-2.pyc
  inflating: lib/python3.11/unittest/__pycache__/__main__.cpython-311.opt-2.pyc
  inflating: lib/python3.11/unittest/__pycache__/async_case.cpython-311.opt-2.pyc
  inflating: lib/python3.11/unittest/__pycache__/case.cpython-311.opt-1.pyc
  inflating: lib/python3.11/unittest/__pycache__/__init__.cpython-311.opt-2.pyc
  inflating: lib/python3.11/unittest/__pycache__/suite.cpython-311.pyc
  inflating: lib/python3.11/unittest/__pycache__/runner.cpython-311.opt-2.pyc
  inflating: lib/python3.11/unittest/__pycache__/main.cpython-311.opt-2.pyc
  inflating: lib/python3.11/unittest/__pycache__/_log.cpython-311.pyc
  inflating: lib/python3.11/unittest/__pycache__/case.cpython-311.pyc
  inflating: lib/python3.11/unittest/__pycache__/loader.cpython-311.pyc
  inflating: lib/python3.11/unittest/__pycache__/main.cpython-311.opt-1.pyc
  inflating: lib/python3.11/unittest/__pycache__/__main__.cpython-311.pyc
  inflating: lib/python3.11/unittest/__pycache__/util.cpython-311.opt-2.pyc
  inflating: lib/python3.11/unittest/__pycache__/loader.cpython-311.opt-1.pyc
  inflating: lib/python3.11/unittest/__pycache__/mock.cpython-311.opt-1.pyc
  inflating: lib/python3.11/unittest/__pycache__/result.cpython-311.opt-1.pyc
  inflating: lib/python3.11/unittest/__pycache__/case.cpython-311.opt-2.pyc
  inflating: lib/python3.11/unittest/__pycache__/_log.cpython-311.opt-1.pyc
  inflating: lib/python3.11/unittest/__pycache__/util.cpython-311.pyc
  inflating: lib/python3.11/unittest/__pycache__/signals.cpython-311.opt-1.pyc
  inflating: lib/python3.11/unittest/result.py
  inflating: lib/python3.11/lib2to3/refactor.py
  inflating: lib/python3.11/lib2to3/patcomp.py
  inflating: lib/python3.11/lib2to3/btm_matcher.py
  inflating: lib/python3.11/lib2to3/__main__.py
  inflating: lib/python3.11/lib2to3/PatternGrammar3.11.0.final.0.pickle
  inflating: lib/python3.11/lib2to3/pgen2/parse.py
  inflating: lib/python3.11/lib2to3/pgen2/pgen.py
  inflating: lib/python3.11/lib2to3/pgen2/__init__.py
  inflating: lib/python3.11/lib2to3/pgen2/driver.py
  inflating: lib/python3.11/lib2to3/pgen2/grammar.py
  inflating: lib/python3.11/lib2to3/pgen2/tokenize.py
  inflating: lib/python3.11/lib2to3/pgen2/conv.py
  inflating: lib/python3.11/lib2to3/pgen2/__pycache__/driver.cpython-311.opt-2.pyc
  inflating: lib/python3.11/lib2to3/pgen2/__pycache__/pgen.cpython-311.opt-2.pyc
  inflating: lib/python3.11/lib2to3/pgen2/__pycache__/grammar.cpython-311.opt-1.pyc
  inflating: lib/python3.11/lib2to3/pgen2/__pycache__/token.cpython-311.opt-1.pyc
  inflating: lib/python3.11/lib2to3/pgen2/__pycache__/driver.cpython-311.pyc
  inflating: lib/python3.11/lib2to3/pgen2/__pycache__/grammar.cpython-311.pyc
  inflating: lib/python3.11/lib2to3/pgen2/__pycache__/driver.cpython-311.opt-1.pyc
  inflating: lib/python3.11/lib2to3/pgen2/__pycache__/__init__.cpython-311.opt-1.pyc
  inflating: lib/python3.11/lib2to3/pgen2/__pycache__/conv.cpython-311.opt-2.pyc
  inflating: lib/python3.11/lib2to3/pgen2/__pycache__/__init__.cpython-311.pyc
  inflating: lib/python3.11/lib2to3/pgen2/__pycache__/grammar.cpython-311.opt-2.pyc
  inflating: lib/python3.11/lib2to3/pgen2/__pycache__/pgen.cpython-311.pyc
  inflating: lib/python3.11/lib2to3/pgen2/__pycache__/tokenize.cpython-311.opt-1.pyc
  inflating: lib/python3.11/lib2to3/pgen2/__pycache__/conv.cpython-311.opt-1.pyc
  inflating: lib/python3.11/lib2to3/pgen2/__pycache__/conv.cpython-311.pyc
  inflating: lib/python3.11/lib2to3/pgen2/__pycache__/literals.cpython-311.opt-1.pyc
  inflating: lib/python3.11/lib2to3/pgen2/__pycache__/literals.cpython-311.pyc
  inflating: lib/python3.11/lib2to3/pgen2/__pycache__/parse.cpython-311.pyc
  inflating: lib/python3.11/lib2to3/pgen2/__pycache__/__init__.cpython-311.opt-2.pyc
  inflating: lib/python3.11/lib2to3/pgen2/__pycache__/token.cpython-311.opt-2.pyc
  inflating: lib/python3.11/lib2to3/pgen2/__pycache__/parse.cpython-311.opt-1.pyc
  inflating: lib/python3.11/lib2to3/pgen2/__pycache__/token.cpython-311.pyc
  inflating: lib/python3.11/lib2to3/pgen2/__pycache__/pgen.cpython-311.opt-1.pyc
  inflating: lib/python3.11/lib2to3/pgen2/__pycache__/tokenize.cpython-311.opt-2.pyc
  inflating: lib/python3.11/lib2to3/pgen2/__pycache__/parse.cpython-311.opt-2.pyc
  inflating: lib/python3.11/lib2to3/pgen2/__pycache__/literals.cpython-311.opt-2.pyc
  inflating: lib/python3.11/lib2to3/pgen2/__pycache__/tokenize.cpython-311.pyc
  inflating: lib/python3.11/lib2to3/pgen2/token.py
  inflating: lib/python3.11/lib2to3/pgen2/literals.py
  inflating: lib/python3.11/lib2to3/pygram.py
  inflating: lib/python3.11/lib2to3/main.py
  inflating: lib/python3.11/lib2to3/__init__.py
  inflating: lib/python3.11/lib2to3/fixer_util.py
  inflating: lib/python3.11/lib2to3/Grammar.txt
  inflating: lib/python3.11/lib2to3/btm_utils.py
  inflating: lib/python3.11/lib2to3/fixes/fix_ws_comma.py
  inflating: lib/python3.11/lib2to3/fixes/fix_types.py
  inflating: lib/python3.11/lib2to3/fixes/fix_exec.py
  inflating: lib/python3.11/lib2to3/fixes/fix_tuple_params.py
  inflating: lib/python3.11/lib2to3/fixes/fix_import.py
  inflating: lib/python3.11/lib2to3/fixes/fix_operator.py
  inflating: lib/python3.11/lib2to3/fixes/fix_future.py
  inflating: lib/python3.11/lib2to3/fixes/fix_isinstance.py
  inflating: lib/python3.11/lib2to3/fixes/fix_throw.py
  inflating: lib/python3.11/lib2to3/fixes/fix_numliterals.py
  inflating: lib/python3.11/lib2to3/fixes/fix_apply.py
  inflating: lib/python3.11/lib2to3/fixes/fix_standarderror.py
  inflating: lib/python3.11/lib2to3/fixes/fix_reload.py
  inflating: lib/python3.11/lib2to3/fixes/fix_imports.py
  inflating: lib/python3.11/lib2to3/fixes/fix_unicode.py
  inflating: lib/python3.11/lib2to3/fixes/fix_execfile.py
  inflating: lib/python3.11/lib2to3/fixes/fix_has_key.py
  inflating: lib/python3.11/lib2to3/fixes/fix_paren.py
  inflating: lib/python3.11/lib2to3/fixes/fix_metaclass.py
  inflating: lib/python3.11/lib2to3/fixes/__init__.py
  inflating: lib/python3.11/lib2to3/fixes/fix_itertools_imports.py
  inflating: lib/python3.11/lib2to3/fixes/fix_sys_exc.py
  inflating: lib/python3.11/lib2to3/fixes/fix_filter.py
  inflating: lib/python3.11/lib2to3/fixes/fix_getcwdu.py
  inflating: lib/python3.11/lib2to3/fixes/fix_raw_input.py
  inflating: lib/python3.11/lib2to3/fixes/fix_zip.py
  inflating: lib/python3.11/lib2to3/fixes/fix_renames.py
  inflating: lib/python3.11/lib2to3/fixes/fix_exitfunc.py
  inflating: lib/python3.11/lib2to3/fixes/fix_repr.py
  inflating: lib/python3.11/lib2to3/fixes/fix_basestring.py
  inflating: lib/python3.11/lib2to3/fixes/fix_imports2.py
  inflating: lib/python3.11/lib2to3/fixes/fix_xrange.py
  inflating: lib/python3.11/lib2to3/fixes/fix_buffer.py
  inflating: lib/python3.11/lib2to3/fixes/fix_raise.py
  inflating: lib/python3.11/lib2to3/fixes/fix_methodattrs.py
  inflating: lib/python3.11/lib2to3/fixes/fix_set_literal.py
  inflating: lib/python3.11/lib2to3/fixes/fix_idioms.py
  inflating: lib/python3.11/lib2to3/fixes/fix_xreadlines.py
  inflating: lib/python3.11/lib2to3/fixes/fix_intern.py
  inflating: lib/python3.11/lib2to3/fixes/fix_map.py
  inflating: lib/python3.11/lib2to3/fixes/fix_urllib.py
  inflating: lib/python3.11/lib2to3/fixes/fix_reduce.py
  inflating: lib/python3.11/lib2to3/fixes/fix_print.py
  inflating: lib/python3.11/lib2to3/fixes/fix_input.py
  inflating: lib/python3.11/lib2to3/fixes/fix_asserts.py
  inflating: lib/python3.11/lib2to3/fixes/fix_long.py
  inflating: lib/python3.11/lib2to3/fixes/fix_nonzero.py
  inflating: lib/python3.11/lib2to3/fixes/fix_funcattrs.py
  inflating: lib/python3.11/lib2to3/fixes/__pycache__/fix_urllib.cpython-311.opt-2.pyc
  inflating: lib/python3.11/lib2to3/fixes/__pycache__/fix_exec.cpython-311.pyc
  inflating: lib/python3.11/lib2to3/fixes/__pycache__/fix_xreadlines.cpython-311.opt-1.pyc
  inflating: lib/python3.11/lib2to3/fixes/__pycache__/fix_basestring.cpython-311.pyc
  inflating: lib/python3.11/lib2to3/fixes/__pycache__/fix_exitfunc.cpython-311.opt-2.pyc
  inflating: lib/python3.11/lib2to3/fixes/__pycache__/fix_imports.cpython-311.opt-2.pyc
  inflating: lib/python3.11/lib2to3/fixes/__pycache__/fix_tuple_params.cpython-311.opt-1.pyc
  inflating: lib/python3.11/lib2to3/fixes/__pycache__/fix_import.cpython-311.opt-1.pyc
  inflating: lib/python3.11/lib2to3/fixes/__pycache__/fix_methodattrs.cpython-311.opt-2.pyc
  inflating: lib/python3.11/lib2to3/fixes/__pycache__/fix_ne.cpython-311.opt-2.pyc
  inflating: lib/python3.11/lib2to3/fixes/__pycache__/fix_zip.cpython-311.opt-2.pyc
  inflating: lib/python3.11/lib2to3/fixes/__pycache__/fix_imports.cpython-311.pyc
  inflating: lib/python3.11/lib2to3/fixes/__pycache__/fix_ne.cpython-311.pyc
  inflating: lib/python3.11/lib2to3/fixes/__pycache__/fix_long.cpython-311.pyc
  inflating: lib/python3.11/lib2to3/fixes/__pycache__/fix_standarderror.cpython-311.opt-1.pyc
  inflating: lib/python3.11/lib2to3/fixes/__pycache__/fix_idioms.cpython-311.opt-2.pyc
  inflating: lib/python3.11/lib2to3/fixes/__pycache__/fix_itertools.cpython-311.opt-2.pyc
  inflating: lib/python3.11/lib2to3/fixes/__pycache__/fix_raw_input.cpython-311.opt-2.pyc
  inflating: lib/python3.11/lib2to3/fixes/__pycache__/fix_idioms.cpython-311.opt-1.pyc
  inflating: lib/python3.11/lib2to3/fixes/__pycache__/fix_throw.cpython-311.pyc
  inflating: lib/python3.11/lib2to3/fixes/__pycache__/fix_renames.cpython-311.pyc
  inflating: lib/python3.11/lib2to3/fixes/__pycache__/fix_isinstance.cpython-311.opt-1.pyc
  inflating: lib/python3.11/lib2to3/fixes/__pycache__/fix_funcattrs.cpython-311.pyc
  inflating: lib/python3.11/lib2to3/fixes/__pycache__/fix_asserts.cpython-311.pyc
  inflating: lib/python3.11/lib2to3/fixes/__pycache__/fix_zip.cpython-311.pyc
  inflating: lib/python3.11/lib2to3/fixes/__pycache__/fix_exitfunc.cpython-311.opt-1.pyc
  inflating: lib/python3.11/lib2to3/fixes/__pycache__/fix_methodattrs.cpython-311.opt-1.pyc
  inflating: lib/python3.11/lib2to3/fixes/__pycache__/fix_renames.cpython-311.opt-1.pyc
  inflating: lib/python3.11/lib2to3/fixes/__pycache__/fix_reduce.cpython-311.pyc
  inflating: lib/python3.11/lib2to3/fixes/__pycache__/fix_sys_exc.cpython-311.opt-1.pyc
  inflating: lib/python3.11/lib2to3/fixes/__pycache__/fix_print.cpython-311.opt-2.pyc
  inflating: lib/python3.11/lib2to3/fixes/__pycache__/fix_numliterals.cpython-311.opt-1.pyc
  inflating: lib/python3.11/lib2to3/fixes/__pycache__/fix_numliterals.cpython-311.pyc
  inflating: lib/python3.11/lib2to3/fixes/__pycache__/fix_unicode.cpython-311.pyc
  inflating: lib/python3.11/lib2to3/fixes/__pycache__/fix_filter.cpython-311.pyc
  inflating: lib/python3.11/lib2to3/fixes/__pycache__/fix_repr.cpython-311.opt-2.pyc
  inflating: lib/python3.11/lib2to3/fixes/__pycache__/fix_renames.cpython-311.opt-2.pyc
  inflating: lib/python3.11/lib2to3/fixes/__pycache__/fix_reload.cpython-311.opt-2.pyc
  inflating: lib/python3.11/lib2to3/fixes/__pycache__/fix_xreadlines.cpython-311.pyc
  inflating: lib/python3.11/lib2to3/fixes/__pycache__/fix_raw_input.cpython-311.opt-1.pyc
  inflating: lib/python3.11/lib2to3/fixes/__pycache__/fix_intern.cpython-311.pyc
  inflating: lib/python3.11/lib2to3/fixes/__pycache__/fix_types.cpython-311.opt-2.pyc
  inflating: lib/python3.11/lib2to3/fixes/__pycache__/__init__.cpython-311.opt-1.pyc
  inflating: lib/python3.11/lib2to3/fixes/__pycache__/fix_throw.cpython-311.opt-1.pyc
  inflating: lib/python3.11/lib2to3/fixes/__pycache__/fix_numliterals.cpython-311.opt-2.pyc
  inflating: lib/python3.11/lib2to3/fixes/__pycache__/fix_funcattrs.cpython-311.opt-2.pyc
  inflating: lib/python3.11/lib2to3/fixes/__pycache__/fix_operator.cpython-311.opt-2.pyc
  inflating: lib/python3.11/lib2to3/fixes/__pycache__/fix_apply.cpython-311.opt-2.pyc
  inflating: lib/python3.11/lib2to3/fixes/__pycache__/fix_xreadlines.cpython-311.opt-2.pyc
  inflating: lib/python3.11/lib2to3/fixes/__pycache__/fix_dict.cpython-311.opt-1.pyc
  inflating: lib/python3.11/lib2to3/fixes/__pycache__/fix_intern.cpython-311.opt-2.pyc
  inflating: lib/python3.11/lib2to3/fixes/__pycache__/fix_filter.cpython-311.opt-1.pyc
  inflating: lib/python3.11/lib2to3/fixes/__pycache__/fix_throw.cpython-311.opt-2.pyc
  inflating: lib/python3.11/lib2to3/fixes/__pycache__/fix_except.cpython-311.opt-2.pyc
  inflating: lib/python3.11/lib2to3/fixes/__pycache__/fix_imports2.cpython-311.opt-2.pyc
  inflating: lib/python3.11/lib2to3/fixes/__pycache__/fix_set_literal.cpython-311.pyc
  inflating: lib/python3.11/lib2to3/fixes/__pycache__/fix_set_literal.cpython-311.opt-2.pyc
  inflating: lib/python3.11/lib2to3/fixes/__pycache__/fix_next.cpython-311.opt-1.pyc
  inflating: lib/python3.11/lib2to3/fixes/__pycache__/fix_raise.cpython-311.pyc
  inflating: lib/python3.11/lib2to3/fixes/__pycache__/fix_exitfunc.cpython-311.pyc
  inflating: lib/python3.11/lib2to3/fixes/__pycache__/fix_operator.cpython-311.opt-1.pyc
  inflating: lib/python3.11/lib2to3/fixes/__pycache__/fix_metaclass.cpython-311.pyc
  inflating: lib/python3.11/lib2to3/fixes/__pycache__/fix_long.cpython-311.opt-1.pyc
  inflating: lib/python3.11/lib2to3/fixes/__pycache__/fix_ws_comma.cpython-311.opt-1.pyc
  inflating: lib/python3.11/lib2to3/fixes/__pycache__/fix_urllib.cpython-311.opt-1.pyc
  inflating: lib/python3.11/lib2to3/fixes/__pycache__/__init__.cpython-311.pyc
  inflating: lib/python3.11/lib2to3/fixes/__pycache__/fix_operator.cpython-311.pyc
  inflating: lib/python3.11/lib2to3/fixes/__pycache__/fix_reduce.cpython-311.opt-1.pyc
  inflating: lib/python3.11/lib2to3/fixes/__pycache__/fix_execfile.cpython-311.opt-1.pyc
  inflating: lib/python3.11/lib2to3/fixes/__pycache__/fix_input.cpython-311.opt-1.pyc
  inflating: lib/python3.11/lib2to3/fixes/__pycache__/fix_xrange.cpython-311.opt-1.pyc
  inflating: lib/python3.11/lib2to3/fixes/__pycache__/fix_intern.cpython-311.opt-1.pyc
  inflating: lib/python3.11/lib2to3/fixes/__pycache__/fix_execfile.cpython-311.opt-2.pyc
  inflating: lib/python3.11/lib2to3/fixes/__pycache__/fix_unicode.cpython-311.opt-2.pyc
  inflating: lib/python3.11/lib2to3/fixes/__pycache__/fix_reload.cpython-311.pyc
  inflating: lib/python3.11/lib2to3/fixes/__pycache__/fix_repr.cpython-311.pyc
  inflating: lib/python3.11/lib2to3/fixes/__pycache__/fix_types.cpython-311.opt-1.pyc
  inflating: lib/python3.11/lib2to3/fixes/__pycache__/fix_itertools_imports.cpython-311.opt-2.pyc
  inflating: lib/python3.11/lib2to3/fixes/__pycache__/fix_buffer.cpython-311.pyc
  inflating: lib/python3.11/lib2to3/fixes/__pycache__/fix_ws_comma.cpython-311.opt-2.pyc
  inflating: lib/python3.11/lib2to3/fixes/__pycache__/fix_print.cpython-311.pyc
  inflating: lib/python3.11/lib2to3/fixes/__pycache__/fix_getcwdu.cpython-311.opt-1.pyc
  inflating: lib/python3.11/lib2to3/fixes/__pycache__/fix_long.cpython-311.opt-2.pyc
  inflating: lib/python3.11/lib2to3/fixes/__pycache__/fix_apply.cpython-311.opt-1.pyc
  inflating: lib/python3.11/lib2to3/fixes/__pycache__/fix_getcwdu.cpython-311.opt-2.pyc
  inflating: lib/python3.11/lib2to3/fixes/__pycache__/fix_map.cpython-311.opt-2.pyc
  inflating: lib/python3.11/lib2to3/fixes/__pycache__/fix_itertools_imports.cpython-311.opt-1.pyc
  inflating: lib/python3.11/lib2to3/fixes/__pycache__/fix_tuple_params.cpython-311.pyc
  inflating: lib/python3.11/lib2to3/fixes/__pycache__/fix_funcattrs.cpython-311.opt-1.pyc
  inflating: lib/python3.11/lib2to3/fixes/__pycache__/fix_tuple_params.cpython-311.opt-2.pyc
  inflating: lib/python3.11/lib2to3/fixes/__pycache__/fix_has_key.cpython-311.opt-1.pyc
  inflating: lib/python3.11/lib2to3/fixes/__pycache__/fix_dict.cpython-311.pyc
  inflating: lib/python3.11/lib2to3/fixes/__pycache__/fix_idioms.cpython-311.pyc
  inflating: lib/python3.11/lib2to3/fixes/__pycache__/fix_has_key.cpython-311.opt-2.pyc
  inflating: lib/python3.11/lib2to3/fixes/__pycache__/fix_standarderror.cpython-311.opt-2.pyc
  inflating: lib/python3.11/lib2to3/fixes/__pycache__/fix_map.cpython-311.pyc
  inflating: lib/python3.11/lib2to3/fixes/__pycache__/fix_nonzero.cpython-311.pyc
  inflating: lib/python3.11/lib2to3/fixes/__pycache__/fix_except.cpython-311.opt-1.pyc
  inflating: lib/python3.11/lib2to3/fixes/__pycache__/fix_dict.cpython-311.opt-2.pyc
  inflating: lib/python3.11/lib2to3/fixes/__pycache__/fix_isinstance.cpython-311.opt-2.pyc
  inflating: lib/python3.11/lib2to3/fixes/__pycache__/fix_basestring.cpython-311.opt-2.pyc
  inflating: lib/python3.11/lib2to3/fixes/__pycache__/fix_imports.cpython-311.opt-1.pyc
  inflating: lib/python3.11/lib2to3/fixes/__pycache__/fix_apply.cpython-311.pyc
  inflating: lib/python3.11/lib2to3/fixes/__pycache__/fix_standarderror.cpython-311.pyc
  inflating: lib/python3.11/lib2to3/fixes/__pycache__/fix_print.cpython-311.opt-1.pyc
  inflating: lib/python3.11/lib2to3/fixes/__pycache__/fix_asserts.cpython-311.opt-2.pyc
  inflating: lib/python3.11/lib2to3/fixes/__pycache__/fix_input.cpython-311.pyc
  inflating: lib/python3.11/lib2to3/fixes/__pycache__/fix_types.cpython-311.pyc
  inflating: lib/python3.11/lib2to3/fixes/__pycache__/fix_next.cpython-311.opt-2.pyc
  inflating: lib/python3.11/lib2to3/fixes/__pycache__/fix_paren.cpython-311.opt-2.pyc
  inflating: lib/python3.11/lib2to3/fixes/__pycache__/fix_reduce.cpython-311.opt-2.pyc
  inflating: lib/python3.11/lib2to3/fixes/__pycache__/fix_itertools.cpython-311.pyc
  inflating: lib/python3.11/lib2to3/fixes/__pycache__/fix_raise.cpython-311.opt-1.pyc
  inflating: lib/python3.11/lib2to3/fixes/__pycache__/__init__.cpython-311.opt-2.pyc
  inflating: lib/python3.11/lib2to3/fixes/__pycache__/fix_ws_comma.cpython-311.pyc
  inflating: lib/python3.11/lib2to3/fixes/__pycache__/fix_sys_exc.cpython-311.pyc
  inflating: lib/python3.11/lib2to3/fixes/__pycache__/fix_imports2.cpython-311.pyc
  inflating: lib/python3.11/lib2to3/fixes/__pycache__/fix_import.cpython-311.pyc
  inflating: lib/python3.11/lib2to3/fixes/__pycache__/fix_input.cpython-311.opt-2.pyc
  inflating: lib/python3.11/lib2to3/fixes/__pycache__/fix_paren.cpython-311.pyc
  inflating: lib/python3.11/lib2to3/fixes/__pycache__/fix_import.cpython-311.opt-2.pyc
  inflating: lib/python3.11/lib2to3/fixes/__pycache__/fix_unicode.cpython-311.opt-1.pyc
  inflating: lib/python3.11/lib2to3/fixes/__pycache__/fix_itertools_imports.cpython-311.pyc
  inflating: lib/python3.11/lib2to3/fixes/__pycache__/fix_reload.cpython-311.opt-1.pyc
  inflating: lib/python3.11/lib2to3/fixes/__pycache__/fix_methodattrs.cpython-311.pyc
  inflating: lib/python3.11/lib2to3/fixes/__pycache__/fix_repr.cpython-311.opt-1.pyc
  inflating: lib/python3.11/lib2to3/fixes/__pycache__/fix_execfile.cpython-311.pyc
  inflating: lib/python3.11/lib2to3/fixes/__pycache__/fix_raise.cpython-311.opt-2.pyc
  inflating: lib/python3.11/lib2to3/fixes/__pycache__/fix_filter.cpython-311.opt-2.pyc
  inflating: lib/python3.11/lib2to3/fixes/__pycache__/fix_metaclass.cpython-311.opt-1.pyc
  inflating: lib/python3.11/lib2to3/fixes/__pycache__/fix_has_key.cpython-311.pyc
  inflating: lib/python3.11/lib2to3/fixes/__pycache__/fix_getcwdu.cpython-311.pyc
  inflating: lib/python3.11/lib2to3/fixes/__pycache__/fix_raw_input.cpython-311.pyc
  inflating: lib/python3.11/lib2to3/fixes/__pycache__/fix_set_literal.cpython-311.opt-1.pyc
  inflating: lib/python3.11/lib2to3/fixes/__pycache__/fix_asserts.cpython-311.opt-1.pyc
  inflating: lib/python3.11/lib2to3/fixes/__pycache__/fix_sys_exc.cpython-311.opt-2.pyc
  inflating: lib/python3.11/lib2to3/fixes/__pycache__/fix_future.cpython-311.opt-1.pyc
  inflating: lib/python3.11/lib2to3/fixes/__pycache__/fix_except.cpython-311.pyc
  inflating: lib/python3.11/lib2to3/fixes/__pycache__/fix_future.cpython-311.opt-2.pyc
  inflating: lib/python3.11/lib2to3/fixes/__pycache__/fix_buffer.cpython-311.opt-2.pyc
  inflating: lib/python3.11/lib2to3/fixes/__pycache__/fix_ne.cpython-311.opt-1.pyc
  inflating: lib/python3.11/lib2to3/fixes/__pycache__/fix_xrange.cpython-311.opt-2.pyc
  inflating: lib/python3.11/lib2to3/fixes/__pycache__/fix_imports2.cpython-311.opt-1.pyc
  inflating: lib/python3.11/lib2to3/fixes/__pycache__/fix_zip.cpython-311.opt-1.pyc
  inflating: lib/python3.11/lib2to3/fixes/__pycache__/fix_exec.cpython-311.opt-1.pyc
  inflating: lib/python3.11/lib2to3/fixes/__pycache__/fix_itertools.cpython-311.opt-1.pyc
  inflating: lib/python3.11/lib2to3/fixes/__pycache__/fix_buffer.cpython-311.opt-1.pyc
  inflating: lib/python3.11/lib2to3/fixes/__pycache__/fix_paren.cpython-311.opt-1.pyc
  inflating: lib/python3.11/lib2to3/fixes/__pycache__/fix_exec.cpython-311.opt-2.pyc
  inflating: lib/python3.11/lib2to3/fixes/__pycache__/fix_nonzero.cpython-311.opt-1.pyc
  inflating: lib/python3.11/lib2to3/fixes/__pycache__/fix_next.cpython-311.pyc
  inflating: lib/python3.11/lib2to3/fixes/__pycache__/fix_future.cpython-311.pyc
  inflating: lib/python3.11/lib2to3/fixes/__pycache__/fix_map.cpython-311.opt-1.pyc
  inflating: lib/python3.11/lib2to3/fixes/__pycache__/fix_xrange.cpython-311.pyc
  inflating: lib/python3.11/lib2to3/fixes/__pycache__/fix_urllib.cpython-311.pyc
  inflating: lib/python3.11/lib2to3/fixes/__pycache__/fix_basestring.cpython-311.opt-1.pyc
  inflating: lib/python3.11/lib2to3/fixes/__pycache__/fix_isinstance.cpython-311.pyc
  inflating: lib/python3.11/lib2to3/fixes/__pycache__/fix_nonzero.cpython-311.opt-2.pyc
  inflating: lib/python3.11/lib2to3/fixes/__pycache__/fix_metaclass.cpython-311.opt-2.pyc
  inflating: lib/python3.11/lib2to3/fixes/fix_itertools.py
  inflating: lib/python3.11/lib2to3/fixes/fix_except.py
  inflating: lib/python3.11/lib2to3/fixes/fix_next.py
  inflating: lib/python3.11/lib2to3/fixes/fix_dict.py
  inflating: lib/python3.11/lib2to3/fixes/fix_ne.py
  inflating: lib/python3.11/lib2to3/tests/pytree_idempotency.py
  inflating: lib/python3.11/lib2to3/tests/data/crlf.py
  inflating: lib/python3.11/lib2to3/tests/data/fixers/no_fixer_cls.py
  inflating: lib/python3.11/lib2to3/tests/data/fixers/parrot_example.py
  inflating: lib/python3.11/lib2to3/tests/data/fixers/bad_order.py
  inflating: lib/python3.11/lib2to3/tests/data/fixers/myfixes/fix_explicit.py
  inflating: lib/python3.11/lib2to3/tests/data/fixers/myfixes/__init__.py
  inflating: lib/python3.11/lib2to3/tests/data/fixers/myfixes/fix_preorder.py
  inflating: lib/python3.11/lib2to3/tests/data/fixers/myfixes/fix_last.py
  inflating: lib/python3.11/lib2to3/tests/data/fixers/myfixes/fix_parrot.py
  inflating: lib/python3.11/lib2to3/tests/data/fixers/myfixes/fix_first.py
  inflating: lib/python3.11/lib2to3/tests/data/README
  inflating: lib/python3.11/lib2to3/tests/data/different_encoding.py
  inflating: lib/python3.11/lib2to3/tests/data/infinite_recursion.py
  inflating: lib/python3.11/lib2to3/tests/data/py2_test_grammar.py
  inflating: lib/python3.11/lib2to3/tests/data/false_encoding.py
  inflating: lib/python3.11/lib2to3/tests/data/bom.py
  inflating: lib/python3.11/lib2to3/tests/data/py3_test_grammar.py
  inflating: lib/python3.11/lib2to3/tests/test_pytree.py
  inflating: lib/python3.11/lib2to3/tests/__main__.py
  inflating: lib/python3.11/lib2to3/tests/test_fixers.py
  inflating: lib/python3.11/lib2to3/tests/__init__.py
  inflating: lib/python3.11/lib2to3/tests/support.py
  inflating: lib/python3.11/lib2to3/tests/test_main.py
  inflating: lib/python3.11/lib2to3/tests/test_all_fixers.py
  inflating: lib/python3.11/lib2to3/tests/test_parser.py
  inflating: lib/python3.11/lib2to3/tests/test_refactor.py
  inflating: lib/python3.11/lib2to3/tests/__pycache__/test_util.cpython-311.opt-1.pyc
  inflating: lib/python3.11/lib2to3/tests/__pycache__/support.cpython-311.opt-2.pyc
  inflating: lib/python3.11/lib2to3/tests/__pycache__/test_refactor.cpython-311.opt-1.pyc
  inflating: lib/python3.11/lib2to3/tests/__pycache__/test_pytree.cpython-311.opt-1.pyc
  inflating: lib/python3.11/lib2to3/tests/__pycache__/test_parser.cpython-311.opt-2.pyc
  inflating: lib/python3.11/lib2to3/tests/__pycache__/test_refactor.cpython-311.pyc
  inflating: lib/python3.11/lib2to3/tests/__pycache__/test_util.cpython-311.opt-2.pyc
  inflating: lib/python3.11/lib2to3/tests/__pycache__/test_all_fixers.cpython-311.pyc
  inflating: lib/python3.11/lib2to3/tests/__pycache__/test_main.cpython-311.opt-2.pyc
  inflating: lib/python3.11/lib2to3/tests/__pycache__/__init__.cpython-311.opt-1.pyc
  inflating: lib/python3.11/lib2to3/tests/__pycache__/test_util.cpython-311.pyc
  inflating: lib/python3.11/lib2to3/tests/__pycache__/__main__.cpython-311.opt-1.pyc
  inflating: lib/python3.11/lib2to3/tests/__pycache__/test_parser.cpython-311.opt-1.pyc
  inflating: lib/python3.11/lib2to3/tests/__pycache__/test_pytree.cpython-311.pyc
  inflating: lib/python3.11/lib2to3/tests/__pycache__/__init__.cpython-311.pyc
  inflating: lib/python3.11/lib2to3/tests/__pycache__/test_fixers.cpython-311.opt-1.pyc
  inflating: lib/python3.11/lib2to3/tests/__pycache__/pytree_idempotency.cpython-311.pyc
  inflating: lib/python3.11/lib2to3/tests/__pycache__/support.cpython-311.pyc
  inflating: lib/python3.11/lib2to3/tests/__pycache__/test_pytree.cpython-311.opt-2.pyc
  inflating: lib/python3.11/lib2to3/tests/__pycache__/test_parser.cpython-311.pyc
  inflating: lib/python3.11/lib2to3/tests/__pycache__/test_main.cpython-311.pyc
  inflating: lib/python3.11/lib2to3/tests/__pycache__/test_fixers.cpython-311.pyc
  inflating: lib/python3.11/lib2to3/tests/__pycache__/support.cpython-311.opt-1.pyc
  inflating: lib/python3.11/lib2to3/tests/__pycache__/__main__.cpython-311.opt-2.pyc
  inflating: lib/python3.11/lib2to3/tests/__pycache__/test_refactor.cpython-311.opt-2.pyc
  inflating: lib/python3.11/lib2to3/tests/__pycache__/test_main.cpython-311.opt-1.pyc
  inflating: lib/python3.11/lib2to3/tests/__pycache__/__init__.cpython-311.opt-2.pyc
  inflating: lib/python3.11/lib2to3/tests/__pycache__/pytree_idempotency.cpython-311.opt-1.pyc
  inflating: lib/python3.11/lib2to3/tests/__pycache__/test_fixers.cpython-311.opt-2.pyc
  inflating: lib/python3.11/lib2to3/tests/__pycache__/__main__.cpython-311.pyc
  inflating: lib/python3.11/lib2to3/tests/__pycache__/test_all_fixers.cpython-311.opt-1.pyc
  inflating: lib/python3.11/lib2to3/tests/__pycache__/test_all_fixers.cpython-311.opt-2.pyc
  inflating: lib/python3.11/lib2to3/tests/__pycache__/pytree_idempotency.cpython-311.opt-2.pyc
  inflating: lib/python3.11/lib2to3/tests/test_util.py
  inflating: lib/python3.11/lib2to3/fixer_base.py
  inflating: lib/python3.11/lib2to3/PatternGrammar.txt
  inflating: lib/python3.11/lib2to3/__pycache__/patcomp.cpython-311.opt-1.pyc
  inflating: lib/python3.11/lib2to3/__pycache__/refactor.cpython-311.opt-1.pyc
  inflating: lib/python3.11/lib2to3/__pycache__/btm_matcher.cpython-311.opt-1.pyc
  inflating: lib/python3.11/lib2to3/__pycache__/pygram.cpython-311.pyc
  inflating: lib/python3.11/lib2to3/__pycache__/pytree.cpython-311.opt-1.pyc
  inflating: lib/python3.11/lib2to3/__pycache__/fixer_base.cpython-311.opt-2.pyc
  inflating: lib/python3.11/lib2to3/__pycache__/pygram.cpython-311.opt-2.pyc
  inflating: lib/python3.11/lib2to3/__pycache__/btm_matcher.cpython-311.opt-2.pyc
  inflating: lib/python3.11/lib2to3/__pycache__/main.cpython-311.pyc
  inflating: lib/python3.11/lib2to3/__pycache__/pytree.cpython-311.opt-2.pyc
  inflating: lib/python3.11/lib2to3/__pycache__/__init__.cpython-311.opt-1.pyc
  inflating: lib/python3.11/lib2to3/__pycache__/fixer_util.cpython-311.pyc
  inflating: lib/python3.11/lib2to3/__pycache__/pygram.cpython-311.opt-1.pyc
  inflating: lib/python3.11/lib2to3/__pycache__/btm_utils.cpython-311.opt-2.pyc
  inflating: lib/python3.11/lib2to3/__pycache__/__main__.cpython-311.opt-1.pyc
  inflating: lib/python3.11/lib2to3/__pycache__/__init__.cpython-311.pyc
  inflating: lib/python3.11/lib2to3/__pycache__/fixer_util.cpython-311.opt-1.pyc
  inflating: lib/python3.11/lib2to3/__pycache__/patcomp.cpython-311.pyc
  inflating: lib/python3.11/lib2to3/__pycache__/refactor.cpython-311.opt-2.pyc
  inflating: lib/python3.11/lib2to3/__pycache__/pytree.cpython-311.pyc
  inflating: lib/python3.11/lib2to3/__pycache__/fixer_util.cpython-311.opt-2.pyc
  inflating: lib/python3.11/lib2to3/__pycache__/__main__.cpython-311.opt-2.pyc
  inflating: lib/python3.11/lib2to3/__pycache__/patcomp.cpython-311.opt-2.pyc
  inflating: lib/python3.11/lib2to3/__pycache__/__init__.cpython-311.opt-2.pyc
  inflating: lib/python3.11/lib2to3/__pycache__/fixer_base.cpython-311.pyc
  inflating: lib/python3.11/lib2to3/__pycache__/main.cpython-311.opt-2.pyc
  inflating: lib/python3.11/lib2to3/__pycache__/fixer_base.cpython-311.opt-1.pyc
  inflating: lib/python3.11/lib2to3/__pycache__/main.cpython-311.opt-1.pyc
  inflating: lib/python3.11/lib2to3/__pycache__/__main__.cpython-311.pyc
  inflating: lib/python3.11/lib2to3/__pycache__/btm_utils.cpython-311.opt-1.pyc
  inflating: lib/python3.11/lib2to3/__pycache__/btm_utils.cpython-311.pyc
  inflating: lib/python3.11/lib2to3/__pycache__/refactor.cpython-311.pyc
  inflating: lib/python3.11/lib2to3/__pycache__/btm_matcher.cpython-311.pyc
  inflating: lib/python3.11/lib2to3/pytree.py
  inflating: lib/python3.11/lib2to3/Grammar3.11.0.final.0.pickle
  inflating: lib/python3.11/sre_constants.py
  inflating: lib/python3.11/profile.py
  inflating: lib/python3.11/dataclasses.py
  inflating: lib/python3.11/types.py
  inflating: lib/python3.11/typing.py
  inflating: lib/python3.11/pty.py
  inflating: lib/python3.11/sunau.py
  inflating: lib/python3.11/timeit.py
  inflating: lib/python3.11/copyreg.py
  inflating: lib/python3.11/filecmp.py
  inflating: lib/python3.11/bdb.py
  inflating: lib/python3.11/crypt.py
  inflating: lib/python3.11/_sitebuiltins.py
  inflating: lib/python3.11/modulefinder.py
  inflating: lib/python3.11/csv.py
  inflating: lib/python3.11/zipfile.py
  inflating: lib/python3.11/asynchat.py
  inflating: lib/python3.11/tokenize.py
  inflating: lib/python3.11/tabnanny.py
  inflating: lib/python3.11/__future__.py
  inflating: lib/python3.11/selectors.py
  inflating: lib/python3.11/idlelib/window.py
  inflating: lib/python3.11/idlelib/squeezer.py
  inflating: lib/python3.11/idlelib/NEWS2x.txt
  inflating: lib/python3.11/idlelib/config-extensions.def
  inflating: lib/python3.11/idlelib/help.html
  inflating: lib/python3.11/idlelib/browser.py
  inflating: lib/python3.11/idlelib/pathbrowser.py
  inflating: lib/python3.11/idlelib/iomenu.py
  inflating: lib/python3.11/idlelib/ChangeLog
  inflating: lib/python3.11/idlelib/idle.pyw
  inflating: lib/python3.11/idlelib/searchengine.py
  inflating: lib/python3.11/idlelib/textview.py
  inflating: lib/python3.11/idlelib/debugger_r.py
  inflating: lib/python3.11/idlelib/outwin.py
  inflating: lib/python3.11/idlelib/extend.txt
  inflating: lib/python3.11/idlelib/search.py
  inflating: lib/python3.11/idlelib/HISTORY.txt
  inflating: lib/python3.11/idlelib/__main__.py
  inflating: lib/python3.11/idlelib/config_key.py
  inflating: lib/python3.11/idlelib/config-main.def
  inflating: lib/python3.11/idlelib/zzdummy.py
  inflating: lib/python3.11/idlelib/dynoption.py
  inflating: lib/python3.11/idlelib/idle.bat
  inflating: lib/python3.11/idlelib/help_about.py
  inflating: lib/python3.11/idlelib/tooltip.py
  inflating: lib/python3.11/idlelib/NEWS.txt
  inflating: lib/python3.11/idlelib/config-highlight.def
  inflating: lib/python3.11/idlelib/config-keys.def
  inflating: lib/python3.11/idlelib/__init__.py
  inflating: lib/python3.11/idlelib/calltip.py
  inflating: lib/python3.11/idlelib/autoexpand.py
  inflating: lib/python3.11/idlelib/macosx.py
  inflating: lib/python3.11/idlelib/help.py
  inflating: lib/python3.11/idlelib/percolator.py
  inflating: lib/python3.11/idlelib/run.py
  inflating: lib/python3.11/idlelib/Icons/idle_32.gif
  inflating: lib/python3.11/idlelib/Icons/idle.ico
  inflating: lib/python3.11/idlelib/Icons/idle_16.gif
  inflating: lib/python3.11/idlelib/Icons/python.gif
  inflating: lib/python3.11/idlelib/Icons/idle_256.png
  inflating: lib/python3.11/idlelib/Icons/idle_32.png
  inflating: lib/python3.11/idlelib/Icons/plusnode.gif
  inflating: lib/python3.11/idlelib/Icons/folder.gif
  inflating: lib/python3.11/idlelib/Icons/README.txt
  inflating: lib/python3.11/idlelib/Icons/openfolder.gif
  inflating: lib/python3.11/idlelib/Icons/idle_48.png
  inflating: lib/python3.11/idlelib/Icons/idle_16.png
  inflating: lib/python3.11/idlelib/Icons/minusnode.gif
  inflating: lib/python3.11/idlelib/Icons/idle_48.gif
  inflating: lib/python3.11/idlelib/Icons/tk.gif
  inflating: lib/python3.11/idlelib/zoomheight.py
  inflating: lib/python3.11/idlelib/editor.py
  inflating: lib/python3.11/idlelib/idle_test/test_debugobj_r.py
  inflating: lib/python3.11/idlelib/idle_test/test_parenmatch.py
  inflating: lib/python3.11/idlelib/idle_test/test_config_key.py
  inflating: lib/python3.11/idlelib/idle_test/test_filelist.py
  inflating: lib/python3.11/idlelib/idle_test/test_history.py
  inflating: lib/python3.11/idlelib/idle_test/test_browser.py
  inflating: lib/python3.11/idlelib/idle_test/mock_idle.py
  inflating: lib/python3.11/idlelib/idle_test/test_query.py
  inflating: lib/python3.11/idlelib/idle_test/test_stackviewer.py
  inflating: lib/python3.11/idlelib/idle_test/tkinter_testing_utils.py
  inflating: lib/python3.11/idlelib/idle_test/test_searchbase.py
  inflating: lib/python3.11/idlelib/idle_test/test_undo.py
  inflating: lib/python3.11/idlelib/idle_test/test_sidebar.py
  inflating: lib/python3.11/idlelib/idle_test/test_outwin.py
  inflating: lib/python3.11/idlelib/idle_test/test_zzdummy.py
  inflating: lib/python3.11/idlelib/idle_test/test_pyshell.py
  inflating: lib/python3.11/idlelib/idle_test/test_autocomplete.py
  inflating: lib/python3.11/idlelib/idle_test/test_mainmenu.py
  inflating: lib/python3.11/idlelib/idle_test/__init__.py
  inflating: lib/python3.11/idlelib/idle_test/test_help.py
  inflating: lib/python3.11/idlelib/idle_test/test_pyparse.py
  inflating: lib/python3.11/idlelib/idle_test/test_statusbar.py
  inflating: lib/python3.11/idlelib/idle_test/test_textview.py
  inflating: lib/python3.11/idlelib/idle_test/test_editmenu.py
  inflating: lib/python3.11/idlelib/idle_test/README.txt
  inflating: lib/python3.11/idlelib/idle_test/test_editor.py
  inflating: lib/python3.11/idlelib/idle_test/test_squeezer.py
  inflating: lib/python3.11/idlelib/idle_test/test_text.py
  inflating: lib/python3.11/idlelib/idle_test/test_delegator.py
  inflating: lib/python3.11/idlelib/idle_test/test_autoexpand.py
  inflating: lib/python3.11/idlelib/idle_test/template.py
  inflating: lib/python3.11/idlelib/idle_test/test_debugger.py
  inflating: lib/python3.11/idlelib/idle_test/test_config.py
  inflating: lib/python3.11/idlelib/idle_test/test_codecontext.py
  inflating: lib/python3.11/idlelib/idle_test/test_multicall.py
  inflating: lib/python3.11/idlelib/idle_test/test_calltip.py
  inflating: lib/python3.11/idlelib/idle_test/test_help_about.py
  inflating: lib/python3.11/idlelib/idle_test/test_zoomheight.py
  inflating: lib/python3.11/idlelib/idle_test/htest.py
  inflating: lib/python3.11/idlelib/idle_test/test_grep.py
  inflating: lib/python3.11/idlelib/idle_test/test_debugobj.py
  inflating: lib/python3.11/idlelib/idle_test/test_scrolledlist.py
  inflating: lib/python3.11/idlelib/idle_test/test_window.py
  inflating: lib/python3.11/idlelib/idle_test/test_searchengine.py
  inflating: lib/python3.11/idlelib/idle_test/test_pathbrowser.py
  inflating: lib/python3.11/idlelib/idle_test/example_noext
  inflating: lib/python3.11/idlelib/idle_test/test_tree.py
  inflating: lib/python3.11/idlelib/idle_test/test_configdialog.py
  inflating: lib/python3.11/idlelib/idle_test/test_search.py
  inflating: lib/python3.11/idlelib/idle_test/test_iomenu.py
  inflating: lib/python3.11/idlelib/idle_test/example_stub.pyi
  inflating: lib/python3.11/idlelib/idle_test/test_calltip_w.py
  inflating: lib/python3.11/idlelib/idle_test/mock_tk.py
  inflating: lib/python3.11/idlelib/idle_test/test_rpc.py
  inflating: lib/python3.11/idlelib/idle_test/test_replace.py
  inflating: lib/python3.11/idlelib/idle_test/test_macosx.py
  inflating: lib/python3.11/idlelib/idle_test/test_run.py
  inflating: lib/python3.11/idlelib/idle_test/test_tooltip.py
  inflating: lib/python3.11/idlelib/idle_test/test_autocomplete_w.py
  inflating: lib/python3.11/idlelib/idle_test/test_runscript.py
  inflating: lib/python3.11/idlelib/idle_test/test_format.py
  inflating: lib/python3.11/idlelib/idle_test/test_colorizer.py
  inflating: lib/python3.11/idlelib/idle_test/__pycache__/test_debugger_r.cpython-311.pyc
  inflating: lib/python3.11/idlelib/idle_test/__pycache__/test_text.cpython-311.opt-1.pyc
  inflating: lib/python3.11/idlelib/idle_test/__pycache__/test_pyparse.cpython-311.opt-2.pyc
  inflating: lib/python3.11/idlelib/idle_test/__pycache__/test_iomenu.cpython-311.pyc
  inflating: lib/python3.11/idlelib/idle_test/__pycache__/test_macosx.cpython-311.pyc
  inflating: lib/python3.11/idlelib/idle_test/__pycache__/test_editor.cpython-311.pyc
  inflating: lib/python3.11/idlelib/idle_test/__pycache__/test_sidebar.cpython-311.opt-2.pyc
  inflating: lib/python3.11/idlelib/idle_test/__pycache__/test_macosx.cpython-311.opt-1.pyc
  inflating: lib/python3.11/idlelib/idle_test/__pycache__/test_replace.cpython-311.opt-1.pyc
  inflating: lib/python3.11/idlelib/idle_test/__pycache__/test_history.cpython-311.opt-2.pyc
  inflating: lib/python3.11/idlelib/idle_test/__pycache__/test_util.cpython-311.opt-1.pyc
  inflating: lib/python3.11/idlelib/idle_test/__pycache__/test_delegator.cpython-311.pyc
  inflating: lib/python3.11/idlelib/idle_test/__pycache__/test_searchbase.cpython-311.opt-2.pyc
  inflating: lib/python3.11/idlelib/idle_test/__pycache__/test_scrolledlist.cpython-311.pyc
  inflating: lib/python3.11/idlelib/idle_test/__pycache__/test_pathbrowser.cpython-311.pyc
  inflating: lib/python3.11/idlelib/idle_test/__pycache__/test_redirector.cpython-311.pyc
  inflating: lib/python3.11/idlelib/idle_test/__pycache__/test_debugger_r.cpython-311.opt-1.pyc
  inflating: lib/python3.11/idlelib/idle_test/__pycache__/test_percolator.cpython-311.pyc
  inflating: lib/python3.11/idlelib/idle_test/__pycache__/test_editor.cpython-311.opt-2.pyc
  inflating: lib/python3.11/idlelib/idle_test/__pycache__/test_history.cpython-311.opt-1.pyc
  inflating: lib/python3.11/idlelib/idle_test/__pycache__/tkinter_testing_utils.cpython-311.opt-2.pyc
  inflating: lib/python3.11/idlelib/idle_test/__pycache__/test_squeezer.cpython-311.pyc
  inflating: lib/python3.11/idlelib/idle_test/__pycache__/test_warning.cpython-311.opt-1.pyc
  inflating: lib/python3.11/idlelib/idle_test/__pycache__/test_config_key.cpython-311.opt-1.pyc
  inflating: lib/python3.11/idlelib/idle_test/__pycache__/test_help.cpython-311.opt-2.pyc
  inflating: lib/python3.11/idlelib/idle_test/__pycache__/test_statusbar.cpython-311.opt-2.pyc
  inflating: lib/python3.11/idlelib/idle_test/__pycache__/test_delegator.cpython-311.opt-1.pyc
  inflating: lib/python3.11/idlelib/idle_test/__pycache__/test_autoexpand.cpython-311.opt-2.pyc
  inflating: lib/python3.11/idlelib/idle_test/__pycache__/test_parenmatch.cpython-311.opt-2.pyc
  inflating: lib/python3.11/idlelib/idle_test/__pycache__/template.cpython-311.pyc
  inflating: lib/python3.11/idlelib/idle_test/__pycache__/test_util.cpython-311.opt-2.pyc
  inflating: lib/python3.11/idlelib/idle_test/__pycache__/test_autocomplete_w.cpython-311.opt-2.pyc
  inflating: lib/python3.11/idlelib/idle_test/__pycache__/test_multicall.cpython-311.pyc
  inflating: lib/python3.11/idlelib/idle_test/__pycache__/test_macosx.cpython-311.opt-2.pyc
  inflating: lib/python3.11/idlelib/idle_test/__pycache__/test_hyperparser.cpython-311.pyc
  inflating: lib/python3.11/idlelib/idle_test/__pycache__/test_grep.cpython-311.opt-2.pyc
  inflating: lib/python3.11/idlelib/idle_test/__pycache__/test_replace.cpython-311.opt-2.pyc
  inflating: lib/python3.11/idlelib/idle_test/__pycache__/test_query.cpython-311.pyc
  inflating: lib/python3.11/idlelib/idle_test/__pycache__/test_tree.cpython-311.opt-1.pyc
  inflating: lib/python3.11/idlelib/idle_test/__pycache__/test_warning.cpython-311.opt-2.pyc
  inflating: lib/python3.11/idlelib/idle_test/__pycache__/test_window.cpython-311.opt-2.pyc
  inflating: lib/python3.11/idlelib/idle_test/__pycache__/test_hyperparser.cpython-311.opt-1.pyc
  inflating: lib/python3.11/idlelib/idle_test/__pycache__/test_delegator.cpython-311.opt-2.pyc
  inflating: lib/python3.11/idlelib/idle_test/__pycache__/test_config.cpython-311.opt-2.pyc
  inflating: lib/python3.11/idlelib/idle_test/__pycache__/test_debugger.cpython-311.opt-1.pyc
  inflating: lib/python3.11/idlelib/idle_test/__pycache__/mock_idle.cpython-311.opt-1.pyc
  inflating: lib/python3.11/idlelib/idle_test/__pycache__/test_zzdummy.cpython-311.opt-1.pyc
  inflating: lib/python3.11/idlelib/idle_test/__pycache__/test_autoexpand.cpython-311.pyc
  inflating: lib/python3.11/idlelib/idle_test/__pycache__/test_parenmatch.cpython-311.pyc
  inflating: lib/python3.11/idlelib/idle_test/__pycache__/test_percolator.cpython-311.opt-1.pyc
  inflating: lib/python3.11/idlelib/idle_test/__pycache__/test_debugobj_r.cpython-311.opt-2.pyc
  inflating: lib/python3.11/idlelib/idle_test/__pycache__/test_config_key.cpython-311.opt-2.pyc
  inflating: lib/python3.11/idlelib/idle_test/__pycache__/test_help_about.cpython-311.opt-2.pyc
  inflating: lib/python3.11/idlelib/idle_test/__pycache__/test_colorizer.cpython-311.pyc
  inflating: lib/python3.11/idlelib/idle_test/__pycache__/test_runscript.cpython-311.opt-2.pyc
  inflating: lib/python3.11/idlelib/idle_test/__pycache__/test_multicall.cpython-311.opt-1.pyc
  inflating: lib/python3.11/idlelib/idle_test/__pycache__/__init__.cpython-311.opt-1.pyc
  inflating: lib/python3.11/idlelib/idle_test/__pycache__/test_zzdummy.cpython-311.opt-2.pyc
  inflating: lib/python3.11/idlelib/idle_test/__pycache__/test_zzdummy.cpython-311.pyc
  inflating: lib/python3.11/idlelib/idle_test/__pycache__/test_help.cpython-311.pyc
  inflating: lib/python3.11/idlelib/idle_test/__pycache__/test_config.cpython-311.pyc
  inflating: lib/python3.11/idlelib/idle_test/__pycache__/test_filelist.cpython-311.opt-2.pyc
  inflating: lib/python3.11/idlelib/idle_test/__pycache__/test_tree.cpython-311.opt-2.pyc
  inflating: lib/python3.11/idlelib/idle_test/__pycache__/test_hyperparser.cpython-311.opt-2.pyc
  inflating: lib/python3.11/idlelib/idle_test/__pycache__/test_sidebar.cpython-311.pyc
  inflating: lib/python3.11/idlelib/idle_test/__pycache__/test_util.cpython-311.pyc
  inflating: lib/python3.11/idlelib/idle_test/__pycache__/test_rpc.cpython-311.opt-1.pyc
  inflating: lib/python3.11/idlelib/idle_test/__pycache__/template.cpython-311.opt-2.pyc
  inflating: lib/python3.11/idlelib/idle_test/__pycache__/test_autocomplete.cpython-311.opt-2.pyc
  inflating: lib/python3.11/idlelib/idle_test/__pycache__/test_configdialog.cpython-311.pyc
  inflating: lib/python3.11/idlelib/idle_test/__pycache__/mock_tk.cpython-311.opt-2.pyc
  inflating: lib/python3.11/idlelib/idle_test/__pycache__/test_debugobj.cpython-311.opt-1.pyc
  inflating: lib/python3.11/idlelib/idle_test/__pycache__/test_browser.cpython-311.opt-1.pyc
  inflating: lib/python3.11/idlelib/idle_test/__pycache__/test_text.cpython-311.pyc
  inflating: lib/python3.11/idlelib/idle_test/__pycache__/test_history.cpython-311.pyc
  inflating: lib/python3.11/idlelib/idle_test/__pycache__/test_percolator.cpython-311.opt-2.pyc
  inflating: lib/python3.11/idlelib/idle_test/__pycache__/test_debugobj.cpython-311.pyc
  inflating: lib/python3.11/idlelib/idle_test/__pycache__/test_colorizer.cpython-311.opt-2.pyc
  inflating: lib/python3.11/idlelib/idle_test/__pycache__/__init__.cpython-311.pyc
  inflating: lib/python3.11/idlelib/idle_test/__pycache__/tkinter_testing_utils.cpython-311.opt-1.pyc
  inflating: lib/python3.11/idlelib/idle_test/__pycache__/test_window.cpython-311.pyc
  inflating: lib/python3.11/idlelib/idle_test/__pycache__/test_pyshell.cpython-311.opt-1.pyc
  inflating: lib/python3.11/idlelib/idle_test/__pycache__/test_search.cpython-311.opt-1.pyc
  inflating: lib/python3.11/idlelib/idle_test/__pycache__/test_tooltip.cpython-311.opt-1.pyc
  inflating: lib/python3.11/idlelib/idle_test/__pycache__/test_codecontext.cpython-311.pyc
  inflating: lib/python3.11/idlelib/idle_test/__pycache__/test_run.cpython-311.opt-1.pyc
  inflating: lib/python3.11/idlelib/idle_test/__pycache__/test_calltip_w.cpython-311.opt-1.pyc
  inflating: lib/python3.11/idlelib/idle_test/__pycache__/test_autocomplete_w.cpython-311.pyc
  inflating: lib/python3.11/idlelib/idle_test/__pycache__/test_configdialog.cpython-311.opt-1.pyc
  inflating: lib/python3.11/idlelib/idle_test/__pycache__/test_tree.cpython-311.pyc
  inflating: lib/python3.11/idlelib/idle_test/__pycache__/test_query.cpython-311.opt-1.pyc
  inflating: lib/python3.11/idlelib/idle_test/__pycache__/test_filelist.cpython-311.pyc
  inflating: lib/python3.11/idlelib/idle_test/__pycache__/test_help_about.cpython-311.pyc
  inflating: lib/python3.11/idlelib/idle_test/__pycache__/test_zoomheight.cpython-311.opt-1.pyc
  inflating: lib/python3.11/idlelib/idle_test/__pycache__/test_zoomheight.cpython-311.pyc
  inflating: lib/python3.11/idlelib/idle_test/__pycache__/test_browser.cpython-311.pyc
  inflating: lib/python3.11/idlelib/idle_test/__pycache__/test_pyshell.cpython-311.pyc
  inflating: lib/python3.11/idlelib/idle_test/__pycache__/test_debugger.cpython-311.pyc
  inflating: lib/python3.11/idlelib/idle_test/__pycache__/test_editmenu.cpython-311.opt-1.pyc
  inflating: lib/python3.11/idlelib/idle_test/__pycache__/test_debugobj.cpython-311.opt-2.pyc
  inflating: lib/python3.11/idlelib/idle_test/__pycache__/test_runscript.cpython-311.opt-1.pyc
  inflating: lib/python3.11/idlelib/idle_test/__pycache__/test_debugger_r.cpython-311.opt-2.pyc
  inflating: lib/python3.11/idlelib/idle_test/__pycache__/test_search.cpython-311.pyc
  inflating: lib/python3.11/idlelib/idle_test/__pycache__/mock_idle.cpython-311.opt-2.pyc
  inflating: lib/python3.11/idlelib/idle_test/__pycache__/test_debugger.cpython-311.opt-2.pyc
  inflating: lib/python3.11/idlelib/idle_test/__pycache__/test_editor.cpython-311.opt-1.pyc
  inflating: lib/python3.11/idlelib/idle_test/__pycache__/mock_idle.cpython-311.pyc
  inflating: lib/python3.11/idlelib/idle_test/__pycache__/test_textview.cpython-311.pyc
  inflating: lib/python3.11/idlelib/idle_test/__pycache__/test_mainmenu.cpython-311.opt-2.pyc
  inflating: lib/python3.11/idlelib/idle_test/__pycache__/test_calltip.cpython-311.opt-1.pyc
  inflating: lib/python3.11/idlelib/idle_test/__pycache__/template.cpython-311.opt-1.pyc
  inflating: lib/python3.11/idlelib/idle_test/__pycache__/test_stackviewer.cpython-311.opt-1.pyc
  inflating: lib/python3.11/idlelib/idle_test/__pycache__/test_config.cpython-311.opt-1.pyc
  inflating: lib/python3.11/idlelib/idle_test/__pycache__/test_calltip_w.cpython-311.pyc
  inflating: lib/python3.11/idlelib/idle_test/__pycache__/test_configdialog.cpython-311.opt-2.pyc
  inflating: lib/python3.11/idlelib/idle_test/__pycache__/test_scrolledlist.cpython-311.opt-2.pyc
  inflating: lib/python3.11/idlelib/idle_test/__pycache__/test_pathbrowser.cpython-311.opt-2.pyc
  inflating: lib/python3.11/idlelib/idle_test/__pycache__/test_scrolledlist.cpython-311.opt-1.pyc
  inflating: lib/python3.11/idlelib/idle_test/__pycache__/test_colorizer.cpython-311.opt-1.pyc
  inflating: lib/python3.11/idlelib/idle_test/__pycache__/test_iomenu.cpython-311.opt-1.pyc
  inflating: lib/python3.11/idlelib/idle_test/__pycache__/test_statusbar.cpython-311.pyc
  inflating: lib/python3.11/idlelib/idle_test/__pycache__/test_help_about.cpython-311.opt-1.pyc
  inflating: lib/python3.11/idlelib/idle_test/__pycache__/test_debugobj_r.cpython-311.opt-1.pyc
  inflating: lib/python3.11/idlelib/idle_test/__pycache__/test_format.cpython-311.opt-2.pyc
  inflating: lib/python3.11/idlelib/idle_test/__pycache__/test_outwin.cpython-311.pyc
  inflating: lib/python3.11/idlelib/idle_test/__pycache__/test_autocomplete.cpython-311.opt-1.pyc
  inflating: lib/python3.11/idlelib/idle_test/__pycache__/test_iomenu.cpython-311.opt-2.pyc
  inflating: lib/python3.11/idlelib/idle_test/__pycache__/test_textview.cpython-311.opt-2.pyc
  inflating: lib/python3.11/idlelib/idle_test/__pycache__/test_autoexpand.cpython-311.opt-1.pyc
  inflating: lib/python3.11/idlelib/idle_test/__pycache__/test_multicall.cpython-311.opt-2.pyc
  inflating: lib/python3.11/idlelib/idle_test/__pycache__/test_warning.cpython-311.pyc
  inflating: lib/python3.11/idlelib/idle_test/__pycache__/test_format.cpython-311.pyc
  inflating: lib/python3.11/idlelib/idle_test/__pycache__/test_zoomheight.cpython-311.opt-2.pyc
  inflating: lib/python3.11/idlelib/idle_test/__pycache__/test_grep.cpython-311.pyc
  inflating: lib/python3.11/idlelib/idle_test/__pycache__/test_text.cpython-311.opt-2.pyc
  inflating: lib/python3.11/idlelib/idle_test/__pycache__/test_debugobj_r.cpython-311.pyc
  inflating: lib/python3.11/idlelib/idle_test/__pycache__/test_searchbase.cpython-311.opt-1.pyc
  inflating: lib/python3.11/idlelib/idle_test/__pycache__/test_textview.cpython-311.opt-1.pyc
  inflating: lib/python3.11/idlelib/idle_test/__pycache__/htest.cpython-311.pyc
  inflating: lib/python3.11/idlelib/idle_test/__pycache__/test_parenmatch.cpython-311.opt-1.pyc
  inflating: lib/python3.11/idlelib/idle_test/__pycache__/test_redirector.cpython-311.opt-2.pyc
  inflating: lib/python3.11/idlelib/idle_test/__pycache__/test_calltip_w.cpython-311.opt-2.pyc
  inflating: lib/python3.11/idlelib/idle_test/__pycache__/__init__.cpython-311.opt-2.pyc
  inflating: lib/python3.11/idlelib/idle_test/__pycache__/test_autocomplete_w.cpython-311.opt-1.pyc
  inflating: lib/python3.11/idlelib/idle_test/__pycache__/test_searchbase.cpython-311.pyc
  inflating: lib/python3.11/idlelib/idle_test/__pycache__/test_undo.cpython-311.opt-2.pyc
  inflating: lib/python3.11/idlelib/idle_test/__pycache__/test_autocomplete.cpython-311.pyc
  inflating: lib/python3.11/idlelib/idle_test/__pycache__/test_undo.cpython-311.pyc
  inflating: lib/python3.11/idlelib/idle_test/__pycache__/tkinter_testing_utils.cpython-311.pyc
  inflating: lib/python3.11/idlelib/idle_test/__pycache__/mock_tk.cpython-311.opt-1.pyc
  inflating: lib/python3.11/idlelib/idle_test/__pycache__/test_sidebar.cpython-311.opt-1.pyc
  inflating: lib/python3.11/idlelib/idle_test/__pycache__/test_squeezer.cpython-311.opt-1.pyc
  inflating: lib/python3.11/idlelib/idle_test/__pycache__/test_tooltip.cpython-311.opt-2.pyc
  inflating: lib/python3.11/idlelib/idle_test/__pycache__/test_pathbrowser.cpython-311.opt-1.pyc
  inflating: lib/python3.11/idlelib/idle_test/__pycache__/test_grep.cpython-311.opt-1.pyc
  inflating: lib/python3.11/idlelib/idle_test/__pycache__/test_config_key.cpython-311.pyc
  inflating: lib/python3.11/idlelib/idle_test/__pycache__/test_filelist.cpython-311.opt-1.pyc
  inflating: lib/python3.11/idlelib/idle_test/__pycache__/test_pyparse.cpython-311.pyc
  inflating: lib/python3.11/idlelib/idle_test/__pycache__/test_calltip.cpython-311.opt-2.pyc
  inflating: lib/python3.11/idlelib/idle_test/__pycache__/test_outwin.cpython-311.opt-1.pyc
  inflating: lib/python3.11/idlelib/idle_test/__pycache__/test_redirector.cpython-311.opt-1.pyc
  inflating: lib/python3.11/idlelib/idle_test/__pycache__/test_format.cpython-311.opt-1.pyc
  inflating: lib/python3.11/idlelib/idle_test/__pycache__/test_search.cpython-311.opt-2.pyc
  inflating: lib/python3.11/idlelib/idle_test/__pycache__/test_pyshell.cpython-311.opt-2.pyc
  inflating: lib/python3.11/idlelib/idle_test/__pycache__/test_calltip.cpython-311.pyc
  inflating: lib/python3.11/idlelib/idle_test/__pycache__/test_rpc.cpython-311.opt-2.pyc
  inflating: lib/python3.11/idlelib/idle_test/__pycache__/htest.cpython-311.opt-1.pyc
  inflating: lib/python3.11/idlelib/idle_test/__pycache__/test_outwin.cpython-311.opt-2.pyc
  inflating: lib/python3.11/idlelib/idle_test/__pycache__/test_replace.cpython-311.pyc
  inflating: lib/python3.11/idlelib/idle_test/__pycache__/test_searchengine.cpython-311.pyc
  inflating: lib/python3.11/idlelib/idle_test/__pycache__/test_tooltip.cpython-311.pyc
  inflating: lib/python3.11/idlelib/idle_test/__pycache__/test_undo.cpython-311.opt-1.pyc
  inflating: lib/python3.11/idlelib/idle_test/__pycache__/test_editmenu.cpython-311.pyc
  inflating: lib/python3.11/idlelib/idle_test/__pycache__/test_browser.cpython-311.opt-2.pyc
  inflating: lib/python3.11/idlelib/idle_test/__pycache__/test_codecontext.cpython-311.opt-1.pyc
  inflating: lib/python3.11/idlelib/idle_test/__pycache__/test_pyparse.cpython-311.opt-1.pyc
  inflating: lib/python3.11/idlelib/idle_test/__pycache__/test_rpc.cpython-311.pyc
  inflating: lib/python3.11/idlelib/idle_test/__pycache__/test_statusbar.cpython-311.opt-1.pyc
  inflating: lib/python3.11/idlelib/idle_test/__pycache__/test_stackviewer.cpython-311.pyc
  inflating: lib/python3.11/idlelib/idle_test/__pycache__/test_window.cpython-311.opt-1.pyc
  inflating: lib/python3.11/idlelib/idle_test/__pycache__/htest.cpython-311.opt-2.pyc
  inflating: lib/python3.11/idlelib/idle_test/__pycache__/test_squeezer.cpython-311.opt-2.pyc
  inflating: lib/python3.11/idlelib/idle_test/__pycache__/test_query.cpython-311.opt-2.pyc
  inflating: lib/python3.11/idlelib/idle_test/__pycache__/test_run.cpython-311.pyc
  inflating: lib/python3.11/idlelib/idle_test/__pycache__/test_searchengine.cpython-311.opt-2.pyc
  inflating: lib/python3.11/idlelib/idle_test/__pycache__/test_mainmenu.cpython-311.opt-1.pyc
  inflating: lib/python3.11/idlelib/idle_test/__pycache__/test_searchengine.cpython-311.opt-1.pyc
  inflating: lib/python3.11/idlelib/idle_test/__pycache__/test_stackviewer.cpython-311.opt-2.pyc
  inflating: lib/python3.11/idlelib/idle_test/__pycache__/test_run.cpython-311.opt-2.pyc
  inflating: lib/python3.11/idlelib/idle_test/__pycache__/test_mainmenu.cpython-311.pyc
  inflating: lib/python3.11/idlelib/idle_test/__pycache__/test_codecontext.cpython-311.opt-2.pyc
  inflating: lib/python3.11/idlelib/idle_test/__pycache__/test_runscript.cpython-311.pyc
  inflating: lib/python3.11/idlelib/idle_test/__pycache__/test_editmenu.cpython-311.opt-2.pyc
  inflating: lib/python3.11/idlelib/idle_test/__pycache__/test_help.cpython-311.opt-1.pyc
  inflating: lib/python3.11/idlelib/idle_test/__pycache__/mock_tk.cpython-311.pyc
  inflating: lib/python3.11/idlelib/idle_test/test_warning.py
  inflating: lib/python3.11/idlelib/idle_test/test_hyperparser.py
  inflating: lib/python3.11/idlelib/idle_test/test_debugger_r.py
  inflating: lib/python3.11/idlelib/idle_test/test_percolator.py
  inflating: lib/python3.11/idlelib/idle_test/test_util.py
  inflating: lib/python3.11/idlelib/idle_test/test_redirector.py
  inflating: lib/python3.11/idlelib/util.py
  inflating: lib/python3.11/idlelib/README.txt
  inflating: lib/python3.11/idlelib/TODO.txt
  inflating: lib/python3.11/idlelib/autocomplete.py
  inflating: lib/python3.11/idlelib/format.py
  inflating: lib/python3.11/idlelib/query.py
  inflating: lib/python3.11/idlelib/grep.py
  inflating: lib/python3.11/idlelib/searchbase.py
  inflating: lib/python3.11/idlelib/statusbar.py
  inflating: lib/python3.11/idlelib/autocomplete_w.py
  inflating: lib/python3.11/idlelib/debugobj.py
  inflating: lib/python3.11/idlelib/rpc.py
  inflating: lib/python3.11/idlelib/multicall.py
  inflating: lib/python3.11/idlelib/scrolledlist.py
  inflating: lib/python3.11/idlelib/config.py
  inflating: lib/python3.11/idlelib/mainmenu.py
  inflating: lib/python3.11/idlelib/CREDITS.txt
  inflating: lib/python3.11/idlelib/debugobj_r.py
  inflating: lib/python3.11/idlelib/replace.py
  inflating: lib/python3.11/idlelib/tree.py
  inflating: lib/python3.11/idlelib/pyshell.py
  inflating: lib/python3.11/idlelib/filelist.py
  inflating: lib/python3.11/idlelib/undo.py
  inflating: lib/python3.11/idlelib/delegator.py
  inflating: lib/python3.11/idlelib/parenmatch.py
  inflating: lib/python3.11/idlelib/redirector.py
  inflating: lib/python3.11/idlelib/codecontext.py
  inflating: lib/python3.11/idlelib/sidebar.py
  inflating: lib/python3.11/idlelib/configdialog.py
  inflating: lib/python3.11/idlelib/idle.py
  inflating: lib/python3.11/idlelib/debugger.py
  inflating: lib/python3.11/idlelib/colorizer.py
  inflating: lib/python3.11/idlelib/calltip_w.py
  inflating: lib/python3.11/idlelib/hyperparser.py
  inflating: lib/python3.11/idlelib/stackviewer.py
  inflating: lib/python3.11/idlelib/__pycache__/browser.cpython-311.opt-2.pyc
  inflating: lib/python3.11/idlelib/__pycache__/searchbase.cpython-311.opt-1.pyc
  inflating: lib/python3.11/idlelib/__pycache__/pathbrowser.cpython-311.opt-1.pyc
  inflating: lib/python3.11/idlelib/__pycache__/multicall.cpython-311.opt-1.pyc
  inflating: lib/python3.11/idlelib/__pycache__/browser.cpython-311.opt-1.pyc
  inflating: lib/python3.11/idlelib/__pycache__/replace.cpython-311.opt-1.pyc
  inflating: lib/python3.11/idlelib/__pycache__/tooltip.cpython-311.pyc
  inflating: lib/python3.11/idlelib/__pycache__/textview.cpython-311.pyc
  inflating: lib/python3.11/idlelib/__pycache__/grep.cpython-311.pyc
  inflating: lib/python3.11/idlelib/__pycache__/util.cpython-311.opt-1.pyc
  inflating: lib/python3.11/idlelib/__pycache__/parenmatch.cpython-311.opt-2.pyc
  inflating: lib/python3.11/idlelib/__pycache__/autocomplete.cpython-311.pyc
  inflating: lib/python3.11/idlelib/__pycache__/grep.cpython-311.opt-2.pyc
  inflating: lib/python3.11/idlelib/__pycache__/tooltip.cpython-311.opt-1.pyc
  inflating: lib/python3.11/idlelib/__pycache__/format.cpython-311.opt-2.pyc
  inflating: lib/python3.11/idlelib/__pycache__/browser.cpython-311.pyc
  inflating: lib/python3.11/idlelib/__pycache__/squeezer.cpython-311.opt-1.pyc
  inflating: lib/python3.11/idlelib/__pycache__/searchbase.cpython-311.pyc
  inflating: lib/python3.11/idlelib/__pycache__/editor.cpython-311.opt-2.pyc
  inflating: lib/python3.11/idlelib/__pycache__/mainmenu.cpython-311.pyc
  inflating: lib/python3.11/idlelib/__pycache__/parenmatch.cpython-311.pyc
  inflating: lib/python3.11/idlelib/__pycache__/debugobj.cpython-311.pyc
  inflating: lib/python3.11/idlelib/__pycache__/window.cpython-311.opt-2.pyc
  inflating: lib/python3.11/idlelib/__pycache__/textview.cpython-311.opt-2.pyc
  inflating: lib/python3.11/idlelib/__pycache__/autoexpand.cpython-311.pyc
  inflating: lib/python3.11/idlelib/__pycache__/colorizer.cpython-311.opt-2.pyc
  inflating: lib/python3.11/idlelib/__pycache__/codecontext.cpython-311.opt-2.pyc
  inflating: lib/python3.11/idlelib/__pycache__/stackviewer.cpython-311.opt-1.pyc
  inflating: lib/python3.11/idlelib/__pycache__/run.cpython-311.pyc
  inflating: lib/python3.11/idlelib/__pycache__/redirector.cpython-311.opt-1.pyc
  inflating: lib/python3.11/idlelib/__pycache__/filelist.cpython-311.opt-2.pyc
  inflating: lib/python3.11/idlelib/__pycache__/colorizer.cpython-311.opt-1.pyc
  inflating: lib/python3.11/idlelib/__pycache__/mainmenu.cpython-311.opt-1.pyc
  inflating: lib/python3.11/idlelib/__pycache__/debugger_r.cpython-311.opt-1.pyc
  inflating: lib/python3.11/idlelib/__pycache__/outwin.cpython-311.opt-2.pyc
  inflating: lib/python3.11/idlelib/__pycache__/configdialog.cpython-311.opt-1.pyc
  inflating: lib/python3.11/idlelib/__pycache__/calltip.cpython-311.opt-1.pyc
  inflating: lib/python3.11/idlelib/__pycache__/searchbase.cpython-311.opt-2.pyc
  inflating: lib/python3.11/idlelib/__pycache__/searchengine.cpython-311.opt-1.pyc
  inflating: lib/python3.11/idlelib/__pycache__/run.cpython-311.opt-1.pyc
  inflating: lib/python3.11/idlelib/__pycache__/idle.cpython-311.opt-1.pyc
  inflating: lib/python3.11/idlelib/__pycache__/config_key.cpython-311.pyc
  inflating: lib/python3.11/idlelib/__pycache__/config_key.cpython-311.opt-1.pyc
  inflating: lib/python3.11/idlelib/__pycache__/editor.cpython-311.opt-1.pyc
  inflating: lib/python3.11/idlelib/__pycache__/window.cpython-311.pyc
  inflating: lib/python3.11/idlelib/__pycache__/tree.cpython-311.opt-2.pyc
  inflating: lib/python3.11/idlelib/__pycache__/zzdummy.cpython-311.opt-1.pyc
  inflating: lib/python3.11/idlelib/__pycache__/autocomplete.cpython-311.opt-1.pyc
  inflating: lib/python3.11/idlelib/__pycache__/pathbrowser.cpython-311.opt-2.pyc
  inflating: lib/python3.11/idlelib/__pycache__/autoexpand.cpython-311.opt-2.pyc
  inflating: lib/python3.11/idlelib/__pycache__/__init__.cpython-311.opt-1.pyc
  inflating: lib/python3.11/idlelib/__pycache__/zoomheight.cpython-311.opt-1.pyc
  inflating: lib/python3.11/idlelib/__pycache__/tooltip.cpython-311.opt-2.pyc
  inflating: lib/python3.11/idlelib/__pycache__/pyparse.cpython-311.opt-1.pyc
  inflating: lib/python3.11/idlelib/__pycache__/percolator.cpython-311.opt-2.pyc
  inflating: lib/python3.11/idlelib/__pycache__/calltip.cpython-311.opt-2.pyc
  inflating: lib/python3.11/idlelib/__pycache__/window.cpython-311.opt-1.pyc
  inflating: lib/python3.11/idlelib/__pycache__/scrolledlist.cpython-311.opt-2.pyc
  inflating: lib/python3.11/idlelib/__pycache__/rpc.cpython-311.opt-2.pyc
  inflating: lib/python3.11/idlelib/__pycache__/macosx.cpython-311.opt-2.pyc
  inflating: lib/python3.11/idlelib/__pycache__/zzdummy.cpython-311.pyc
  inflating: lib/python3.11/idlelib/__pycache__/debugobj.cpython-311.opt-2.pyc
  inflating: lib/python3.11/idlelib/__pycache__/multicall.cpython-311.opt-2.pyc
  inflating: lib/python3.11/idlelib/__pycache__/__main__.cpython-311.opt-1.pyc
  inflating: lib/python3.11/idlelib/__pycache__/zoomheight.cpython-311.opt-2.pyc
  inflating: lib/python3.11/idlelib/__pycache__/macosx.cpython-311.opt-1.pyc
  inflating: lib/python3.11/idlelib/__pycache__/pyparse.cpython-311.opt-2.pyc
  inflating: lib/python3.11/idlelib/__pycache__/config.cpython-311.opt-1.pyc
  inflating: lib/python3.11/idlelib/__pycache__/percolator.cpython-311.opt-1.pyc
  inflating: lib/python3.11/idlelib/__pycache__/undo.cpython-311.opt-1.pyc
  inflating: lib/python3.11/idlelib/__pycache__/debugger.cpython-311.opt-2.pyc
  inflating: lib/python3.11/idlelib/__pycache__/__init__.cpython-311.pyc
  inflating: lib/python3.11/idlelib/__pycache__/search.cpython-311.opt-2.pyc
  inflating: lib/python3.11/idlelib/__pycache__/calltip.cpython-311.pyc
  inflating: lib/python3.11/idlelib/__pycache__/rpc.cpython-311.opt-1.pyc
  inflating: lib/python3.11/idlelib/__pycache__/help.cpython-311.opt-1.pyc
  inflating: lib/python3.11/idlelib/__pycache__/iomenu.cpython-311.opt-1.pyc
  inflating: lib/python3.11/idlelib/__pycache__/hyperparser.cpython-311.opt-2.pyc
  inflating: lib/python3.11/idlelib/__pycache__/sidebar.cpython-311.opt-2.pyc
  inflating: lib/python3.11/idlelib/__pycache__/statusbar.cpython-311.pyc
  inflating: lib/python3.11/idlelib/__pycache__/autoexpand.cpython-311.opt-1.pyc
  inflating: lib/python3.11/idlelib/__pycache__/redirector.cpython-311.pyc
  inflating: lib/python3.11/idlelib/__pycache__/debugobj_r.cpython-311.pyc
  inflating: lib/python3.11/idlelib/__pycache__/replace.cpython-311.pyc
  inflating: lib/python3.11/idlelib/__pycache__/iomenu.cpython-311.opt-2.pyc
  inflating: lib/python3.11/idlelib/__pycache__/configdialog.cpython-311.opt-2.pyc
  inflating: lib/python3.11/idlelib/__pycache__/filelist.cpython-311.opt-1.pyc
  inflating: lib/python3.11/idlelib/__pycache__/scrolledlist.cpython-311.pyc
  inflating: lib/python3.11/idlelib/__pycache__/search.cpython-311.pyc
  inflating: lib/python3.11/idlelib/__pycache__/codecontext.cpython-311.opt-1.pyc
  inflating: lib/python3.11/idlelib/__pycache__/help_about.cpython-311.opt-2.pyc
  inflating: lib/python3.11/idlelib/__pycache__/runscript.cpython-311.pyc
  inflating: lib/python3.11/idlelib/__pycache__/codecontext.cpython-311.pyc
  inflating: lib/python3.11/idlelib/__pycache__/sidebar.cpython-311.opt-1.pyc
  inflating: lib/python3.11/idlelib/__pycache__/tree.cpython-311.opt-1.pyc
  inflating: lib/python3.11/idlelib/__pycache__/pyshell.cpython-311.pyc
  inflating: lib/python3.11/idlelib/__pycache__/undo.cpython-311.opt-2.pyc
  inflating: lib/python3.11/idlelib/__pycache__/calltip_w.cpython-311.pyc
  inflating: lib/python3.11/idlelib/__pycache__/delegator.cpython-311.opt-1.pyc
  inflating: lib/python3.11/idlelib/__pycache__/query.cpython-311.opt-2.pyc
  inflating: lib/python3.11/idlelib/__pycache__/help.cpython-311.opt-2.pyc
  inflating: lib/python3.11/idlelib/__pycache__/hyperparser.cpython-311.opt-1.pyc
  inflating: lib/python3.11/idlelib/__pycache__/hyperparser.cpython-311.pyc
  inflating: lib/python3.11/idlelib/__pycache__/dynoption.cpython-311.opt-2.pyc
  inflating: lib/python3.11/idlelib/__pycache__/runscript.cpython-311.opt-2.pyc
  inflating: lib/python3.11/idlelib/__pycache__/sidebar.cpython-311.pyc
  inflating: lib/python3.11/idlelib/__pycache__/mainmenu.cpython-311.opt-2.pyc
  inflating: lib/python3.11/idlelib/__pycache__/__main__.cpython-311.opt-2.pyc
  inflating: lib/python3.11/idlelib/__pycache__/history.cpython-311.opt-2.pyc
  inflating: lib/python3.11/idlelib/__pycache__/query.cpython-311.pyc
  inflating: lib/python3.11/idlelib/__pycache__/calltip_w.cpython-311.opt-2.pyc
  inflating: lib/python3.11/idlelib/__pycache__/tree.cpython-311.pyc
  inflating: lib/python3.11/idlelib/__pycache__/delegator.cpython-311.opt-2.pyc
  inflating: lib/python3.11/idlelib/__pycache__/calltip_w.cpython-311.opt-1.pyc
  inflating: lib/python3.11/idlelib/__pycache__/squeezer.cpython-311.opt-2.pyc
  inflating: lib/python3.11/idlelib/__pycache__/multicall.cpython-311.pyc
  inflating: lib/python3.11/idlelib/__pycache__/debugger.cpython-311.pyc
  inflating: lib/python3.11/idlelib/__pycache__/scrolledlist.cpython-311.opt-1.pyc
  inflating: lib/python3.11/idlelib/__pycache__/__init__.cpython-311.opt-2.pyc
  inflating: lib/python3.11/idlelib/__pycache__/run.cpython-311.opt-2.pyc
  inflating: lib/python3.11/idlelib/__pycache__/debugobj_r.cpython-311.opt-2.pyc
  inflating: lib/python3.11/idlelib/__pycache__/history.cpython-311.opt-1.pyc
  inflating: lib/python3.11/idlelib/__pycache__/help_about.cpython-311.opt-1.pyc
  inflating: lib/python3.11/idlelib/__pycache__/autocomplete_w.cpython-311.opt-2.pyc
  inflating: lib/python3.11/idlelib/__pycache__/autocomplete.cpython-311.opt-2.pyc
  inflating: lib/python3.11/idlelib/__pycache__/pyshell.cpython-311.opt-2.pyc
  inflating: lib/python3.11/idlelib/__pycache__/percolator.cpython-311.pyc
  inflating: lib/python3.11/idlelib/__pycache__/configdialog.cpython-311.pyc
  inflating: lib/python3.11/idlelib/__pycache__/outwin.cpython-311.opt-1.pyc
  inflating: lib/python3.11/idlelib/__pycache__/search.cpython-311.opt-1.pyc
  inflating: lib/python3.11/idlelib/__pycache__/debugger_r.cpython-311.pyc
  inflating: lib/python3.11/idlelib/__pycache__/help_about.cpython-311.pyc
  inflating: lib/python3.11/idlelib/__pycache__/autocomplete_w.cpython-311.opt-1.pyc
  inflating: lib/python3.11/idlelib/__pycache__/grep.cpython-311.opt-1.pyc
  inflating: lib/python3.11/idlelib/__pycache__/debugobj_r.cpython-311.opt-1.pyc
  inflating: lib/python3.11/idlelib/__pycache__/undo.cpython-311.pyc
  inflating: lib/python3.11/idlelib/__pycache__/dynoption.cpython-311.pyc
  inflating: lib/python3.11/idlelib/__pycache__/textview.cpython-311.opt-1.pyc
  inflating: lib/python3.11/idlelib/__pycache__/format.cpython-311.pyc
  inflating: lib/python3.11/idlelib/__pycache__/runscript.cpython-311.opt-1.pyc
  inflating: lib/python3.11/idlelib/__pycache__/pathbrowser.cpython-311.pyc
  inflating: lib/python3.11/idlelib/__pycache__/debugger_r.cpython-311.opt-2.pyc
  inflating: lib/python3.11/idlelib/__pycache__/macosx.cpython-311.pyc
  inflating: lib/python3.11/idlelib/__pycache__/pyparse.cpython-311.pyc
  inflating: lib/python3.11/idlelib/__pycache__/searchengine.cpython-311.opt-2.pyc
  inflating: lib/python3.11/idlelib/__pycache__/__main__.cpython-311.pyc
  inflating: lib/python3.11/idlelib/__pycache__/util.cpython-311.opt-2.pyc
  inflating: lib/python3.11/idlelib/__pycache__/config.cpython-311.pyc
  inflating: lib/python3.11/idlelib/__pycache__/searchengine.cpython-311.pyc
  inflating: lib/python3.11/idlelib/__pycache__/outwin.cpython-311.pyc
  inflating: lib/python3.11/idlelib/__pycache__/filelist.cpython-311.pyc
  inflating: lib/python3.11/idlelib/__pycache__/config.cpython-311.opt-2.pyc
  inflating: lib/python3.11/idlelib/__pycache__/stackviewer.cpython-311.pyc
  inflating: lib/python3.11/idlelib/__pycache__/format.cpython-311.opt-1.pyc
  inflating: lib/python3.11/idlelib/__pycache__/colorizer.cpython-311.pyc
  inflating: lib/python3.11/idlelib/__pycache__/debugobj.cpython-311.opt-1.pyc
  inflating: lib/python3.11/idlelib/__pycache__/replace.cpython-311.opt-2.pyc
  inflating: lib/python3.11/idlelib/__pycache__/delegator.cpython-311.pyc
  inflating: lib/python3.11/idlelib/__pycache__/autocomplete_w.cpython-311.pyc
  inflating: lib/python3.11/idlelib/__pycache__/parenmatch.cpython-311.opt-1.pyc
  inflating: lib/python3.11/idlelib/__pycache__/stackviewer.cpython-311.opt-2.pyc
  inflating: lib/python3.11/idlelib/__pycache__/help.cpython-311.pyc
  inflating: lib/python3.11/idlelib/__pycache__/statusbar.cpython-311.opt-1.pyc
  inflating: lib/python3.11/idlelib/__pycache__/redirector.cpython-311.opt-2.pyc
  inflating: lib/python3.11/idlelib/__pycache__/statusbar.cpython-311.opt-2.pyc
  inflating: lib/python3.11/idlelib/__pycache__/debugger.cpython-311.opt-1.pyc
  inflating: lib/python3.11/idlelib/__pycache__/history.cpython-311.pyc
  inflating: lib/python3.11/idlelib/__pycache__/iomenu.cpython-311.pyc
  inflating: lib/python3.11/idlelib/__pycache__/idle.cpython-311.opt-2.pyc
  inflating: lib/python3.11/idlelib/__pycache__/squeezer.cpython-311.pyc
  inflating: lib/python3.11/idlelib/__pycache__/dynoption.cpython-311.opt-1.pyc
  inflating: lib/python3.11/idlelib/__pycache__/pyshell.cpython-311.opt-1.pyc
  inflating: lib/python3.11/idlelib/__pycache__/util.cpython-311.pyc
  inflating: lib/python3.11/idlelib/__pycache__/idle.cpython-311.pyc
  inflating: lib/python3.11/idlelib/__pycache__/query.cpython-311.opt-1.pyc
  inflating: lib/python3.11/idlelib/__pycache__/rpc.cpython-311.pyc
  inflating: lib/python3.11/idlelib/__pycache__/zzdummy.cpython-311.opt-2.pyc
  inflating: lib/python3.11/idlelib/__pycache__/zoomheight.cpython-311.pyc
  inflating: lib/python3.11/idlelib/__pycache__/config_key.cpython-311.opt-2.pyc
  inflating: lib/python3.11/idlelib/__pycache__/editor.cpython-311.pyc
  inflating: lib/python3.11/idlelib/history.py
  inflating: lib/python3.11/idlelib/runscript.py
  inflating: lib/python3.11/idlelib/pyparse.py
  inflating: lib/python3.11/opcode.py
  inflating: lib/python3.11/ssl.py
  inflating: lib/python3.11/curses/has_key.py
  inflating: lib/python3.11/curses/panel.py
  inflating: lib/python3.11/curses/__init__.py
  inflating: lib/python3.11/curses/textpad.py
  inflating: lib/python3.11/curses/__pycache__/ascii.cpython-311.opt-2.pyc
  inflating: lib/python3.11/curses/__pycache__/ascii.cpython-311.opt-1.pyc
  inflating: lib/python3.11/curses/__pycache__/__init__.cpython-311.opt-1.pyc
  inflating: lib/python3.11/curses/__pycache__/has_key.cpython-311.opt-1.pyc
  inflating: lib/python3.11/curses/__pycache__/has_key.cpython-311.pyc
  inflating: lib/python3.11/curses/__pycache__/__init__.cpython-311.pyc
  inflating: lib/python3.11/curses/__pycache__/panel.cpython-311.pyc
  inflating: lib/python3.11/curses/__pycache__/panel.cpython-311.opt-2.pyc
  inflating: lib/python3.11/curses/__pycache__/textpad.cpython-311.opt-1.pyc
  inflating: lib/python3.11/curses/__pycache__/__init__.cpython-311.opt-2.pyc
  inflating: lib/python3.11/curses/__pycache__/textpad.cpython-311.opt-2.pyc
  inflating: lib/python3.11/curses/__pycache__/panel.cpython-311.opt-1.pyc
  inflating: lib/python3.11/curses/__pycache__/has_key.cpython-311.opt-2.pyc
  inflating: lib/python3.11/curses/__pycache__/ascii.cpython-311.pyc
  inflating: lib/python3.11/curses/__pycache__/textpad.cpython-311.pyc
  inflating: lib/python3.11/curses/ascii.py
  inflating: lib/python3.11/fnmatch.py
  inflating: lib/python3.11/os.py
  inflating: lib/python3.11/importlib/resources/_common.py
  inflating: lib/python3.11/importlib/resources/_adapters.py
  inflating: lib/python3.11/importlib/resources/simple.py
  inflating: lib/python3.11/importlib/resources/__init__.py
  inflating: lib/python3.11/importlib/resources/abc.py
  inflating: lib/python3.11/importlib/resources/_itertools.py
  inflating: lib/python3.11/importlib/resources/__pycache__/simple.cpython-311.opt-1.pyc
  inflating: lib/python3.11/importlib/resources/__pycache__/readers.cpython-311.opt-1.pyc
  inflating: lib/python3.11/importlib/resources/__pycache__/_itertools.cpython-311.pyc
  inflating: lib/python3.11/importlib/resources/__pycache__/_itertools.cpython-311.opt-1.pyc
  inflating: lib/python3.11/importlib/resources/__pycache__/_adapters.cpython-311.opt-2.pyc
  inflating: lib/python3.11/importlib/resources/__pycache__/__init__.cpython-311.opt-1.pyc
  inflating: lib/python3.11/importlib/resources/__pycache__/_common.cpython-311.opt-1.pyc
  inflating: lib/python3.11/importlib/resources/__pycache__/__init__.cpython-311.pyc
  inflating: lib/python3.11/importlib/resources/__pycache__/abc.cpython-311.opt-1.pyc
  inflating: lib/python3.11/importlib/resources/__pycache__/simple.cpython-311.pyc
  inflating: lib/python3.11/importlib/resources/__pycache__/_common.cpython-311.pyc
  inflating: lib/python3.11/importlib/resources/__pycache__/abc.cpython-311.pyc
  inflating: lib/python3.11/importlib/resources/__pycache__/_legacy.cpython-311.opt-1.pyc
  inflating: lib/python3.11/importlib/resources/__pycache__/_legacy.cpython-311.opt-2.pyc
  inflating: lib/python3.11/importlib/resources/__pycache__/readers.cpython-311.opt-2.pyc
  inflating: lib/python3.11/importlib/resources/__pycache__/_adapters.cpython-311.pyc
  inflating: lib/python3.11/importlib/resources/__pycache__/__init__.cpython-311.opt-2.pyc
  inflating: lib/python3.11/importlib/resources/__pycache__/_adapters.cpython-311.opt-1.pyc
  inflating: lib/python3.11/importlib/resources/__pycache__/_common.cpython-311.opt-2.pyc
  inflating: lib/python3.11/importlib/resources/__pycache__/simple.cpython-311.opt-2.pyc
  inflating: lib/python3.11/importlib/resources/__pycache__/_itertools.cpython-311.opt-2.pyc
  inflating: lib/python3.11/importlib/resources/__pycache__/abc.cpython-311.opt-2.pyc
  inflating: lib/python3.11/importlib/resources/__pycache__/readers.cpython-311.pyc
  inflating: lib/python3.11/importlib/resources/__pycache__/_legacy.cpython-311.pyc
  inflating: lib/python3.11/importlib/resources/readers.py
  inflating: lib/python3.11/importlib/resources/_legacy.py
  inflating: lib/python3.11/importlib/machinery.py
  inflating: lib/python3.11/importlib/simple.py
  inflating: lib/python3.11/importlib/__init__.py
  inflating: lib/python3.11/importlib/abc.py
  inflating: lib/python3.11/importlib/_abc.py
  inflating: lib/python3.11/importlib/util.py
  inflating: lib/python3.11/importlib/_bootstrap_external.py
  inflating: lib/python3.11/importlib/__pycache__/_bootstrap_external.cpython-311.pyc
  inflating: lib/python3.11/importlib/__pycache__/util.cpython-311.opt-1.pyc
  inflating: lib/python3.11/importlib/__pycache__/simple.cpython-311.opt-1.pyc
  inflating: lib/python3.11/importlib/__pycache__/readers.cpython-311.opt-1.pyc
  inflating: lib/python3.11/importlib/__pycache__/_bootstrap.cpython-311.opt-1.pyc
  inflating: lib/python3.11/importlib/__pycache__/__init__.cpython-311.opt-1.pyc
  inflating: lib/python3.11/importlib/__pycache__/machinery.cpython-311.pyc
  inflating: lib/python3.11/importlib/__pycache__/__init__.cpython-311.pyc
  inflating: lib/python3.11/importlib/__pycache__/_abc.cpython-311.pyc
  inflating: lib/python3.11/importlib/__pycache__/_bootstrap_external.cpython-311.opt-2.pyc
  inflating: lib/python3.11/importlib/__pycache__/abc.cpython-311.opt-1.pyc
  inflating: lib/python3.11/importlib/__pycache__/simple.cpython-311.pyc
  inflating: lib/python3.11/importlib/__pycache__/abc.cpython-311.pyc
  inflating: lib/python3.11/importlib/__pycache__/_bootstrap.cpython-311.opt-2.pyc
  inflating: lib/python3.11/importlib/__pycache__/machinery.cpython-311.opt-2.pyc
  inflating: lib/python3.11/importlib/__pycache__/_bootstrap_external.cpython-311.opt-1.pyc
  inflating: lib/python3.11/importlib/__pycache__/readers.cpython-311.opt-2.pyc
  inflating: lib/python3.11/importlib/__pycache__/__init__.cpython-311.opt-2.pyc
  inflating: lib/python3.11/importlib/__pycache__/_bootstrap.cpython-311.pyc
  inflating: lib/python3.11/importlib/__pycache__/_abc.cpython-311.opt-1.pyc
  inflating: lib/python3.11/importlib/__pycache__/_abc.cpython-311.opt-2.pyc
  inflating: lib/python3.11/importlib/__pycache__/util.cpython-311.opt-2.pyc
  inflating: lib/python3.11/importlib/__pycache__/simple.cpython-311.opt-2.pyc
  inflating: lib/python3.11/importlib/__pycache__/machinery.cpython-311.opt-1.pyc
  inflating: lib/python3.11/importlib/__pycache__/abc.cpython-311.opt-2.pyc
  inflating: lib/python3.11/importlib/__pycache__/readers.cpython-311.pyc
  inflating: lib/python3.11/importlib/__pycache__/util.cpython-311.pyc
  inflating: lib/python3.11/importlib/_bootstrap.py
  inflating: lib/python3.11/importlib/readers.py
  inflating: lib/python3.11/importlib/metadata/_adapters.py
  inflating: lib/python3.11/importlib/metadata/_functools.py
  inflating: lib/python3.11/importlib/metadata/__init__.py
  inflating: lib/python3.11/importlib/metadata/_meta.py
  inflating: lib/python3.11/importlib/metadata/_collections.py
  inflating: lib/python3.11/importlib/metadata/_text.py
  inflating: lib/python3.11/importlib/metadata/_itertools.py
  inflating: lib/python3.11/importlib/metadata/__pycache__/_functools.cpython-311.opt-1.pyc
  inflating: lib/python3.11/importlib/metadata/__pycache__/_itertools.cpython-311.pyc
  inflating: lib/python3.11/importlib/metadata/__pycache__/_itertools.cpython-311.opt-1.pyc
  inflating: lib/python3.11/importlib/metadata/__pycache__/_meta.cpython-311.opt-1.pyc
  inflating: lib/python3.11/importlib/metadata/__pycache__/_adapters.cpython-311.opt-2.pyc
  inflating: lib/python3.11/importlib/metadata/__pycache__/_collections.cpython-311.pyc
  inflating: lib/python3.11/importlib/metadata/__pycache__/__init__.cpython-311.opt-1.pyc
  inflating: lib/python3.11/importlib/metadata/__pycache__/_functools.cpython-311.pyc
  inflating: lib/python3.11/importlib/metadata/__pycache__/__init__.cpython-311.pyc
  inflating: lib/python3.11/importlib/metadata/__pycache__/_text.cpython-311.opt-1.pyc
  inflating: lib/python3.11/importlib/metadata/__pycache__/_functools.cpython-311.opt-2.pyc
  inflating: lib/python3.11/importlib/metadata/__pycache__/_meta.cpython-311.pyc
  inflating: lib/python3.11/importlib/metadata/__pycache__/_collections.cpython-311.opt-2.pyc
  inflating: lib/python3.11/importlib/metadata/__pycache__/_meta.cpython-311.opt-2.pyc
  inflating: lib/python3.11/importlib/metadata/__pycache__/_adapters.cpython-311.pyc
  inflating: lib/python3.11/importlib/metadata/__pycache__/__init__.cpython-311.opt-2.pyc
  inflating: lib/python3.11/importlib/metadata/__pycache__/_collections.cpython-311.opt-1.pyc
  inflating: lib/python3.11/importlib/metadata/__pycache__/_adapters.cpython-311.opt-1.pyc
  inflating: lib/python3.11/importlib/metadata/__pycache__/_text.cpython-311.pyc
  inflating: lib/python3.11/importlib/metadata/__pycache__/_text.cpython-311.opt-2.pyc
  inflating: lib/python3.11/importlib/metadata/__pycache__/_itertools.cpython-311.opt-2.pyc
  inflating: lib/python3.11/difflib.py
  inflating: lib/python3.11/json/decoder.py
  inflating: lib/python3.11/json/__init__.py
  inflating: lib/python3.11/json/scanner.py
  inflating: lib/python3.11/json/tool.py
  inflating: lib/python3.11/json/__pycache__/scanner.cpython-311.opt-2.pyc
  inflating: lib/python3.11/json/__pycache__/decoder.cpython-311.pyc
  inflating: lib/python3.11/json/__pycache__/encoder.cpython-311.pyc
  inflating: lib/python3.11/json/__pycache__/__init__.cpython-311.opt-1.pyc
  inflating: lib/python3.11/json/__pycache__/decoder.cpython-311.opt-1.pyc
  inflating: lib/python3.11/json/__pycache__/__init__.cpython-311.pyc
  inflating: lib/python3.11/json/__pycache__/encoder.cpython-311.opt-1.pyc
  inflating: lib/python3.11/json/__pycache__/scanner.cpython-311.opt-1.pyc
  inflating: lib/python3.11/json/__pycache__/decoder.cpython-311.opt-2.pyc
  inflating: lib/python3.11/json/__pycache__/encoder.cpython-311.opt-2.pyc
  inflating: lib/python3.11/json/__pycache__/__init__.cpython-311.opt-2.pyc
  inflating: lib/python3.11/json/__pycache__/tool.cpython-311.opt-2.pyc
  inflating: lib/python3.11/json/__pycache__/scanner.cpython-311.pyc
  inflating: lib/python3.11/json/__pycache__/tool.cpython-311.opt-1.pyc
  inflating: lib/python3.11/json/__pycache__/tool.cpython-311.pyc
  inflating: lib/python3.11/json/encoder.py
  inflating: lib/python3.11/genericpath.py
  inflating: lib/python3.11/nntplib.py
  inflating: lib/python3.11/xml/dom/domreg.py
  inflating: lib/python3.11/xml/dom/minidom.py
  inflating: lib/python3.11/xml/dom/expatbuilder.py
  inflating: lib/python3.11/xml/dom/pulldom.py
  inflating: lib/python3.11/xml/dom/__init__.py
  inflating: lib/python3.11/xml/dom/NodeFilter.py
  inflating: lib/python3.11/xml/dom/minicompat.py
  inflating: lib/python3.11/xml/dom/xmlbuilder.py
  inflating: lib/python3.11/xml/dom/__pycache__/pulldom.cpython-311.opt-1.pyc
  inflating: lib/python3.11/xml/dom/__pycache__/xmlbuilder.cpython-311.opt-1.pyc
  inflating: lib/python3.11/xml/dom/__pycache__/expatbuilder.cpython-311.pyc
  inflating: lib/python3.11/xml/dom/__pycache__/minidom.cpython-311.pyc
  inflating: lib/python3.11/xml/dom/__pycache__/minicompat.cpython-311.opt-1.pyc
  inflating: lib/python3.11/xml/dom/__pycache__/expatbuilder.cpython-311.opt-2.pyc
  inflating: lib/python3.11/xml/dom/__pycache__/minidom.cpython-311.opt-2.pyc
  inflating: lib/python3.11/xml/dom/__pycache__/__init__.cpython-311.opt-1.pyc
  inflating: lib/python3.11/xml/dom/__pycache__/domreg.cpython-311.opt-2.pyc
  inflating: lib/python3.11/xml/dom/__pycache__/NodeFilter.cpython-311.opt-1.pyc
  inflating: lib/python3.11/xml/dom/__pycache__/__init__.cpython-311.pyc
  inflating: lib/python3.11/xml/dom/__pycache__/NodeFilter.cpython-311.opt-2.pyc
  inflating: lib/python3.11/xml/dom/__pycache__/minidom.cpython-311.opt-1.pyc
  inflating: lib/python3.11/xml/dom/__pycache__/minicompat.cpython-311.pyc
  inflating: lib/python3.11/xml/dom/__pycache__/xmlbuilder.cpython-311.pyc
  inflating: lib/python3.11/xml/dom/__pycache__/__init__.cpython-311.opt-2.pyc
  inflating: lib/python3.11/xml/dom/__pycache__/minicompat.cpython-311.opt-2.pyc
  inflating: lib/python3.11/xml/dom/__pycache__/domreg.cpython-311.pyc
  inflating: lib/python3.11/xml/dom/__pycache__/domreg.cpython-311.opt-1.pyc
  inflating: lib/python3.11/xml/dom/__pycache__/NodeFilter.cpython-311.pyc
  inflating: lib/python3.11/xml/dom/__pycache__/pulldom.cpython-311.opt-2.pyc
  inflating: lib/python3.11/xml/dom/__pycache__/pulldom.cpython-311.pyc
  inflating: lib/python3.11/xml/dom/__pycache__/expatbuilder.cpython-311.opt-1.pyc
  inflating: lib/python3.11/xml/dom/__pycache__/xmlbuilder.cpython-311.opt-2.pyc
  inflating: lib/python3.11/xml/etree/ElementPath.py
  inflating: lib/python3.11/xml/etree/ElementTree.py
  inflating: lib/python3.11/xml/etree/__init__.py
  inflating: lib/python3.11/xml/etree/ElementInclude.py
  inflating: lib/python3.11/xml/etree/cElementTree.py
  inflating: lib/python3.11/xml/etree/__pycache__/ElementTree.cpython-311.opt-2.pyc
  inflating: lib/python3.11/xml/etree/__pycache__/ElementTree.cpython-311.pyc
  inflating: lib/python3.11/xml/etree/__pycache__/cElementTree.cpython-311.pyc
  inflating: lib/python3.11/xml/etree/__pycache__/cElementTree.cpython-311.opt-1.pyc
  inflating: lib/python3.11/xml/etree/__pycache__/cElementTree.cpython-311.opt-2.pyc
  inflating: lib/python3.11/xml/etree/__pycache__/__init__.cpython-311.opt-1.pyc
  inflating: lib/python3.11/xml/etree/__pycache__/__init__.cpython-311.pyc
  inflating: lib/python3.11/xml/etree/__pycache__/ElementTree.cpython-311.opt-1.pyc
  inflating: lib/python3.11/xml/etree/__pycache__/__init__.cpython-311.opt-2.pyc
  inflating: lib/python3.11/xml/etree/__pycache__/ElementInclude.cpython-311.pyc
  inflating: lib/python3.11/xml/etree/__pycache__/ElementInclude.cpython-311.opt-1.pyc
  inflating: lib/python3.11/xml/etree/__pycache__/ElementPath.cpython-311.opt-1.pyc
  inflating: lib/python3.11/xml/etree/__pycache__/ElementPath.cpython-311.pyc
  inflating: lib/python3.11/xml/etree/__pycache__/ElementPath.cpython-311.opt-2.pyc
  inflating: lib/python3.11/xml/etree/__pycache__/ElementInclude.cpython-311.opt-2.pyc
  inflating: lib/python3.11/xml/__init__.py
  inflating: lib/python3.11/xml/parsers/expat.py
  inflating: lib/python3.11/xml/parsers/__init__.py
  inflating: lib/python3.11/xml/parsers/__pycache__/expat.cpython-311.opt-1.pyc
  inflating: lib/python3.11/xml/parsers/__pycache__/__init__.cpython-311.opt-1.pyc
  inflating: lib/python3.11/xml/parsers/__pycache__/__init__.cpython-311.pyc
  inflating: lib/python3.11/xml/parsers/__pycache__/expat.cpython-311.pyc
  inflating: lib/python3.11/xml/parsers/__pycache__/__init__.cpython-311.opt-2.pyc
  inflating: lib/python3.11/xml/parsers/__pycache__/expat.cpython-311.opt-2.pyc
  inflating: lib/python3.11/xml/sax/expatreader.py
  inflating: lib/python3.11/xml/sax/xmlreader.py
  inflating: lib/python3.11/xml/sax/__init__.py
  inflating: lib/python3.11/xml/sax/handler.py
  inflating: lib/python3.11/xml/sax/_exceptions.py
  inflating: lib/python3.11/xml/sax/saxutils.py
  inflating: lib/python3.11/xml/sax/__pycache__/expatreader.cpython-311.opt-2.pyc
  inflating: lib/python3.11/xml/sax/__pycache__/saxutils.cpython-311.pyc
  inflating: lib/python3.11/xml/sax/__pycache__/expatreader.cpython-311.pyc
  inflating: lib/python3.11/xml/sax/__pycache__/saxutils.cpython-311.opt-2.pyc
  inflating: lib/python3.11/xml/sax/__pycache__/xmlreader.cpython-311.opt-1.pyc
  inflating: lib/python3.11/xml/sax/__pycache__/xmlreader.cpython-311.pyc
  inflating: lib/python3.11/xml/sax/__pycache__/__init__.cpython-311.opt-1.pyc
  inflating: lib/python3.11/xml/sax/__pycache__/handler.cpython-311.opt-1.pyc
  inflating: lib/python3.11/xml/sax/__pycache__/xmlreader.cpython-311.opt-2.pyc
  inflating: lib/python3.11/xml/sax/__pycache__/__init__.cpython-311.pyc
  inflating: lib/python3.11/xml/sax/__pycache__/handler.cpython-311.pyc
  inflating: lib/python3.11/xml/sax/__pycache__/expatreader.cpython-311.opt-1.pyc
  inflating: lib/python3.11/xml/sax/__pycache__/_exceptions.cpython-311.opt-1.pyc
  inflating: lib/python3.11/xml/sax/__pycache__/__init__.cpython-311.opt-2.pyc
  inflating: lib/python3.11/xml/sax/__pycache__/saxutils.cpython-311.opt-1.pyc
  inflating: lib/python3.11/xml/sax/__pycache__/_exceptions.cpython-311.pyc
  inflating: lib/python3.11/xml/sax/__pycache__/handler.cpython-311.opt-2.pyc
  inflating: lib/python3.11/xml/sax/__pycache__/_exceptions.cpython-311.opt-2.pyc
  inflating: lib/python3.11/xml/__pycache__/__init__.cpython-311.opt-1.pyc
  inflating: lib/python3.11/xml/__pycache__/__init__.cpython-311.pyc
  inflating: lib/python3.11/xml/__pycache__/__init__.cpython-311.opt-2.pyc
  inflating: lib/python3.11/email/policy.py
  inflating: lib/python3.11/email/generator.py
  inflating: lib/python3.11/email/iterators.py
  inflating: lib/python3.11/email/feedparser.py
  inflating: lib/python3.11/email/parser.py
  inflating: lib/python3.11/email/_parseaddr.py
  inflating: lib/python3.11/email/__init__.py
  inflating: lib/python3.11/email/header.py
  inflating: lib/python3.11/email/base64mime.py
  inflating: lib/python3.11/email/headerregistry.py
  inflating: lib/python3.11/email/architecture.rst
  inflating: lib/python3.11/email/quoprimime.py
  inflating: lib/python3.11/email/contentmanager.py
  inflating: lib/python3.11/email/mime/application.py
  inflating: lib/python3.11/email/mime/audio.py
  inflating: lib/python3.11/email/mime/nonmultipart.py
  inflating: lib/python3.11/email/mime/multipart.py
  inflating: lib/python3.11/email/mime/image.py
  inflating: lib/python3.11/email/mime/__init__.py
  inflating: lib/python3.11/email/mime/text.py
  inflating: lib/python3.11/email/mime/base.py
  inflating: lib/python3.11/email/mime/message.py
  inflating: lib/python3.11/email/mime/__pycache__/text.cpython-311.opt-1.pyc
  inflating: lib/python3.11/email/mime/__pycache__/nonmultipart.cpython-311.pyc
  inflating: lib/python3.11/email/mime/__pycache__/application.cpython-311.opt-2.pyc
  inflating: lib/python3.11/email/mime/__pycache__/base.cpython-311.pyc
  inflating: lib/python3.11/email/mime/__pycache__/text.cpython-311.pyc
  inflating: lib/python3.11/email/mime/__pycache__/multipart.cpython-311.opt-1.pyc
  inflating: lib/python3.11/email/mime/__pycache__/image.cpython-311.opt-2.pyc
  inflating: lib/python3.11/email/mime/__pycache__/base.cpython-311.opt-1.pyc
  inflating: lib/python3.11/email/mime/__pycache__/base.cpython-311.opt-2.pyc
  inflating: lib/python3.11/email/mime/__pycache__/message.cpython-311.opt-1.pyc
  inflating: lib/python3.11/email/mime/__pycache__/__init__.cpython-311.opt-1.pyc
  inflating: lib/python3.11/email/mime/__pycache__/message.cpython-311.opt-2.pyc
  inflating: lib/python3.11/email/mime/__pycache__/__init__.cpython-311.pyc
  inflating: lib/python3.11/email/mime/__pycache__/nonmultipart.cpython-311.opt-1.pyc
  inflating: lib/python3.11/email/mime/__pycache__/multipart.cpython-311.pyc
  inflating: lib/python3.11/email/mime/__pycache__/nonmultipart.cpython-311.opt-2.pyc
  inflating: lib/python3.11/email/mime/__pycache__/multipart.cpython-311.opt-2.pyc
  inflating: lib/python3.11/email/mime/__pycache__/image.cpython-311.pyc
  inflating: lib/python3.11/email/mime/__pycache__/text.cpython-311.opt-2.pyc
  inflating: lib/python3.11/email/mime/__pycache__/image.cpython-311.opt-1.pyc
  inflating: lib/python3.11/email/mime/__pycache__/audio.cpython-311.opt-1.pyc
  inflating: lib/python3.11/email/mime/__pycache__/__init__.cpython-311.opt-2.pyc
  inflating: lib/python3.11/email/mime/__pycache__/message.cpython-311.pyc
  inflating: lib/python3.11/email/mime/__pycache__/application.cpython-311.pyc
  inflating: lib/python3.11/email/mime/__pycache__/audio.cpython-311.opt-2.pyc
  inflating: lib/python3.11/email/mime/__pycache__/audio.cpython-311.pyc
  inflating: lib/python3.11/email/mime/__pycache__/application.cpython-311.opt-1.pyc
  inflating: lib/python3.11/email/encoders.py
  inflating: lib/python3.11/email/charset.py
  inflating: lib/python3.11/email/errors.py
  inflating: lib/python3.11/email/message.py
  inflating: lib/python3.11/email/__pycache__/header.cpython-311.opt-1.pyc
  inflating: lib/python3.11/email/__pycache__/_header_value_parser.cpython-311.opt-1.pyc
  inflating: lib/python3.11/email/__pycache__/encoders.cpython-311.opt-1.pyc
  inflating: lib/python3.11/email/__pycache__/utils.cpython-311.opt-1.pyc
  inflating: lib/python3.11/email/__pycache__/encoders.cpython-311.opt-2.pyc
  inflating: lib/python3.11/email/__pycache__/base64mime.cpython-311.opt-2.pyc
  inflating: lib/python3.11/email/__pycache__/_encoded_words.cpython-311.opt-2.pyc
  inflating: lib/python3.11/email/__pycache__/errors.cpython-311.opt-2.pyc
  inflating: lib/python3.11/email/__pycache__/base64mime.cpython-311.pyc
  inflating: lib/python3.11/email/__pycache__/charset.cpython-311.pyc
  inflating: lib/python3.11/email/__pycache__/feedparser.cpython-311.opt-1.pyc
  inflating: lib/python3.11/email/__pycache__/headerregistry.cpython-311.opt-1.pyc
  inflating: lib/python3.11/email/__pycache__/header.cpython-311.pyc
  inflating: lib/python3.11/email/__pycache__/message.cpython-311.opt-1.pyc
  inflating: lib/python3.11/email/__pycache__/_header_value_parser.cpython-311.pyc
  inflating: lib/python3.11/email/__pycache__/errors.cpython-311.pyc
  inflating: lib/python3.11/email/__pycache__/encoders.cpython-311.pyc
  inflating: lib/python3.11/email/__pycache__/__init__.cpython-311.opt-1.pyc
  inflating: lib/python3.11/email/__pycache__/_parseaddr.cpython-311.pyc
  inflating: lib/python3.11/email/__pycache__/message.cpython-311.opt-2.pyc
  inflating: lib/python3.11/email/__pycache__/iterators.cpython-311.pyc
  inflating: lib/python3.11/email/__pycache__/utils.cpython-311.pyc
  inflating: lib/python3.11/email/__pycache__/feedparser.cpython-311.opt-2.pyc
  inflating: lib/python3.11/email/__pycache__/charset.cpython-311.opt-2.pyc
  inflating: lib/python3.11/email/__pycache__/parser.cpython-311.opt-2.pyc
  inflating: lib/python3.11/email/__pycache__/__init__.cpython-311.pyc
  inflating: lib/python3.11/email/__pycache__/_policybase.cpython-311.opt-2.pyc
  inflating: lib/python3.11/email/__pycache__/contentmanager.cpython-311.pyc
  inflating: lib/python3.11/email/__pycache__/_parseaddr.cpython-311.opt-1.pyc
  inflating: lib/python3.11/email/__pycache__/generator.cpython-311.opt-1.pyc
  inflating: lib/python3.11/email/__pycache__/feedparser.cpython-311.pyc
  inflating: lib/python3.11/email/__pycache__/headerregistry.cpython-311.pyc
  inflating: lib/python3.11/email/__pycache__/charset.cpython-311.opt-1.pyc
  inflating: lib/python3.11/email/__pycache__/_policybase.cpython-311.pyc
  inflating: lib/python3.11/email/__pycache__/generator.cpython-311.pyc
  inflating: lib/python3.11/email/__pycache__/quoprimime.cpython-311.opt-1.pyc
  inflating: lib/python3.11/email/__pycache__/base64mime.cpython-311.opt-1.pyc
  inflating: lib/python3.11/email/__pycache__/policy.cpython-311.opt-2.pyc
  inflating: lib/python3.11/email/__pycache__/headerregistry.cpython-311.opt-2.pyc
  inflating: lib/python3.11/email/__pycache__/contentmanager.cpython-311.opt-1.pyc
  inflating: lib/python3.11/email/__pycache__/parser.cpython-311.pyc
  inflating: lib/python3.11/email/__pycache__/__init__.cpython-311.opt-2.pyc
  inflating: lib/python3.11/email/__pycache__/header.cpython-311.opt-2.pyc
  inflating: lib/python3.11/email/__pycache__/contentmanager.cpython-311.opt-2.pyc
  inflating: lib/python3.11/email/__pycache__/message.cpython-311.pyc
  inflating: lib/python3.11/email/__pycache__/policy.cpython-311.opt-1.pyc
  inflating: lib/python3.11/email/__pycache__/_encoded_words.cpython-311.pyc
  inflating: lib/python3.11/email/__pycache__/iterators.cpython-311.opt-2.pyc
  inflating: lib/python3.11/email/__pycache__/quoprimime.cpython-311.opt-2.pyc
  inflating: lib/python3.11/email/__pycache__/_policybase.cpython-311.opt-1.pyc
  inflating: lib/python3.11/email/__pycache__/_header_value_parser.cpython-311.opt-2.pyc
  inflating: lib/python3.11/email/__pycache__/_encoded_words.cpython-311.opt-1.pyc
  inflating: lib/python3.11/email/__pycache__/iterators.cpython-311.opt-1.pyc
  inflating: lib/python3.11/email/__pycache__/_parseaddr.cpython-311.opt-2.pyc
  inflating: lib/python3.11/email/__pycache__/policy.cpython-311.pyc
  inflating: lib/python3.11/email/__pycache__/parser.cpython-311.opt-1.pyc
  inflating: lib/python3.11/email/__pycache__/errors.cpython-311.opt-1.pyc
  inflating: lib/python3.11/email/__pycache__/utils.cpython-311.opt-2.pyc
  inflating: lib/python3.11/email/__pycache__/quoprimime.cpython-311.pyc
  inflating: lib/python3.11/email/__pycache__/generator.cpython-311.opt-2.pyc
  inflating: lib/python3.11/email/utils.py
  inflating: lib/python3.11/email/_encoded_words.py
  inflating: lib/python3.11/email/_policybase.py
  inflating: lib/python3.11/email/_header_value_parser.py
  inflating: lib/python3.11/ast.py
  inflating: lib/python3.11/cgitb.py
  inflating: lib/python3.11/gzip.py
  inflating: lib/python3.11/graphlib.py
  inflating: lib/python3.11/_py_abc.py
  inflating: lib/python3.11/cProfile.py
  inflating: lib/python3.11/quopri.py
  inflating: lib/python3.11/traceback.py
  inflating: lib/python3.11/_weakrefset.py
  inflating: lib/python3.11/encodings/iso8859_13.py
  inflating: lib/python3.11/encodings/iso8859_11.py
  inflating: lib/python3.11/encodings/koi8_u.py
  inflating: lib/python3.11/encodings/cp720.py
  inflating: lib/python3.11/encodings/mac_greek.py
  inflating: lib/python3.11/encodings/cp737.py
  inflating: lib/python3.11/encodings/big5hkscs.py
  inflating: lib/python3.11/encodings/cp1006.py
  inflating: lib/python3.11/encodings/base64_codec.py
  inflating: lib/python3.11/encodings/cp866.py
  inflating: lib/python3.11/encodings/iso2022_jp.py
  inflating: lib/python3.11/encodings/johab.py
  inflating: lib/python3.11/encodings/cp437.py
  inflating: lib/python3.11/encodings/uu_codec.py
  inflating: lib/python3.11/encodings/iso8859_1.py
  inflating: lib/python3.11/encodings/cp869.py
  inflating: lib/python3.11/encodings/hex_codec.py
  inflating: lib/python3.11/encodings/utf_32.py
  inflating: lib/python3.11/encodings/shift_jis.py
  inflating: lib/python3.11/encodings/iso8859_10.py
  inflating: lib/python3.11/encodings/hp_roman8.py
  inflating: lib/python3.11/encodings/cp1253.py
  inflating: lib/python3.11/encodings/iso8859_9.py
  inflating: lib/python3.11/encodings/cp855.py
  inflating: lib/python3.11/encodings/mac_romanian.py
  inflating: lib/python3.11/encodings/cp1255.py
  inflating: lib/python3.11/encodings/iso8859_3.py
  inflating: lib/python3.11/encodings/cp875.py
  inflating: lib/python3.11/encodings/cp1026.py
  inflating: lib/python3.11/encodings/cp1125.py
  inflating: lib/python3.11/encodings/iso8859_5.py
  inflating: lib/python3.11/encodings/palmos.py
  inflating: lib/python3.11/encodings/euc_jisx0213.py
  inflating: lib/python3.11/encodings/cp424.py
  inflating: lib/python3.11/encodings/latin_1.py
  inflating: lib/python3.11/encodings/iso8859_6.py
  inflating: lib/python3.11/encodings/cp850.py
  inflating: lib/python3.11/encodings/idna.py
  inflating: lib/python3.11/encodings/iso2022_jp_2.py
  inflating: lib/python3.11/encodings/cp1251.py
  inflating: lib/python3.11/encodings/punycode.py
  inflating: lib/python3.11/encodings/euc_jis_2004.py
  inflating: lib/python3.11/encodings/cp1250.py
  inflating: lib/python3.11/encodings/euc_kr.py
  inflating: lib/python3.11/encodings/shift_jisx0213.py
  inflating: lib/python3.11/encodings/cp1258.py
  inflating: lib/python3.11/encodings/iso2022_kr.py
  inflating: lib/python3.11/encodings/quopri_codec.py
  inflating: lib/python3.11/encodings/cp865.py
  inflating: lib/python3.11/encodings/cp863.py
  inflating: lib/python3.11/encodings/__init__.py
  inflating: lib/python3.11/encodings/mac_cyrillic.py
  inflating: lib/python3.11/encodings/mac_latin2.py
  inflating: lib/python3.11/encodings/mac_roman.py
  inflating: lib/python3.11/encodings/hz.py
  inflating: lib/python3.11/encodings/mbcs.py
  inflating: lib/python3.11/encodings/utf_32_be.py
  inflating: lib/python3.11/encodings/mac_iceland.py
  inflating: lib/python3.11/encodings/cp1252.py
  inflating: lib/python3.11/encodings/iso8859_16.py
  inflating: lib/python3.11/encodings/iso2022_jp_1.py
  inflating: lib/python3.11/encodings/cp949.py
  inflating: lib/python3.11/encodings/iso8859_7.py
  inflating: lib/python3.11/encodings/mac_arabic.py
  inflating: lib/python3.11/encodings/gb2312.py
  inflating: lib/python3.11/encodings/utf_7.py
  inflating: lib/python3.11/encodings/cp932.py
  inflating: lib/python3.11/encodings/iso2022_jp_ext.py
  inflating: lib/python3.11/encodings/aliases.py
  inflating: lib/python3.11/encodings/iso8859_4.py
  inflating: lib/python3.11/encodings/raw_unicode_escape.py
  inflating: lib/python3.11/encodings/kz1048.py
  inflating: lib/python3.11/encodings/cp858.py
  inflating: lib/python3.11/encodings/rot_13.py
  inflating: lib/python3.11/encodings/gb18030.py
  inflating: lib/python3.11/encodings/iso8859_15.py
  inflating: lib/python3.11/encodings/mac_farsi.py
  inflating: lib/python3.11/encodings/cp862.py
  inflating: lib/python3.11/encodings/cp856.py
  inflating: lib/python3.11/encodings/mac_turkish.py
  inflating: lib/python3.11/encodings/cp861.py
  inflating: lib/python3.11/encodings/tis_620.py
  inflating: lib/python3.11/encodings/oem.py
  inflating: lib/python3.11/encodings/koi8_r.py
  inflating: lib/python3.11/encodings/cp1140.py
  inflating: lib/python3.11/encodings/cp857.py
  inflating: lib/python3.11/encodings/iso8859_14.py
  inflating: lib/python3.11/encodings/iso2022_jp_3.py
  inflating: lib/python3.11/encodings/undefined.py
  inflating: lib/python3.11/encodings/utf_16_le.py
  inflating: lib/python3.11/encodings/cp273.py
  inflating: lib/python3.11/encodings/utf_8.py
  inflating: lib/python3.11/encodings/big5.py
  inflating: lib/python3.11/encodings/utf_32_le.py
  inflating: lib/python3.11/encodings/charmap.py
  inflating: lib/python3.11/encodings/iso8859_8.py
  inflating: lib/python3.11/encodings/cp500.py
  inflating: lib/python3.11/encodings/cp950.py
  inflating: lib/python3.11/encodings/unicode_escape.py
  inflating: lib/python3.11/encodings/cp860.py
  inflating: lib/python3.11/encodings/utf_8_sig.py
  inflating: lib/python3.11/encodings/cp874.py
  inflating: lib/python3.11/encodings/cp852.py
  inflating: lib/python3.11/encodings/cp864.py
  inflating: lib/python3.11/encodings/gbk.py
  inflating: lib/python3.11/encodings/zlib_codec.py
  inflating: lib/python3.11/encodings/cp1256.py
  inflating: lib/python3.11/encodings/shift_jis_2004.py
  inflating: lib/python3.11/encodings/euc_jp.py
  inflating: lib/python3.11/encodings/ptcp154.py
  inflating: lib/python3.11/encodings/__pycache__/iso8859_1.cpython-311.pyc
  inflating: lib/python3.11/encodings/__pycache__/cp858.cpython-311.opt-2.pyc
  inflating: lib/python3.11/encodings/__pycache__/iso8859_3.cpython-311.opt-1.pyc
  inflating: lib/python3.11/encodings/__pycache__/cp1026.cpython-311.opt-2.pyc
  inflating: lib/python3.11/encodings/__pycache__/iso8859_3.cpython-311.pyc
  inflating: lib/python3.11/encodings/__pycache__/hex_codec.cpython-311.opt-1.pyc
  inflating: lib/python3.11/encodings/__pycache__/iso2022_jp_3.cpython-311.pyc
  inflating: lib/python3.11/encodings/__pycache__/gbk.cpython-311.pyc
  inflating: lib/python3.11/encodings/__pycache__/unicode_escape.cpython-311.opt-2.pyc
  inflating: lib/python3.11/encodings/__pycache__/cp855.cpython-311.pyc
  inflating: lib/python3.11/encodings/__pycache__/punycode.cpython-311.opt-2.pyc
  inflating: lib/python3.11/encodings/__pycache__/cp850.cpython-311.pyc
  inflating: lib/python3.11/encodings/__pycache__/koi8_r.cpython-311.opt-2.pyc
  inflating: lib/python3.11/encodings/__pycache__/utf_16.cpython-311.opt-2.pyc
  inflating: lib/python3.11/encodings/__pycache__/hp_roman8.cpython-311.opt-2.pyc
  inflating: lib/python3.11/encodings/__pycache__/euc_jisx0213.cpython-311.opt-1.pyc
  inflating: lib/python3.11/encodings/__pycache__/cp1256.cpython-311.opt-1.pyc
  inflating: lib/python3.11/encodings/__pycache__/idna.cpython-311.pyc
  inflating: lib/python3.11/encodings/__pycache__/koi8_r.cpython-311.pyc
  inflating: lib/python3.11/encodings/__pycache__/johab.cpython-311.opt-2.pyc
  inflating: lib/python3.11/encodings/__pycache__/iso8859_10.cpython-311.opt-1.pyc
  inflating: lib/python3.11/encodings/__pycache__/quopri_codec.cpython-311.opt-1.pyc
  inflating: lib/python3.11/encodings/__pycache__/cp273.cpython-311.opt-1.pyc
  inflating: lib/python3.11/encodings/__pycache__/cp874.cpython-311.opt-2.pyc
  inflating: lib/python3.11/encodings/__pycache__/shift_jis_2004.cpython-311.opt-2.pyc
  inflating: lib/python3.11/encodings/__pycache__/hex_codec.cpython-311.opt-2.pyc
  inflating: lib/python3.11/encodings/__pycache__/unicode_escape.cpython-311.opt-1.pyc
  inflating: lib/python3.11/encodings/__pycache__/shift_jis_2004.cpython-311.opt-1.pyc
  inflating: lib/python3.11/encodings/__pycache__/iso8859_5.cpython-311.opt-1.pyc
  inflating: lib/python3.11/encodings/__pycache__/ascii.cpython-311.opt-2.pyc
  inflating: lib/python3.11/encodings/__pycache__/cp865.cpython-311.opt-2.pyc
  inflating: lib/python3.11/encodings/__pycache__/cp874.cpython-311.opt-1.pyc
  inflating: lib/python3.11/encodings/__pycache__/cp861.cpython-311.opt-2.pyc
  inflating: lib/python3.11/encodings/__pycache__/euc_kr.cpython-311.opt-2.pyc
  inflating: lib/python3.11/encodings/__pycache__/undefined.cpython-311.pyc
  inflating: lib/python3.11/encodings/__pycache__/rot_13.cpython-311.pyc
  inflating: lib/python3.11/encodings/__pycache__/mac_roman.cpython-311.opt-2.pyc
  inflating: lib/python3.11/encodings/__pycache__/iso2022_kr.cpython-311.pyc
  inflating: lib/python3.11/encodings/__pycache__/shift_jis.cpython-311.opt-2.pyc
  inflating: lib/python3.11/encodings/__pycache__/cp1140.cpython-311.opt-2.pyc
  inflating: lib/python3.11/encodings/__pycache__/iso8859_9.cpython-311.opt-1.pyc
  inflating: lib/python3.11/encodings/__pycache__/euc_jis_2004.cpython-311.pyc
  inflating: lib/python3.11/encodings/__pycache__/mac_croatian.cpython-311.opt-2.pyc
  inflating: lib/python3.11/encodings/__pycache__/palmos.cpython-311.opt-1.pyc
  inflating: lib/python3.11/encodings/__pycache__/cp857.cpython-311.opt-2.pyc
  inflating: lib/python3.11/encodings/__pycache__/cp856.cpython-311.pyc
  inflating: lib/python3.11/encodings/__pycache__/oem.cpython-311.pyc
  inflating: lib/python3.11/encodings/__pycache__/euc_kr.cpython-311.pyc
  inflating: lib/python3.11/encodings/__pycache__/cp852.cpython-311.opt-1.pyc
  inflating: lib/python3.11/encodings/__pycache__/cp273.cpython-311.pyc
  inflating: lib/python3.11/encodings/__pycache__/cp861.cpython-311.pyc
  inflating: lib/python3.11/encodings/__pycache__/cp500.cpython-311.opt-2.pyc
  inflating: lib/python3.11/encodings/__pycache__/mac_farsi.cpython-311.pyc
  inflating: lib/python3.11/encodings/__pycache__/iso2022_jp.cpython-311.opt-2.pyc
  inflating: lib/python3.11/encodings/__pycache__/cp1026.cpython-311.pyc
  inflating: lib/python3.11/encodings/__pycache__/mac_cyrillic.cpython-311.opt-1.pyc
  inflating: lib/python3.11/encodings/__pycache__/zlib_codec.cpython-311.opt-1.pyc
  inflating: lib/python3.11/encodings/__pycache__/mac_iceland.cpython-311.pyc
  inflating: lib/python3.11/encodings/__pycache__/iso2022_jp_2004.cpython-311.pyc
  inflating: lib/python3.11/encodings/__pycache__/cp1258.cpython-311.opt-1.pyc
  inflating: lib/python3.11/encodings/__pycache__/mac_greek.cpython-311.opt-2.pyc
  inflating: lib/python3.11/encodings/__pycache__/ascii.cpython-311.opt-1.pyc
  inflating: lib/python3.11/encodings/__pycache__/cp855.cpython-311.opt-2.pyc
  inflating: lib/python3.11/encodings/__pycache__/cp864.cpython-311.pyc
  inflating: lib/python3.11/encodings/__pycache__/cp1250.cpython-311.opt-1.pyc
  inflating: lib/python3.11/encodings/__pycache__/cp866.cpython-311.pyc
  inflating: lib/python3.11/encodings/__pycache__/cp1006.cpython-311.opt-2.pyc
  inflating: lib/python3.11/encodings/__pycache__/cp863.cpython-311.opt-2.pyc
  inflating: lib/python3.11/encodings/__pycache__/cp737.cpython-311.opt-1.pyc
  inflating: lib/python3.11/encodings/__pycache__/cp866.cpython-311.opt-2.pyc
  inflating: lib/python3.11/encodings/__pycache__/cp775.cpython-311.opt-1.pyc
  inflating: lib/python3.11/encodings/__pycache__/iso8859_4.cpython-311.pyc
  inflating: lib/python3.11/encodings/__pycache__/mac_farsi.cpython-311.opt-2.pyc
  inflating: lib/python3.11/encodings/__pycache__/hex_codec.cpython-311.pyc
  inflating: lib/python3.11/encodings/__pycache__/mbcs.cpython-311.opt-1.pyc
  inflating: lib/python3.11/encodings/__pycache__/zlib_codec.cpython-311.pyc
  inflating: lib/python3.11/encodings/__pycache__/latin_1.cpython-311.opt-2.pyc
  inflating: lib/python3.11/encodings/__pycache__/cp424.cpython-311.opt-2.pyc
  inflating: lib/python3.11/encodings/__pycache__/iso8859_7.cpython-311.opt-1.pyc
  inflating: lib/python3.11/encodings/__pycache__/cp852.cpython-311.pyc
  inflating: lib/python3.11/encodings/__pycache__/cp737.cpython-311.pyc
  inflating: lib/python3.11/encodings/__pycache__/iso2022_jp_1.cpython-311.pyc
  inflating: lib/python3.11/encodings/__pycache__/iso2022_kr.cpython-311.opt-1.pyc
  inflating: lib/python3.11/encodings/__pycache__/iso2022_jp_3.cpython-311.opt-1.pyc
  inflating: lib/python3.11/encodings/__pycache__/mac_romanian.cpython-311.opt-2.pyc
  inflating: lib/python3.11/encodings/__pycache__/unicode_escape.cpython-311.pyc
  inflating: lib/python3.11/encodings/__pycache__/iso8859_3.cpython-311.opt-2.pyc
  inflating: lib/python3.11/encodings/__pycache__/mbcs.cpython-311.pyc
  inflating: lib/python3.11/encodings/__pycache__/cp1254.cpython-311.opt-2.pyc
  inflating: lib/python3.11/encodings/__pycache__/cp858.cpython-311.pyc
  inflating: lib/python3.11/encodings/__pycache__/cp1250.cpython-311.pyc
  inflating: lib/python3.11/encodings/__pycache__/cp856.cpython-311.opt-2.pyc
  inflating: lib/python3.11/encodings/__pycache__/utf_16_le.cpython-311.opt-1.pyc
  inflating: lib/python3.11/encodings/__pycache__/palmos.cpython-311.opt-2.pyc
  inflating: lib/python3.11/encodings/__pycache__/mac_turkish.cpython-311.pyc
  inflating: lib/python3.11/encodings/__pycache__/cp273.cpython-311.opt-2.pyc
  inflating: lib/python3.11/encodings/__pycache__/rot_13.cpython-311.opt-2.pyc
  inflating: lib/python3.11/encodings/__pycache__/cp720.cpython-311.opt-1.pyc
  inflating: lib/python3.11/encodings/__pycache__/koi8_u.cpython-311.opt-2.pyc
  inflating: lib/python3.11/encodings/__pycache__/cp860.cpython-311.opt-1.pyc
  inflating: lib/python3.11/encodings/__pycache__/cp860.cpython-311.pyc
  inflating: lib/python3.11/encodings/__pycache__/iso8859_13.cpython-311.pyc
  inflating: lib/python3.11/encodings/__pycache__/cp500.cpython-311.opt-1.pyc
  inflating: lib/python3.11/encodings/__pycache__/utf_32_le.cpython-311.opt-1.pyc
  inflating: lib/python3.11/encodings/__pycache__/utf_32_be.cpython-311.opt-2.pyc
  inflating: lib/python3.11/encodings/__pycache__/cp862.cpython-311.opt-1.pyc
  inflating: lib/python3.11/encodings/__pycache__/iso2022_jp_ext.cpython-311.pyc
  inflating: lib/python3.11/encodings/__pycache__/__init__.cpython-311.opt-1.pyc
  inflating: lib/python3.11/encodings/__pycache__/shift_jisx0213.cpython-311.pyc
  inflating: lib/python3.11/encodings/__pycache__/utf_8_sig.cpython-311.pyc
  inflating: lib/python3.11/encodings/__pycache__/cp875.cpython-311.opt-2.pyc
  inflating: lib/python3.11/encodings/__pycache__/iso2022_jp.cpython-311.opt-1.pyc
  inflating: lib/python3.11/encodings/__pycache__/cp1255.cpython-311.pyc
  inflating: lib/python3.11/encodings/__pycache__/aliases.cpython-311.opt-2.pyc
  inflating: lib/python3.11/encodings/__pycache__/iso2022_jp_2.cpython-311.opt-2.pyc
  inflating: lib/python3.11/encodings/__pycache__/iso8859_7.cpython-311.pyc
  inflating: lib/python3.11/encodings/__pycache__/bz2_codec.cpython-311.pyc
  inflating: lib/python3.11/encodings/__pycache__/iso8859_4.cpython-311.opt-2.pyc
  inflating: lib/python3.11/encodings/__pycache__/mac_latin2.cpython-311.opt-1.pyc
  inflating: lib/python3.11/encodings/__pycache__/iso8859_8.cpython-311.pyc
  inflating: lib/python3.11/encodings/__pycache__/cp932.cpython-311.opt-1.pyc
  inflating: lib/python3.11/encodings/__pycache__/cp932.cpython-311.opt-2.pyc
  inflating: lib/python3.11/encodings/__pycache__/iso2022_jp_2.cpython-311.pyc
  inflating: lib/python3.11/encodings/__pycache__/idna.cpython-311.opt-1.pyc
  inflating: lib/python3.11/encodings/__pycache__/cp1125.cpython-311.opt-2.pyc
  inflating: lib/python3.11/encodings/__pycache__/kz1048.cpython-311.pyc
  inflating: lib/python3.11/encodings/__pycache__/cp500.cpython-311.pyc
  inflating: lib/python3.11/encodings/__pycache__/uu_codec.cpython-311.opt-2.pyc
  inflating: lib/python3.11/encodings/__pycache__/utf_32.cpython-311.pyc
  inflating: lib/python3.11/encodings/__pycache__/cp874.cpython-311.pyc
  inflating: lib/python3.11/encodings/__pycache__/aliases.cpython-311.pyc
  inflating: lib/python3.11/encodings/__pycache__/aliases.cpython-311.opt-1.pyc
  inflating: lib/python3.11/encodings/__pycache__/latin_1.cpython-311.pyc
  inflating: lib/python3.11/encodings/__pycache__/cp875.cpython-311.opt-1.pyc
  inflating: lib/python3.11/encodings/__pycache__/iso8859_8.cpython-311.opt-1.pyc
  inflating: lib/python3.11/encodings/__pycache__/mac_turkish.cpython-311.opt-1.pyc
  inflating: lib/python3.11/encodings/__pycache__/koi8_t.cpython-311.pyc
  inflating: lib/python3.11/encodings/__pycache__/charmap.cpython-311.opt-2.pyc
  inflating: lib/python3.11/encodings/__pycache__/big5hkscs.cpython-311.pyc
  inflating: lib/python3.11/encodings/__pycache__/mbcs.cpython-311.opt-2.pyc
  inflating: lib/python3.11/encodings/__pycache__/latin_1.cpython-311.opt-1.pyc
  inflating: lib/python3.11/encodings/__pycache__/hz.cpython-311.pyc
  inflating: lib/python3.11/encodings/__pycache__/cp1251.cpython-311.pyc
  inflating: lib/python3.11/encodings/__pycache__/utf_32_be.cpython-311.opt-1.pyc
  inflating: lib/python3.11/encodings/__pycache__/cp865.cpython-311.pyc
  inflating: lib/python3.11/encodings/__pycache__/raw_unicode_escape.cpython-311.opt-1.pyc
  inflating: lib/python3.11/encodings/__pycache__/base64_codec.cpython-311.opt-2.pyc
  inflating: lib/python3.11/encodings/__pycache__/cp1026.cpython-311.opt-1.pyc
  inflating: lib/python3.11/encodings/__pycache__/cp855.cpython-311.opt-1.pyc
  inflating: lib/python3.11/encodings/__pycache__/bz2_codec.cpython-311.opt-2.pyc
  inflating: lib/python3.11/encodings/__pycache__/kz1048.cpython-311.opt-1.pyc
  inflating: lib/python3.11/encodings/__pycache__/cp775.cpython-311.pyc
  inflating: lib/python3.11/encodings/__pycache__/cp1006.cpython-311.opt-1.pyc
  inflating: lib/python3.11/encodings/__pycache__/utf_8.cpython-311.opt-2.pyc
  inflating: lib/python3.11/encodings/__pycache__/utf_32.cpython-311.opt-1.pyc
  inflating: lib/python3.11/encodings/__pycache__/raw_unicode_escape.cpython-311.opt-2.pyc
  inflating: lib/python3.11/encodings/__pycache__/__init__.cpython-311.pyc
  inflating: lib/python3.11/encodings/__pycache__/iso2022_jp_2004.cpython-311.opt-1.pyc
  inflating: lib/python3.11/encodings/__pycache__/johab.cpython-311.pyc
  inflating: lib/python3.11/encodings/__pycache__/gb2312.cpython-311.opt-2.pyc
  inflating: lib/python3.11/encodings/__pycache__/oem.cpython-311.opt-2.pyc
  inflating: lib/python3.11/encodings/__pycache__/utf_32.cpython-311.opt-2.pyc
  inflating: lib/python3.11/encodings/__pycache__/cp1140.cpython-311.pyc
  inflating: lib/python3.11/encodings/__pycache__/hz.cpython-311.opt-2.pyc
  inflating: lib/python3.11/encodings/__pycache__/hp_roman8.cpython-311.pyc
  inflating: lib/python3.11/encodings/__pycache__/cp869.cpython-311.opt-2.pyc
  inflating: lib/python3.11/encodings/__pycache__/hz.cpython-311.opt-1.pyc
  inflating: lib/python3.11/encodings/__pycache__/cp1257.cpython-311.opt-2.pyc
  inflating: lib/python3.11/encodings/__pycache__/utf_32_le.cpython-311.pyc
  inflating: lib/python3.11/encodings/__pycache__/cp037.cpython-311.opt-2.pyc
  inflating: lib/python3.11/encodings/__pycache__/mac_croatian.cpython-311.pyc
  inflating: lib/python3.11/encodings/__pycache__/cp1256.cpython-311.pyc
  inflating: lib/python3.11/encodings/__pycache__/cp1258.cpython-311.pyc
  inflating: lib/python3.11/encodings/__pycache__/cp1253.cpython-311.opt-2.pyc
  inflating: lib/python3.11/encodings/__pycache__/cp852.cpython-311.opt-2.pyc
  inflating: lib/python3.11/encodings/__pycache__/iso8859_6.cpython-311.pyc
  inflating: lib/python3.11/encodings/__pycache__/cp949.cpython-311.opt-2.pyc
  inflating: lib/python3.11/encodings/__pycache__/big5.cpython-311.opt-2.pyc
  inflating: lib/python3.11/encodings/__pycache__/iso8859_8.cpython-311.opt-2.pyc
  inflating: lib/python3.11/encodings/__pycache__/quopri_codec.cpython-311.opt-2.pyc
  inflating: lib/python3.11/encodings/__pycache__/iso8859_11.cpython-311.opt-2.pyc
  inflating: lib/python3.11/encodings/__pycache__/cp875.cpython-311.pyc
  inflating: lib/python3.11/encodings/__pycache__/iso2022_jp_1.cpython-311.opt-2.pyc
  inflating: lib/python3.11/encodings/__pycache__/cp437.cpython-311.opt-2.pyc
  inflating: lib/python3.11/encodings/__pycache__/uu_codec.cpython-311.opt-1.pyc
  inflating: lib/python3.11/encodings/__pycache__/mac_romanian.cpython-311.opt-1.pyc
  inflating: lib/python3.11/encodings/__pycache__/kz1048.cpython-311.opt-2.pyc
  inflating: lib/python3.11/encodings/__pycache__/cp1252.cpython-311.opt-1.pyc
  inflating: lib/python3.11/encodings/__pycache__/cp1140.cpython-311.opt-1.pyc
  inflating: lib/python3.11/encodings/__pycache__/utf_16.cpython-311.pyc
  inflating: lib/python3.11/encodings/__pycache__/utf_8_sig.cpython-311.opt-1.pyc
  inflating: lib/python3.11/encodings/__pycache__/utf_16_le.cpython-311.pyc
  inflating: lib/python3.11/encodings/__pycache__/cp720.cpython-311.pyc
  inflating: lib/python3.11/encodings/__pycache__/gb2312.cpython-311.pyc
  inflating: lib/python3.11/encodings/__pycache__/mac_arabic.cpython-311.pyc
  inflating: lib/python3.11/encodings/__pycache__/mac_iceland.cpython-311.opt-2.pyc
  inflating: lib/python3.11/encodings/__pycache__/cp856.cpython-311.opt-1.pyc
  inflating: lib/python3.11/encodings/__pycache__/charmap.cpython-311.pyc
  inflating: lib/python3.11/encodings/__pycache__/cp424.cpython-311.opt-1.pyc
  inflating: lib/python3.11/encodings/__pycache__/iso8859_1.cpython-311.opt-2.pyc
  inflating: lib/python3.11/encodings/__pycache__/mac_turkish.cpython-311.opt-2.pyc
  inflating: lib/python3.11/encodings/__pycache__/cp1253.cpython-311.pyc
  inflating: lib/python3.11/encodings/__pycache__/iso8859_9.cpython-311.opt-2.pyc
  inflating: lib/python3.11/encodings/__pycache__/iso2022_jp_1.cpython-311.opt-1.pyc
  inflating: lib/python3.11/encodings/__pycache__/iso8859_6.cpython-311.opt-2.pyc
  inflating: lib/python3.11/encodings/__pycache__/mac_arabic.cpython-311.opt-1.pyc
  inflating: lib/python3.11/encodings/__pycache__/undefined.cpython-311.opt-1.pyc
  inflating: lib/python3.11/encodings/__pycache__/mac_cyrillic.cpython-311.opt-2.pyc
  inflating: lib/python3.11/encodings/__pycache__/cp1257.cpython-311.opt-1.pyc
  inflating: lib/python3.11/encodings/__pycache__/utf_7.cpython-311.opt-2.pyc
  inflating: lib/python3.11/encodings/__pycache__/mac_iceland.cpython-311.opt-1.pyc
  inflating: lib/python3.11/encodings/__pycache__/ptcp154.cpython-311.opt-1.pyc
  inflating: lib/python3.11/encodings/__pycache__/cp860.cpython-311.opt-2.pyc
  inflating: lib/python3.11/encodings/__pycache__/cp1254.cpython-311.pyc
  inflating: lib/python3.11/encodings/__pycache__/cp869.cpython-311.opt-1.pyc
  inflating: lib/python3.11/encodings/__pycache__/cp437.cpython-311.pyc
  inflating: lib/python3.11/encodings/__pycache__/shift_jis.cpython-311.opt-1.pyc
  inflating: lib/python3.11/encodings/__pycache__/big5.cpython-311.pyc
  inflating: lib/python3.11/encodings/__pycache__/iso8859_15.cpython-311.pyc
  inflating: lib/python3.11/encodings/__pycache__/iso8859_15.cpython-311.opt-1.pyc
  inflating: lib/python3.11/encodings/__pycache__/utf_7.cpython-311.pyc
  inflating: lib/python3.11/encodings/__pycache__/zlib_codec.cpython-311.opt-2.pyc
  inflating: lib/python3.11/encodings/__pycache__/cp864.cpython-311.opt-1.pyc
  inflating: lib/python3.11/encodings/__pycache__/cp1252.cpython-311.opt-2.pyc
  inflating: lib/python3.11/encodings/__pycache__/bz2_codec.cpython-311.opt-1.pyc
  inflating: lib/python3.11/encodings/__pycache__/ptcp154.cpython-311.pyc
  inflating: lib/python3.11/encodings/__pycache__/hp_roman8.cpython-311.opt-1.pyc
  inflating: lib/python3.11/encodings/__pycache__/oem.cpython-311.opt-1.pyc
  inflating: lib/python3.11/encodings/__pycache__/cp858.cpython-311.opt-1.pyc
  inflating: lib/python3.11/encodings/__pycache__/iso8859_15.cpython-311.opt-2.pyc
  inflating: lib/python3.11/encodings/__pycache__/tis_620.cpython-311.opt-2.pyc
  inflating: lib/python3.11/encodings/__pycache__/iso8859_16.cpython-311.opt-1.pyc
  inflating: lib/python3.11/encodings/__pycache__/iso8859_5.cpython-311.opt-2.pyc
  inflating: lib/python3.11/encodings/__pycache__/utf_16.cpython-311.opt-1.pyc
  inflating: lib/python3.11/encodings/__pycache__/utf_8.cpython-311.pyc
  inflating: lib/python3.11/encodings/__pycache__/big5hkscs.cpython-311.opt-1.pyc
  inflating: lib/python3.11/encodings/__pycache__/gb18030.cpython-311.opt-1.pyc
  inflating: lib/python3.11/encodings/__pycache__/shift_jisx0213.cpython-311.opt-2.pyc
  inflating: lib/python3.11/encodings/__pycache__/cp037.cpython-311.pyc
  inflating: lib/python3.11/encodings/__pycache__/cp1250.cpython-311.opt-2.pyc
  inflating: lib/python3.11/encodings/__pycache__/idna.cpython-311.opt-2.pyc
  inflating: lib/python3.11/encodings/__pycache__/iso8859_16.cpython-311.opt-2.pyc
  inflating: lib/python3.11/encodings/__pycache__/cp857.cpython-311.opt-1.pyc
  inflating: lib/python3.11/encodings/__pycache__/big5hkscs.cpython-311.opt-2.pyc
  inflating: lib/python3.11/encodings/__pycache__/base64_codec.cpython-311.opt-1.pyc
  inflating: lib/python3.11/encodings/__pycache__/__init__.cpython-311.opt-2.pyc
  inflating: lib/python3.11/encodings/__pycache__/big5.cpython-311.opt-1.pyc
  inflating: lib/python3.11/encodings/__pycache__/cp863.cpython-311.opt-1.pyc
  inflating: lib/python3.11/encodings/__pycache__/utf_8.cpython-311.opt-1.pyc
  inflating: lib/python3.11/encodings/__pycache__/johab.cpython-311.opt-1.pyc
  inflating: lib/python3.11/encodings/__pycache__/cp932.cpython-311.pyc
  inflating: lib/python3.11/encodings/__pycache__/utf_16_le.cpython-311.opt-2.pyc
  inflating: lib/python3.11/encodings/__pycache__/koi8_t.cpython-311.opt-2.pyc
  inflating: lib/python3.11/encodings/__pycache__/iso2022_jp_3.cpython-311.opt-2.pyc
  inflating: lib/python3.11/encodings/__pycache__/rot_13.cpython-311.opt-1.pyc
  inflating: lib/python3.11/encodings/__pycache__/iso2022_jp.cpython-311.pyc
  inflating: lib/python3.11/encodings/__pycache__/quopri_codec.cpython-311.pyc
  inflating: lib/python3.11/encodings/__pycache__/iso8859_9.cpython-311.pyc
  inflating: lib/python3.11/encodings/__pycache__/mac_romanian.cpython-311.pyc
  inflating: lib/python3.11/encodings/__pycache__/cp1125.cpython-311.opt-1.pyc
  inflating: lib/python3.11/encodings/__pycache__/charmap.cpython-311.opt-1.pyc
  inflating: lib/python3.11/encodings/__pycache__/utf_32_le.cpython-311.opt-2.pyc
  inflating: lib/python3.11/encodings/__pycache__/cp437.cpython-311.opt-1.pyc
  inflating: lib/python3.11/encodings/__pycache__/iso8859_7.cpython-311.opt-2.pyc
  inflating: lib/python3.11/encodings/__pycache__/punycode.cpython-311.pyc
  inflating: lib/python3.11/encodings/__pycache__/cp037.cpython-311.opt-1.pyc
  inflating: lib/python3.11/encodings/__pycache__/iso8859_5.cpython-311.pyc
  inflating: lib/python3.11/encodings/__pycache__/gb2312.cpython-311.opt-1.pyc
  inflating: lib/python3.11/encodings/__pycache__/cp1251.cpython-311.opt-2.pyc
  inflating: lib/python3.11/encodings/__pycache__/undefined.cpython-311.opt-2.pyc
  inflating: lib/python3.11/encodings/__pycache__/euc_jis_2004.cpython-311.opt-1.pyc
  inflating: lib/python3.11/encodings/__pycache__/gb18030.cpython-311.pyc
  inflating: lib/python3.11/encodings/__pycache__/mac_latin2.cpython-311.opt-2.pyc
  inflating: lib/python3.11/encodings/__pycache__/iso2022_kr.cpython-311.opt-2.pyc
  inflating: lib/python3.11/encodings/__pycache__/cp1255.cpython-311.opt-1.pyc
  inflating: lib/python3.11/encodings/__pycache__/shift_jisx0213.cpython-311.opt-1.pyc
  inflating: lib/python3.11/encodings/__pycache__/utf_16_be.cpython-311.opt-1.pyc
  inflating: lib/python3.11/encodings/__pycache__/iso8859_11.cpython-311.opt-1.pyc
  inflating: lib/python3.11/encodings/__pycache__/cp1252.cpython-311.pyc
  inflating: lib/python3.11/encodings/__pycache__/tis_620.cpython-311.opt-1.pyc
  inflating: lib/python3.11/encodings/__pycache__/cp775.cpython-311.opt-2.pyc
  inflating: lib/python3.11/encodings/__pycache__/iso8859_1.cpython-311.opt-1.pyc
  inflating: lib/python3.11/encodings/__pycache__/cp850.cpython-311.opt-2.pyc
  inflating: lib/python3.11/encodings/__pycache__/gbk.cpython-311.opt-1.pyc
  inflating: lib/python3.11/encodings/__pycache__/iso8859_2.cpython-311.opt-1.pyc
  inflating: lib/python3.11/encodings/__pycache__/cp1125.cpython-311.pyc
  inflating: lib/python3.11/encodings/__pycache__/cp866.cpython-311.opt-1.pyc
  inflating: lib/python3.11/encodings/__pycache__/base64_codec.cpython-311.pyc
  inflating: lib/python3.11/encodings/__pycache__/mac_greek.cpython-311.opt-1.pyc
  inflating: lib/python3.11/encodings/__pycache__/cp949.cpython-311.opt-1.pyc
  inflating: lib/python3.11/encodings/__pycache__/iso8859_16.cpython-311.pyc
  inflating: lib/python3.11/encodings/__pycache__/iso8859_2.cpython-311.pyc
  inflating: lib/python3.11/encodings/__pycache__/euc_jp.cpython-311.pyc
  inflating: lib/python3.11/encodings/__pycache__/mac_arabic.cpython-311.opt-2.pyc
  inflating: lib/python3.11/encodings/__pycache__/iso8859_11.cpython-311.pyc
  inflating: lib/python3.11/encodings/__pycache__/utf_32_be.cpython-311.pyc
  inflating: lib/python3.11/encodings/__pycache__/euc_jp.cpython-311.opt-1.pyc
  inflating: lib/python3.11/encodings/__pycache__/cp1257.cpython-311.pyc
  inflating: lib/python3.11/encodings/__pycache__/cp950.cpython-311.pyc
  inflating: lib/python3.11/encodings/__pycache__/utf_16_be.cpython-311.opt-2.pyc
  inflating: lib/python3.11/encodings/__pycache__/euc_jp.cpython-311.opt-2.pyc
  inflating: lib/python3.11/encodings/__pycache__/utf_16_be.cpython-311.pyc
  inflating: lib/python3.11/encodings/__pycache__/koi8_u.cpython-311.pyc
  inflating: lib/python3.11/encodings/__pycache__/mac_roman.cpython-311.opt-1.pyc
  inflating: lib/python3.11/encodings/__pycache__/uu_codec.cpython-311.pyc
  inflating: lib/python3.11/encodings/__pycache__/cp950.cpython-311.opt-1.pyc
  inflating: lib/python3.11/encodings/__pycache__/cp1256.cpython-311.opt-2.pyc
  inflating: lib/python3.11/encodings/__pycache__/tis_620.cpython-311.pyc
  inflating: lib/python3.11/encodings/__pycache__/iso2022_jp_2004.cpython-311.opt-2.pyc
  inflating: lib/python3.11/encodings/__pycache__/iso8859_13.cpython-311.opt-2.pyc
  inflating: lib/python3.11/encodings/__pycache__/cp1006.cpython-311.pyc
  inflating: lib/python3.11/encodings/__pycache__/iso8859_6.cpython-311.opt-1.pyc
  inflating: lib/python3.11/encodings/__pycache__/mac_roman.cpython-311.pyc
  inflating: lib/python3.11/encodings/__pycache__/shift_jis_2004.cpython-311.pyc
  inflating: lib/python3.11/encodings/__pycache__/koi8_u.cpython-311.opt-1.pyc
  inflating: lib/python3.11/encodings/__pycache__/iso8859_4.cpython-311.opt-1.pyc
  inflating: lib/python3.11/encodings/__pycache__/cp737.cpython-311.opt-2.pyc
  inflating: lib/python3.11/encodings/__pycache__/koi8_t.cpython-311.opt-1.pyc
  inflating: lib/python3.11/encodings/__pycache__/iso2022_jp_ext.cpython-311.opt-1.pyc
  inflating: lib/python3.11/encodings/__pycache__/iso8859_14.cpython-311.opt-2.pyc
  inflating: lib/python3.11/encodings/__pycache__/iso8859_14.cpython-311.opt-1.pyc
  inflating: lib/python3.11/encodings/__pycache__/cp864.cpython-311.opt-2.pyc
  inflating: lib/python3.11/encodings/__pycache__/raw_unicode_escape.cpython-311.pyc
  inflating: lib/python3.11/encodings/__pycache__/euc_jisx0213.cpython-311.pyc
  inflating: lib/python3.11/encodings/__pycache__/cp863.cpython-311.pyc
  inflating: lib/python3.11/encodings/__pycache__/utf_8_sig.cpython-311.opt-2.pyc
  inflating: lib/python3.11/encodings/__pycache__/iso2022_jp_2.cpython-311.opt-1.pyc
  inflating: lib/python3.11/encodings/__pycache__/cp950.cpython-311.opt-2.pyc
  inflating: lib/python3.11/encodings/__pycache__/ascii.cpython-311.pyc
  inflating: lib/python3.11/encodings/__pycache__/iso8859_2.cpython-311.opt-2.pyc
  inflating: lib/python3.11/encodings/__pycache__/cp862.cpython-311.opt-2.pyc
  inflating: lib/python3.11/encodings/__pycache__/ptcp154.cpython-311.opt-2.pyc
  inflating: lib/python3.11/encodings/__pycache__/cp865.cpython-311.opt-1.pyc
  inflating: lib/python3.11/encodings/__pycache__/cp424.cpython-311.pyc
  inflating: lib/python3.11/encodings/__pycache__/koi8_r.cpython-311.opt-1.pyc
  inflating: lib/python3.11/encodings/__pycache__/iso8859_13.cpython-311.opt-1.pyc
  inflating: lib/python3.11/encodings/__pycache__/cp1251.cpython-311.opt-1.pyc
  inflating: lib/python3.11/encodings/__pycache__/mac_farsi.cpython-311.opt-1.pyc
  inflating: lib/python3.11/encodings/__pycache__/cp1254.cpython-311.opt-1.pyc
  inflating: lib/python3.11/encodings/__pycache__/mac_latin2.cpython-311.pyc
  inflating: lib/python3.11/encodings/__pycache__/iso2022_jp_ext.cpython-311.opt-2.pyc
  inflating: lib/python3.11/encodings/__pycache__/cp949.cpython-311.pyc
  inflating: lib/python3.11/encodings/__pycache__/iso8859_10.cpython-311.pyc
  inflating: lib/python3.11/encodings/__pycache__/cp1253.cpython-311.opt-1.pyc
  inflating: lib/python3.11/encodings/__pycache__/mac_greek.cpython-311.pyc
  inflating: lib/python3.11/encodings/__pycache__/utf_7.cpython-311.opt-1.pyc
  inflating: lib/python3.11/encodings/__pycache__/gb18030.cpython-311.opt-2.pyc
  inflating: lib/python3.11/encodings/__pycache__/cp1258.cpython-311.opt-2.pyc
  inflating: lib/python3.11/encodings/__pycache__/cp850.cpython-311.opt-1.pyc
  inflating: lib/python3.11/encodings/__pycache__/cp861.cpython-311.opt-1.pyc
  inflating: lib/python3.11/encodings/__pycache__/euc_kr.cpython-311.opt-1.pyc
  inflating: lib/python3.11/encodings/__pycache__/mac_croatian.cpython-311.opt-1.pyc
  inflating: lib/python3.11/encodings/__pycache__/iso8859_10.cpython-311.opt-2.pyc
  inflating: lib/python3.11/encodings/__pycache__/punycode.cpython-311.opt-1.pyc
  inflating: lib/python3.11/encodings/__pycache__/gbk.cpython-311.opt-2.pyc
  inflating: lib/python3.11/encodings/__pycache__/euc_jisx0213.cpython-311.opt-2.pyc
  inflating: lib/python3.11/encodings/__pycache__/shift_jis.cpython-311.pyc
  inflating: lib/python3.11/encodings/__pycache__/cp720.cpython-311.opt-2.pyc
  inflating: lib/python3.11/encodings/__pycache__/iso8859_14.cpython-311.pyc
  inflating: lib/python3.11/encodings/__pycache__/cp1255.cpython-311.opt-2.pyc
  inflating: lib/python3.11/encodings/__pycache__/palmos.cpython-311.pyc
  inflating: lib/python3.11/encodings/__pycache__/cp862.cpython-311.pyc
  inflating: lib/python3.11/encodings/__pycache__/cp857.cpython-311.pyc
  inflating: lib/python3.11/encodings/__pycache__/euc_jis_2004.cpython-311.opt-2.pyc
  inflating: lib/python3.11/encodings/__pycache__/cp869.cpython-311.pyc
  inflating: lib/python3.11/encodings/__pycache__/mac_cyrillic.cpython-311.pyc
  inflating: lib/python3.11/encodings/utf_16_be.py
  inflating: lib/python3.11/encodings/cp1254.py
  inflating: lib/python3.11/encodings/ascii.py
  inflating: lib/python3.11/encodings/utf_16.py
  inflating: lib/python3.11/encodings/koi8_t.py
  inflating: lib/python3.11/encodings/cp775.py
  inflating: lib/python3.11/encodings/cp1257.py
  inflating: lib/python3.11/encodings/bz2_codec.py
  inflating: lib/python3.11/encodings/cp037.py
  inflating: lib/python3.11/encodings/iso8859_2.py
  inflating: lib/python3.11/encodings/mac_croatian.py
  inflating: lib/python3.11/encodings/iso2022_jp_2004.py
  inflating: lib/python3.11/copy.py
  inflating: lib/python3.11/statistics.py
  inflating: lib/python3.11/getpass.py
  inflating: lib/python3.11/_aix_support.py
  inflating: lib/python3.11/sqlite3/dump.py
  inflating: lib/python3.11/sqlite3/__init__.py
  inflating: lib/python3.11/sqlite3/dbapi2.py
  inflating: lib/python3.11/sqlite3/__pycache__/dbapi2.cpython-311.pyc
  inflating: lib/python3.11/sqlite3/__pycache__/dbapi2.cpython-311.opt-1.pyc
  inflating: lib/python3.11/sqlite3/__pycache__/__init__.cpython-311.opt-1.pyc
  inflating: lib/python3.11/sqlite3/__pycache__/dbapi2.cpython-311.opt-2.pyc
  inflating: lib/python3.11/sqlite3/__pycache__/__init__.cpython-311.pyc
  inflating: lib/python3.11/sqlite3/__pycache__/dump.cpython-311.pyc
  inflating: lib/python3.11/sqlite3/__pycache__/__init__.cpython-311.opt-2.pyc
  inflating: lib/python3.11/sqlite3/__pycache__/dump.cpython-311.opt-2.pyc
  inflating: lib/python3.11/sqlite3/__pycache__/dump.cpython-311.opt-1.pyc
  inflating: lib/python3.11/_sysconfigdata__linux_aarch64-linux-gnu.py
  inflating: lib/python3.11/mimetypes.py
  inflating: lib/python3.11/shlex.py
  inflating: lib/python3.11/rlcompleter.py
  inflating: lib/python3.11/re/_compiler.py
  inflating: lib/python3.11/re/_casefix.py
  inflating: lib/python3.11/re/__init__.py
  inflating: lib/python3.11/re/_parser.py
  inflating: lib/python3.11/re/_constants.py
  inflating: lib/python3.11/re/__pycache__/_casefix.cpython-311.pyc
  inflating: lib/python3.11/re/__pycache__/_compiler.cpython-311.opt-1.pyc
  inflating: lib/python3.11/re/__pycache__/_constants.cpython-311.opt-1.pyc
  inflating: lib/python3.11/re/__pycache__/_parser.cpython-311.pyc
  inflating: lib/python3.11/re/__pycache__/_parser.cpython-311.opt-1.pyc
  inflating: lib/python3.11/re/__pycache__/_constants.cpython-311.opt-2.pyc
  inflating: lib/python3.11/re/__pycache__/_parser.cpython-311.opt-2.pyc
  inflating: lib/python3.11/re/__pycache__/__init__.cpython-311.opt-1.pyc
  inflating: lib/python3.11/re/__pycache__/_casefix.cpython-311.opt-1.pyc
  inflating: lib/python3.11/re/__pycache__/__init__.cpython-311.pyc
  inflating: lib/python3.11/re/__pycache__/_casefix.cpython-311.opt-2.pyc
  inflating: lib/python3.11/re/__pycache__/_constants.cpython-311.pyc
  inflating: lib/python3.11/re/__pycache__/__init__.cpython-311.opt-2.pyc
  inflating: lib/python3.11/re/__pycache__/_compiler.cpython-311.opt-2.pyc
  inflating: lib/python3.11/re/__pycache__/_compiler.cpython-311.pyc
  inflating: lib/python3.11/io.py
  inflating: lib/python3.11/gettext.py
  inflating: lib/python3.11/zoneinfo/_common.py
  inflating: lib/python3.11/zoneinfo/_zoneinfo.py
  inflating: lib/python3.11/zoneinfo/__init__.py
  inflating: lib/python3.11/zoneinfo/__pycache__/_tzpath.cpython-311.pyc
  inflating: lib/python3.11/zoneinfo/__pycache__/__init__.cpython-311.opt-1.pyc
  inflating: lib/python3.11/zoneinfo/__pycache__/_common.cpython-311.opt-1.pyc
  inflating: lib/python3.11/zoneinfo/__pycache__/__init__.cpython-311.pyc
  inflating: lib/python3.11/zoneinfo/__pycache__/_tzpath.cpython-311.opt-1.pyc
  inflating: lib/python3.11/zoneinfo/__pycache__/_common.cpython-311.pyc
  inflating: lib/python3.11/zoneinfo/__pycache__/_zoneinfo.cpython-311.opt-2.pyc
  inflating: lib/python3.11/zoneinfo/__pycache__/__init__.cpython-311.opt-2.pyc
  inflating: lib/python3.11/zoneinfo/__pycache__/_zoneinfo.cpython-311.opt-1.pyc
  inflating: lib/python3.11/zoneinfo/__pycache__/_common.cpython-311.opt-2.pyc
  inflating: lib/python3.11/zoneinfo/__pycache__/_zoneinfo.cpython-311.pyc
  inflating: lib/python3.11/zoneinfo/__pycache__/_tzpath.cpython-311.opt-2.pyc
  inflating: lib/python3.11/zoneinfo/_tzpath.py
  inflating: lib/python3.11/dis.py
  inflating: lib/python3.11/pydoc.py
  inflating: lib/python3.11/tomllib/_re.py
  inflating: lib/python3.11/tomllib/_types.py
  inflating: lib/python3.11/tomllib/__init__.py
  inflating: lib/python3.11/tomllib/_parser.py
  inflating: lib/python3.11/tomllib/__pycache__/_re.cpython-311.pyc
  inflating: lib/python3.11/tomllib/__pycache__/_parser.cpython-311.pyc
  inflating: lib/python3.11/tomllib/__pycache__/_parser.cpython-311.opt-1.pyc
  inflating: lib/python3.11/tomllib/__pycache__/_parser.cpython-311.opt-2.pyc
  inflating: lib/python3.11/tomllib/__pycache__/_re.cpython-311.opt-2.pyc
  inflating: lib/python3.11/tomllib/__pycache__/__init__.cpython-311.opt-1.pyc
  inflating: lib/python3.11/tomllib/__pycache__/_types.cpython-311.opt-1.pyc
  inflating: lib/python3.11/tomllib/__pycache__/__init__.cpython-311.pyc
  inflating: lib/python3.11/tomllib/__pycache__/_types.cpython-311.opt-2.pyc
  inflating: lib/python3.11/tomllib/__pycache__/_re.cpython-311.opt-1.pyc
  inflating: lib/python3.11/tomllib/__pycache__/__init__.cpython-311.opt-2.pyc
  inflating: lib/python3.11/tomllib/__pycache__/_types.cpython-311.pyc
  inflating: lib/python3.11/collections/__init__.py
  inflating: lib/python3.11/collections/abc.py
  inflating: lib/python3.11/collections/__pycache__/__init__.cpython-311.opt-1.pyc
  inflating: lib/python3.11/collections/__pycache__/__init__.cpython-311.pyc
  inflating: lib/python3.11/collections/__pycache__/abc.cpython-311.opt-1.pyc
  inflating: lib/python3.11/collections/__pycache__/abc.cpython-311.pyc
  inflating: lib/python3.11/collections/__pycache__/__init__.cpython-311.opt-2.pyc
  inflating: lib/python3.11/collections/__pycache__/abc.cpython-311.opt-2.pyc
  inflating: lib/python3.11/wave.py
  inflating: lib/python3.11/imghdr.py
  inflating: lib/python3.11/bisect.py
  inflating: lib/python3.11/asyncore.py
  inflating: lib/python3.11/_bootsubprocess.py
  inflating: lib/python3.11/fileinput.py
  inflating: lib/python3.11/__pycache__/dis.cpython-311.opt-2.pyc
  inflating: lib/python3.11/__pycache__/_py_abc.cpython-311.pyc
  inflating: lib/python3.11/__pycache__/rlcompleter.cpython-311.opt-2.pyc
  inflating: lib/python3.11/__pycache__/uu.cpython-311.opt-2.pyc
  inflating: lib/python3.11/__pycache__/_collections_abc.cpython-311.pyc
  inflating: lib/python3.11/__pycache__/ast.cpython-311.opt-2.pyc
  inflating: lib/python3.11/__pycache__/telnetlib.cpython-311.opt-2.pyc
  inflating: lib/python3.11/__pycache__/aifc.cpython-311.opt-1.pyc
  inflating: lib/python3.11/__pycache__/sched.cpython-311.opt-2.pyc
  inflating: lib/python3.11/__pycache__/string.cpython-311.opt-2.pyc
  inflating: lib/python3.11/__pycache__/fractions.cpython-311.opt-2.pyc
  inflating: lib/python3.11/__pycache__/selectors.cpython-311.pyc
  inflating: lib/python3.11/__pycache__/inspect.cpython-311.opt-1.pyc
  inflating: lib/python3.11/__pycache__/pipes.cpython-311.opt-1.pyc
  inflating: lib/python3.11/__pycache__/smtpd.cpython-311.pyc
  inflating: lib/python3.11/__pycache__/code.cpython-311.opt-1.pyc
  inflating: lib/python3.11/__pycache__/inspect.cpython-311.pyc
  inflating: lib/python3.11/__pycache__/__hello__.cpython-311.opt-1.pyc
  inflating: lib/python3.11/__pycache__/pprint.cpython-311.pyc
  inflating: lib/python3.11/__pycache__/this.cpython-311.pyc
  inflating: lib/python3.11/__pycache__/_strptime.cpython-311.opt-2.pyc
  inflating: lib/python3.11/__pycache__/genericpath.cpython-311.opt-2.pyc
  inflating: lib/python3.11/__pycache__/token.cpython-311.opt-1.pyc
  inflating: lib/python3.11/__pycache__/platform.cpython-311.opt-2.pyc
  inflating: lib/python3.11/__pycache__/threading.cpython-311.opt-1.pyc
  inflating: lib/python3.11/__pycache__/difflib.cpython-311.opt-2.pyc
  inflating: lib/python3.11/__pycache__/smtplib.cpython-311.opt-2.pyc
  inflating: lib/python3.11/__pycache__/site.cpython-311.opt-2.pyc
  inflating: lib/python3.11/__pycache__/trace.cpython-311.opt-1.pyc
  inflating: lib/python3.11/__pycache__/cgi.cpython-311.pyc
  inflating: lib/python3.11/__pycache__/dataclasses.cpython-311.opt-1.pyc
  inflating: lib/python3.11/__pycache__/gettext.cpython-311.opt-2.pyc
  inflating: lib/python3.11/__pycache__/turtle.cpython-311.opt-2.pyc
  inflating: lib/python3.11/__pycache__/ipaddress.cpython-311.opt-2.pyc
  inflating: lib/python3.11/__pycache__/socket.cpython-311.pyc
  inflating: lib/python3.11/__pycache__/difflib.cpython-311.opt-1.pyc
  inflating: lib/python3.11/__pycache__/sre_constants.cpython-311.opt-2.pyc
  inflating: lib/python3.11/__pycache__/trace.cpython-311.pyc
  inflating: lib/python3.11/__pycache__/getopt.cpython-311.opt-2.pyc
  inflating: lib/python3.11/__pycache__/fileinput.cpython-311.opt-1.pyc
  inflating: lib/python3.11/__pycache__/uu.cpython-311.pyc
  inflating: lib/python3.11/__pycache__/statistics.cpython-311.pyc
  inflating: lib/python3.11/__pycache__/optparse.cpython-311.opt-2.pyc
  inflating: lib/python3.11/__pycache__/symtable.cpython-311.opt-2.pyc
  inflating: lib/python3.11/__pycache__/numbers.cpython-311.pyc
  inflating: lib/python3.11/__pycache__/bdb.cpython-311.opt-2.pyc
  inflating: lib/python3.11/__pycache__/zipapp.cpython-311.opt-1.pyc
  inflating: lib/python3.11/__pycache__/opcode.cpython-311.pyc
  inflating: lib/python3.11/__pycache__/tty.cpython-311.pyc
  inflating: lib/python3.11/__pycache__/_weakrefset.cpython-311.pyc
  inflating: lib/python3.11/__pycache__/zipapp.cpython-311.pyc
  inflating: lib/python3.11/__pycache__/threading.cpython-311.opt-2.pyc
  inflating: lib/python3.11/__pycache__/difflib.cpython-311.pyc
  inflating: lib/python3.11/__pycache__/shelve.cpython-311.opt-1.pyc
  inflating: lib/python3.11/__pycache__/bdb.cpython-311.opt-1.pyc
  inflating: lib/python3.11/__pycache__/operator.cpython-311.opt-1.pyc
  inflating: lib/python3.11/__pycache__/smtplib.cpython-311.pyc
  inflating: lib/python3.11/__pycache__/warnings.cpython-311.opt-2.pyc
  inflating: lib/python3.11/__pycache__/mimetypes.cpython-311.opt-2.pyc
  inflating: lib/python3.11/__pycache__/operator.cpython-311.opt-2.pyc
  inflating: lib/python3.11/__pycache__/asyncore.cpython-311.opt-2.pyc
  inflating: lib/python3.11/__pycache__/reprlib.cpython-311.opt-2.pyc
  inflating: lib/python3.11/__pycache__/pyclbr.cpython-311.pyc
  inflating: lib/python3.11/__pycache__/smtpd.cpython-311.opt-1.pyc
  inflating: lib/python3.11/__pycache__/this.cpython-311.opt-2.pyc
  inflating: lib/python3.11/__pycache__/pyclbr.cpython-311.opt-2.pyc
  inflating: lib/python3.11/__pycache__/configparser.cpython-311.opt-2.pyc
  inflating: lib/python3.11/__pycache__/_threading_local.cpython-311.opt-1.pyc
  inflating: lib/python3.11/__pycache__/sunau.cpython-311.opt-1.pyc
  inflating: lib/python3.11/__pycache__/antigravity.cpython-311.pyc
  inflating: lib/python3.11/__pycache__/enum.cpython-311.opt-2.pyc
  inflating: lib/python3.11/__pycache__/code.cpython-311.opt-2.pyc
  inflating: lib/python3.11/__pycache__/selectors.cpython-311.opt-2.pyc
  inflating: lib/python3.11/__pycache__/filecmp.cpython-311.opt-2.pyc
  inflating: lib/python3.11/__pycache__/tabnanny.cpython-311.opt-2.pyc
  inflating: lib/python3.11/__pycache__/quopri.cpython-311.opt-1.pyc
  inflating: lib/python3.11/__pycache__/_compat_pickle.cpython-311.pyc
  inflating: lib/python3.11/__pycache__/mailcap.cpython-311.opt-2.pyc
  inflating: lib/python3.11/__pycache__/numbers.cpython-311.opt-1.pyc
  inflating: lib/python3.11/__pycache__/traceback.cpython-311.opt-1.pyc
  inflating: lib/python3.11/__pycache__/quopri.cpython-311.pyc
  inflating: lib/python3.11/__pycache__/doctest.cpython-311.pyc
  inflating: lib/python3.11/__pycache__/ast.cpython-311.pyc
  inflating: lib/python3.11/__pycache__/posixpath.cpython-311.pyc
  inflating: lib/python3.11/__pycache__/reprlib.cpython-311.opt-1.pyc
  inflating: lib/python3.11/__pycache__/_sitebuiltins.cpython-311.pyc
  inflating: lib/python3.11/__pycache__/bdb.cpython-311.pyc
  inflating: lib/python3.11/__pycache__/pprint.cpython-311.opt-2.pyc
  inflating: lib/python3.11/__pycache__/modulefinder.cpython-311.pyc
  inflating: lib/python3.11/__pycache__/plistlib.cpython-311.opt-2.pyc
  inflating: lib/python3.11/__pycache__/_threading_local.cpython-311.opt-2.pyc
  inflating: lib/python3.11/__pycache__/xdrlib.cpython-311.pyc
  inflating: lib/python3.11/__pycache__/socketserver.cpython-311.opt-1.pyc
  inflating: lib/python3.11/__pycache__/gzip.cpython-311.opt-2.pyc
  inflating: lib/python3.11/__pycache__/py_compile.cpython-311.pyc
  inflating: lib/python3.11/__pycache__/shlex.cpython-311.pyc
  inflating: lib/python3.11/__pycache__/glob.cpython-311.opt-2.pyc
  inflating: lib/python3.11/__pycache__/locale.cpython-311.pyc
  inflating: lib/python3.11/__pycache__/fractions.cpython-311.pyc
  inflating: lib/python3.11/__pycache__/chunk.cpython-311.pyc
  inflating: lib/python3.11/__pycache__/platform.cpython-311.pyc
  inflating: lib/python3.11/__pycache__/weakref.cpython-311.opt-1.pyc
  inflating: lib/python3.11/__pycache__/io.cpython-311.opt-1.pyc
  inflating: lib/python3.11/__pycache__/filecmp.cpython-311.opt-1.pyc
  inflating: lib/python3.11/__pycache__/codeop.cpython-311.opt-2.pyc
  inflating: lib/python3.11/__pycache__/imghdr.cpython-311.opt-1.pyc
  inflating: lib/python3.11/__pycache__/tempfile.cpython-311.opt-1.pyc
  inflating: lib/python3.11/__pycache__/zipimport.cpython-311.opt-2.pyc
  inflating: lib/python3.11/__pycache__/cmd.cpython-311.pyc
  inflating: lib/python3.11/__pycache__/_compression.cpython-311.opt-2.pyc
  inflating: lib/python3.11/__pycache__/pty.cpython-311.pyc
  inflating: lib/python3.11/__pycache__/xdrlib.cpython-311.opt-1.pyc
  inflating: lib/python3.11/__pycache__/pstats.cpython-311.opt-1.pyc
  inflating: lib/python3.11/__pycache__/_osx_support.cpython-311.opt-1.pyc
  inflating: lib/python3.11/__pycache__/_sitebuiltins.cpython-311.opt-2.pyc
  inflating: lib/python3.11/__pycache__/turtle.cpython-311.opt-1.pyc
  inflating: lib/python3.11/__pycache__/sre_constants.cpython-311.opt-1.pyc
  inflating: lib/python3.11/__pycache__/nntplib.cpython-311.pyc
  inflating: lib/python3.11/__pycache__/colorsys.cpython-311.opt-1.pyc
  inflating: lib/python3.11/__pycache__/mailcap.cpython-311.opt-1.pyc
  inflating: lib/python3.11/__pycache__/__future__.cpython-311.opt-1.pyc
  inflating: lib/python3.11/__pycache__/argparse.cpython-311.pyc
  inflating: lib/python3.11/__pycache__/hmac.cpython-311.opt-2.pyc
  inflating: lib/python3.11/__pycache__/plistlib.cpython-311.opt-1.pyc
  inflating: lib/python3.11/__pycache__/zipfile.cpython-311.opt-1.pyc
  inflating: lib/python3.11/__pycache__/shutil.cpython-311.opt-1.pyc
  inflating: lib/python3.11/__pycache__/sre_compile.cpython-311.opt-2.pyc
  inflating: lib/python3.11/__pycache__/nntplib.cpython-311.opt-1.pyc
  inflating: lib/python3.11/__pycache__/gettext.cpython-311.opt-1.pyc
  inflating: lib/python3.11/__pycache__/colorsys.cpython-311.pyc
  inflating: lib/python3.11/__pycache__/locale.cpython-311.opt-2.pyc
  inflating: lib/python3.11/__pycache__/_pyio.cpython-311.opt-2.pyc
  inflating: lib/python3.11/__pycache__/filecmp.cpython-311.pyc
  inflating: lib/python3.11/__pycache__/_strptime.cpython-311.pyc
  inflating: lib/python3.11/__pycache__/smtpd.cpython-311.opt-2.pyc
  inflating: lib/python3.11/__pycache__/copy.cpython-311.pyc
  inflating: lib/python3.11/__pycache__/pickle.cpython-311.opt-2.pyc
  inflating: lib/python3.11/__pycache__/genericpath.cpython-311.opt-1.pyc
  inflating: lib/python3.11/__pycache__/doctest.cpython-311.opt-2.pyc
  inflating: lib/python3.11/__pycache__/sysconfig.cpython-311.opt-1.pyc
  inflating: lib/python3.11/__pycache__/_aix_support.cpython-311.pyc
  inflating: lib/python3.11/__pycache__/fileinput.cpython-311.pyc
  inflating: lib/python3.11/__pycache__/sndhdr.cpython-311.opt-2.pyc
  inflating: lib/python3.11/__pycache__/timeit.cpython-311.opt-1.pyc
  inflating: lib/python3.11/__pycache__/_collections_abc.cpython-311.opt-1.pyc
  inflating: lib/python3.11/__pycache__/types.cpython-311.pyc
  inflating: lib/python3.11/__pycache__/hashlib.cpython-311.opt-2.pyc
  inflating: lib/python3.11/__pycache__/uuid.cpython-311.opt-2.pyc
  inflating: lib/python3.11/__pycache__/cgitb.cpython-311.opt-2.pyc
  inflating: lib/python3.11/__pycache__/functools.cpython-311.pyc
  inflating: lib/python3.11/__pycache__/subprocess.cpython-311.pyc
  inflating: lib/python3.11/__pycache__/profile.cpython-311.opt-2.pyc
  inflating: lib/python3.11/__pycache__/_aix_support.cpython-311.opt-1.pyc
  inflating: lib/python3.11/__pycache__/tempfile.cpython-311.pyc
  inflating: lib/python3.11/__pycache__/doctest.cpython-311.opt-1.pyc
  inflating: lib/python3.11/__pycache__/signal.cpython-311.opt-1.pyc
  inflating: lib/python3.11/__pycache__/ast.cpython-311.opt-1.pyc
  inflating: lib/python3.11/__pycache__/turtle.cpython-311.pyc
  inflating: lib/python3.11/__pycache__/py_compile.cpython-311.opt-1.pyc
  inflating: lib/python3.11/__pycache__/imaplib.cpython-311.opt-1.pyc
  inflating: lib/python3.11/__pycache__/tabnanny.cpython-311.pyc
  inflating: lib/python3.11/__pycache__/zipimport.cpython-311.pyc
  inflating: lib/python3.11/__pycache__/asynchat.cpython-311.opt-1.pyc
  inflating: lib/python3.11/__pycache__/contextlib.cpython-311.opt-1.pyc
  inflating: lib/python3.11/__pycache__/io.cpython-311.pyc
  inflating: lib/python3.11/__pycache__/symtable.cpython-311.opt-1.pyc
  inflating: lib/python3.11/__pycache__/mimetypes.cpython-311.opt-1.pyc
  inflating: lib/python3.11/__pycache__/_sysconfigdata__linux_aarch64-linux-gnu.cpython-311.opt-2.pyc
  inflating: lib/python3.11/__pycache__/cgi.cpython-311.opt-1.pyc
  inflating: lib/python3.11/__pycache__/typing.cpython-311.opt-1.pyc
  inflating: lib/python3.11/__pycache__/datetime.cpython-311.opt-1.pyc
  inflating: lib/python3.11/__pycache__/typing.cpython-311.opt-2.pyc
  inflating: lib/python3.11/__pycache__/subprocess.cpython-311.opt-1.pyc
  inflating: lib/python3.11/__pycache__/pickletools.cpython-311.pyc
  inflating: lib/python3.11/__pycache__/mailcap.cpython-311.pyc
  inflating: lib/python3.11/__pycache__/zipfile.cpython-311.opt-2.pyc
  inflating: lib/python3.11/__pycache__/heapq.cpython-311.pyc
  inflating: lib/python3.11/__pycache__/io.cpython-311.opt-2.pyc
  inflating: lib/python3.11/__pycache__/pkgutil.cpython-311.opt-2.pyc
  inflating: lib/python3.11/__pycache__/contextvars.cpython-311.opt-2.pyc
  inflating: lib/python3.11/__pycache__/fnmatch.cpython-311.pyc
  inflating: lib/python3.11/__pycache__/hashlib.cpython-311.opt-1.pyc
  inflating: lib/python3.11/__pycache__/string.cpython-311.pyc
  inflating: lib/python3.11/__pycache__/sre_compile.cpython-311.opt-1.pyc
  inflating: lib/python3.11/__pycache__/traceback.cpython-311.pyc
  inflating: lib/python3.11/__pycache__/bisect.cpython-311.opt-1.pyc
  inflating: lib/python3.11/__pycache__/fnmatch.cpython-311.opt-1.pyc
  inflating: lib/python3.11/__pycache__/_bootsubprocess.cpython-311.opt-1.pyc
  inflating: lib/python3.11/__pycache__/random.cpython-311.pyc
  inflating: lib/python3.11/__pycache__/secrets.cpython-311.opt-1.pyc
  inflating: lib/python3.11/__pycache__/datetime.cpython-311.opt-2.pyc
  inflating: lib/python3.11/__pycache__/stringprep.cpython-311.opt-2.pyc
  inflating: lib/python3.11/__pycache__/argparse.cpython-311.opt-1.pyc
  inflating: lib/python3.11/__pycache__/tty.cpython-311.opt-2.pyc
  inflating: lib/python3.11/__pycache__/imp.cpython-311.pyc
  inflating: lib/python3.11/__pycache__/getopt.cpython-311.opt-1.pyc
  inflating: lib/python3.11/__pycache__/pickletools.cpython-311.opt-2.pyc
  inflating: lib/python3.11/__pycache__/_py_abc.cpython-311.opt-1.pyc
  inflating: lib/python3.11/__pycache__/stringprep.cpython-311.opt-1.pyc
  inflating: lib/python3.11/__pycache__/uuid.cpython-311.pyc
  inflating: lib/python3.11/__pycache__/weakref.cpython-311.opt-2.pyc
  inflating: lib/python3.11/__pycache__/posixpath.cpython-311.opt-2.pyc
  inflating: lib/python3.11/__pycache__/traceback.cpython-311.opt-2.pyc
  inflating: lib/python3.11/__pycache__/platform.cpython-311.opt-1.pyc
  inflating: lib/python3.11/__pycache__/asynchat.cpython-311.pyc
  inflating: lib/python3.11/__pycache__/hmac.cpython-311.opt-1.pyc
  inflating: lib/python3.11/__pycache__/struct.cpython-311.pyc
  inflating: lib/python3.11/__pycache__/getpass.cpython-311.opt-1.pyc
  inflating: lib/python3.11/__pycache__/shutil.cpython-311.opt-2.pyc
  inflating: lib/python3.11/__pycache__/_weakrefset.cpython-311.opt-2.pyc
  inflating: lib/python3.11/__pycache__/cgitb.cpython-311.pyc
  inflating: lib/python3.11/__pycache__/__future__.cpython-311.opt-2.pyc
  inflating: lib/python3.11/__pycache__/tarfile.cpython-311.opt-2.pyc
  inflating: lib/python3.11/__pycache__/aifc.cpython-311.pyc
  inflating: lib/python3.11/__pycache__/netrc.cpython-311.opt-2.pyc
  inflating: lib/python3.11/__pycache__/_py_abc.cpython-311.opt-2.pyc
  inflating: lib/python3.11/__pycache__/tracemalloc.cpython-311.opt-1.pyc
  inflating: lib/python3.11/__pycache__/contextlib.cpython-311.pyc
  inflating: lib/python3.11/__pycache__/runpy.cpython-311.pyc
  inflating: lib/python3.11/__pycache__/poplib.cpython-311.pyc
  inflating: lib/python3.11/__pycache__/crypt.cpython-311.opt-2.pyc
  inflating: lib/python3.11/__pycache__/typing.cpython-311.pyc
  inflating: lib/python3.11/__pycache__/pty.cpython-311.opt-2.pyc
  inflating: lib/python3.11/__pycache__/sre_constants.cpython-311.pyc
  inflating: lib/python3.11/__pycache__/abc.cpython-311.opt-1.pyc
  inflating: lib/python3.11/__pycache__/pipes.cpython-311.pyc
  inflating: lib/python3.11/__pycache__/bisect.cpython-311.opt-2.pyc
  inflating: lib/python3.11/__pycache__/_sysconfigdata__linux_aarch64-linux-gnu.cpython-311.opt-1.pyc
  inflating: lib/python3.11/__pycache__/asyncore.cpython-311.pyc
  inflating: lib/python3.11/__pycache__/graphlib.cpython-311.opt-1.pyc
  inflating: lib/python3.11/__pycache__/locale.cpython-311.opt-1.pyc
  inflating: lib/python3.11/__pycache__/gzip.cpython-311.pyc
  inflating: lib/python3.11/__pycache__/ipaddress.cpython-311.opt-1.pyc
  inflating: lib/python3.11/__pycache__/gzip.cpython-311.opt-1.pyc
  inflating: lib/python3.11/__pycache__/pdb.cpython-311.pyc
  inflating: lib/python3.11/__pycache__/code.cpython-311.pyc
  inflating: lib/python3.11/__pycache__/linecache.cpython-311.opt-2.pyc
  inflating: lib/python3.11/__pycache__/stat.cpython-311.pyc
  inflating: lib/python3.11/__pycache__/abc.cpython-311.pyc
  inflating: lib/python3.11/__pycache__/random.cpython-311.opt-2.pyc
  inflating: lib/python3.11/__pycache__/_sitebuiltins.cpython-311.opt-1.pyc
  inflating: lib/python3.11/__pycache__/_compat_pickle.cpython-311.opt-2.pyc
  inflating: lib/python3.11/__pycache__/_sysconfigdata__linux_aarch64-linux-gnu.cpython-311.pyc
  inflating: lib/python3.11/__pycache__/tokenize.cpython-311.opt-1.pyc
  inflating: lib/python3.11/__pycache__/cgitb.cpython-311.opt-1.pyc
  inflating: lib/python3.11/__pycache__/hashlib.cpython-311.pyc
  inflating: lib/python3.11/__pycache__/plistlib.cpython-311.pyc
  inflating: lib/python3.11/__pycache__/imp.cpython-311.opt-1.pyc
  inflating: lib/python3.11/__pycache__/configparser.cpython-311.pyc
  inflating: lib/python3.11/__pycache__/quopri.cpython-311.opt-2.pyc
  inflating: lib/python3.11/__pycache__/runpy.cpython-311.opt-2.pyc
  inflating: lib/python3.11/__pycache__/pdb.cpython-311.opt-1.pyc
  inflating: lib/python3.11/__pycache__/lzma.cpython-311.opt-2.pyc
  inflating: lib/python3.11/__pycache__/_pydecimal.cpython-311.opt-2.pyc
  inflating: lib/python3.11/__pycache__/codecs.cpython-311.pyc
  inflating: lib/python3.11/__pycache__/asynchat.cpython-311.opt-2.pyc
  inflating: lib/python3.11/__pycache__/signal.cpython-311.pyc
  inflating: lib/python3.11/__pycache__/genericpath.cpython-311.pyc
  inflating: lib/python3.11/__pycache__/sched.cpython-311.opt-1.pyc
  inflating: lib/python3.11/__pycache__/textwrap.cpython-311.opt-1.pyc
  inflating: lib/python3.11/__pycache__/cgi.cpython-311.opt-2.pyc
  inflating: lib/python3.11/__pycache__/trace.cpython-311.opt-2.pyc
  inflating: lib/python3.11/__pycache__/lzma.cpython-311.opt-1.pyc
  inflating: lib/python3.11/__pycache__/contextvars.cpython-311.pyc
  inflating: lib/python3.11/__pycache__/xdrlib.cpython-311.opt-2.pyc
  inflating: lib/python3.11/__pycache__/stringprep.cpython-311.pyc
  inflating: lib/python3.11/__pycache__/stat.cpython-311.opt-2.pyc
  inflating: lib/python3.11/__pycache__/socket.cpython-311.opt-1.pyc
  inflating: lib/python3.11/__pycache__/sre_parse.cpython-311.opt-2.pyc
  inflating: lib/python3.11/__pycache__/_osx_support.cpython-311.opt-2.pyc
  inflating: lib/python3.11/__pycache__/__hello__.cpython-311.pyc
  inflating: lib/python3.11/__pycache__/selectors.cpython-311.opt-1.pyc
  inflating: lib/python3.11/__pycache__/shutil.cpython-311.pyc
  inflating: lib/python3.11/__pycache__/runpy.cpython-311.opt-1.pyc
  inflating: lib/python3.11/__pycache__/ftplib.cpython-311.opt-1.pyc
  inflating: lib/python3.11/__pycache__/shlex.cpython-311.opt-2.pyc
  inflating: lib/python3.11/__pycache__/zipfile.cpython-311.pyc
  inflating: lib/python3.11/__pycache__/datetime.cpython-311.pyc
  inflating: lib/python3.11/__pycache__/types.cpython-311.opt-2.pyc
  inflating: lib/python3.11/__pycache__/copyreg.cpython-311.opt-2.pyc
  inflating: lib/python3.11/__pycache__/sre_parse.cpython-311.opt-1.pyc
  inflating: lib/python3.11/__pycache__/timeit.cpython-311.opt-2.pyc
  inflating: lib/python3.11/__pycache__/mailbox.cpython-311.opt-2.pyc
  inflating: lib/python3.11/__pycache__/shelve.cpython-311.opt-2.pyc
  inflating: lib/python3.11/__pycache__/mailbox.cpython-311.pyc
  inflating: lib/python3.11/__pycache__/dis.cpython-311.opt-1.pyc
  inflating: lib/python3.11/__pycache__/_markupbase.cpython-311.pyc
  inflating: lib/python3.11/__pycache__/zipimport.cpython-311.opt-1.pyc
  inflating: lib/python3.11/__pycache__/contextvars.cpython-311.opt-1.pyc
  inflating: lib/python3.11/__pycache__/dis.cpython-311.pyc
  inflating: lib/python3.11/__pycache__/shelve.cpython-311.pyc
  inflating: lib/python3.11/__pycache__/py_compile.cpython-311.opt-2.pyc
  inflating: lib/python3.11/__pycache__/_pydecimal.cpython-311.pyc
  inflating: lib/python3.11/__pycache__/os.cpython-311.opt-2.pyc
  inflating: lib/python3.11/__pycache__/pathlib.cpython-311.pyc
  inflating: lib/python3.11/__pycache__/opcode.cpython-311.opt-1.pyc
  inflating: lib/python3.11/__pycache__/rlcompleter.cpython-311.pyc
  inflating: lib/python3.11/__pycache__/_compression.cpython-311.opt-1.pyc
  inflating: lib/python3.11/__pycache__/types.cpython-311.opt-1.pyc
  inflating: lib/python3.11/__pycache__/fnmatch.cpython-311.opt-2.pyc
  inflating: lib/python3.11/__pycache__/secrets.cpython-311.pyc
  inflating: lib/python3.11/__pycache__/csv.cpython-311.opt-2.pyc
  inflating: lib/python3.11/__pycache__/pkgutil.cpython-311.opt-1.pyc
  inflating: lib/python3.11/__pycache__/crypt.cpython-311.opt-1.pyc
  inflating: lib/python3.11/__pycache__/sunau.cpython-311.pyc
  inflating: lib/python3.11/__pycache__/linecache.cpython-311.opt-1.pyc
  inflating: lib/python3.11/__pycache__/tarfile.cpython-311.opt-1.pyc
  inflating: lib/python3.11/__pycache__/textwrap.cpython-311.opt-2.pyc
  inflating: lib/python3.11/__pycache__/pathlib.cpython-311.opt-1.pyc
  inflating: lib/python3.11/__pycache__/pydoc.cpython-311.opt-1.pyc
  inflating: lib/python3.11/__pycache__/calendar.cpython-311.opt-2.pyc
  inflating: lib/python3.11/__pycache__/_osx_support.cpython-311.pyc
  inflating: lib/python3.11/__pycache__/cProfile.cpython-311.opt-2.pyc
  inflating: lib/python3.11/__pycache__/nntplib.cpython-311.opt-2.pyc
  inflating: lib/python3.11/__pycache__/smtplib.cpython-311.opt-1.pyc
  inflating: lib/python3.11/__pycache__/codeop.cpython-311.pyc
  inflating: lib/python3.11/__pycache__/netrc.cpython-311.opt-1.pyc
  inflating: lib/python3.11/__pycache__/telnetlib.cpython-311.opt-1.pyc
  inflating: lib/python3.11/__pycache__/ipaddress.cpython-311.pyc
  inflating: lib/python3.11/__pycache__/imghdr.cpython-311.pyc
  inflating: lib/python3.11/__pycache__/__hello__.cpython-311.opt-2.pyc
  inflating: lib/python3.11/__pycache__/telnetlib.cpython-311.pyc
  inflating: lib/python3.11/__pycache__/profile.cpython-311.pyc
  inflating: lib/python3.11/__pycache__/warnings.cpython-311.pyc
  inflating: lib/python3.11/__pycache__/pstats.cpython-311.opt-2.pyc
  inflating: lib/python3.11/__pycache__/stat.cpython-311.opt-1.pyc
  inflating: lib/python3.11/__pycache__/pathlib.cpython-311.opt-2.pyc
  inflating: lib/python3.11/__pycache__/enum.cpython-311.opt-1.pyc
  inflating: lib/python3.11/__pycache__/warnings.cpython-311.opt-1.pyc
  inflating: lib/python3.11/__pycache__/antigravity.cpython-311.opt-2.pyc
  inflating: lib/python3.11/__pycache__/secrets.cpython-311.opt-2.pyc
  inflating: lib/python3.11/__pycache__/gettext.cpython-311.pyc
  inflating: lib/python3.11/__pycache__/webbrowser.cpython-311.opt-1.pyc
  inflating: lib/python3.11/__pycache__/copy.cpython-311.opt-2.pyc
  inflating: lib/python3.11/__pycache__/nturl2path.cpython-311.pyc
  inflating: lib/python3.11/__pycache__/graphlib.cpython-311.pyc
  inflating: lib/python3.11/__pycache__/_markupbase.cpython-311.opt-2.pyc
  inflating: lib/python3.11/__pycache__/textwrap.cpython-311.pyc
  inflating: lib/python3.11/__pycache__/struct.cpython-311.opt-2.pyc
  inflating: lib/python3.11/__pycache__/site.cpython-311.pyc
  inflating: lib/python3.11/__pycache__/enum.cpython-311.pyc
  inflating: lib/python3.11/__pycache__/imp.cpython-311.opt-2.pyc
  inflating: lib/python3.11/__pycache__/getopt.cpython-311.pyc
  inflating: lib/python3.11/__pycache__/optparse.cpython-311.opt-1.pyc
  inflating: lib/python3.11/__pycache__/ssl.cpython-311.opt-1.pyc
  inflating: lib/python3.11/__pycache__/token.cpython-311.opt-2.pyc
  inflating: lib/python3.11/__pycache__/getpass.cpython-311.pyc
  inflating: lib/python3.11/__pycache__/ntpath.cpython-311.opt-1.pyc
  inflating: lib/python3.11/__pycache__/zipapp.cpython-311.opt-2.pyc
  inflating: lib/python3.11/__pycache__/nturl2path.cpython-311.opt-1.pyc
  inflating: lib/python3.11/__pycache__/hmac.cpython-311.pyc
  inflating: lib/python3.11/__pycache__/aifc.cpython-311.opt-2.pyc
  inflating: lib/python3.11/__pycache__/codeop.cpython-311.opt-1.pyc
  inflating: lib/python3.11/__pycache__/getpass.cpython-311.opt-2.pyc
  inflating: lib/python3.11/__pycache__/tarfile.cpython-311.pyc
  inflating: lib/python3.11/__pycache__/csv.cpython-311.opt-1.pyc
  inflating: lib/python3.11/__pycache__/pipes.cpython-311.opt-2.pyc
  inflating: lib/python3.11/__pycache__/this.cpython-311.opt-1.pyc
  inflating: lib/python3.11/__pycache__/sndhdr.cpython-311.pyc
  inflating: lib/python3.11/__pycache__/compileall.cpython-311.opt-2.pyc
  inflating: lib/python3.11/__pycache__/pdb.cpython-311.opt-2.pyc
  inflating: lib/python3.11/__pycache__/threading.cpython-311.pyc
  inflating: lib/python3.11/__pycache__/mailbox.cpython-311.opt-1.pyc
  inflating: lib/python3.11/__pycache__/shlex.cpython-311.opt-1.pyc
  inflating: lib/python3.11/__pycache__/pydoc.cpython-311.pyc
  inflating: lib/python3.11/__pycache__/pstats.cpython-311.pyc
  inflating: lib/python3.11/__pycache__/operator.cpython-311.pyc
  inflating: lib/python3.11/__pycache__/os.cpython-311.pyc
  inflating: lib/python3.11/__pycache__/_pydecimal.cpython-311.opt-1.pyc
  inflating: lib/python3.11/__pycache__/queue.cpython-311.pyc
  inflating: lib/python3.11/__pycache__/token.cpython-311.pyc
  inflating: lib/python3.11/__pycache__/codecs.cpython-311.opt-2.pyc
  inflating: lib/python3.11/__pycache__/heapq.cpython-311.opt-2.pyc
  inflating: lib/python3.11/__pycache__/queue.cpython-311.opt-2.pyc
  inflating: lib/python3.11/__pycache__/decimal.cpython-311.pyc
  inflating: lib/python3.11/__pycache__/keyword.cpython-311.opt-2.pyc
  inflating: lib/python3.11/__pycache__/wave.cpython-311.opt-2.pyc
  inflating: lib/python3.11/__pycache__/csv.cpython-311.pyc
  inflating: lib/python3.11/__pycache__/statistics.cpython-311.opt-2.pyc
  inflating: lib/python3.11/__pycache__/_bootsubprocess.cpython-311.pyc
  inflating: lib/python3.11/__pycache__/cProfile.cpython-311.pyc
  inflating: lib/python3.11/__pycache__/socketserver.cpython-311.pyc
  inflating: lib/python3.11/__pycache__/sched.cpython-311.pyc
  inflating: lib/python3.11/__pycache__/sunau.cpython-311.opt-2.pyc
  inflating: lib/python3.11/__pycache__/_strptime.cpython-311.opt-1.pyc
  inflating: lib/python3.11/__pycache__/fileinput.cpython-311.opt-2.pyc
  inflating: lib/python3.11/__pycache__/glob.cpython-311.opt-1.pyc
  inflating: lib/python3.11/__pycache__/bz2.cpython-311.opt-2.pyc
  inflating: lib/python3.11/__pycache__/pty.cpython-311.opt-1.pyc
  inflating: lib/python3.11/__pycache__/profile.cpython-311.opt-1.pyc
  inflating: lib/python3.11/__pycache__/_threading_local.cpython-311.pyc
  inflating: lib/python3.11/__pycache__/socket.cpython-311.opt-2.pyc
  inflating: lib/python3.11/__pycache__/argparse.cpython-311.opt-2.pyc
  inflating: lib/python3.11/__pycache__/weakref.cpython-311.pyc
  inflating: lib/python3.11/__pycache__/functools.cpython-311.opt-2.pyc
  inflating: lib/python3.11/__pycache__/webbrowser.cpython-311.opt-2.pyc
  inflating: lib/python3.11/__pycache__/string.cpython-311.opt-1.pyc
  inflating: lib/python3.11/__pycache__/ssl.cpython-311.opt-2.pyc
  inflating: lib/python3.11/__pycache__/copyreg.cpython-311.pyc
  inflating: lib/python3.11/__pycache__/compileall.cpython-311.pyc
  inflating: lib/python3.11/__pycache__/pkgutil.cpython-311.pyc
  inflating: lib/python3.11/__pycache__/numbers.cpython-311.opt-2.pyc
  inflating: lib/python3.11/__pycache__/struct.cpython-311.opt-1.pyc
  inflating: lib/python3.11/__pycache__/__future__.cpython-311.pyc
  inflating: lib/python3.11/__pycache__/pickle.cpython-311.pyc
  inflating: lib/python3.11/__pycache__/timeit.cpython-311.pyc
  inflating: lib/python3.11/__pycache__/reprlib.cpython-311.pyc
  inflating: lib/python3.11/__pycache__/bz2.cpython-311.pyc
  inflating: lib/python3.11/__pycache__/linecache.cpython-311.pyc
  inflating: lib/python3.11/__pycache__/symtable.cpython-311.pyc
  inflating: lib/python3.11/__pycache__/calendar.cpython-311.opt-1.pyc
  inflating: lib/python3.11/__pycache__/netrc.cpython-311.pyc
  inflating: lib/python3.11/__pycache__/ftplib.cpython-311.opt-2.pyc
  inflating: lib/python3.11/__pycache__/ftplib.cpython-311.pyc
  inflating: lib/python3.11/__pycache__/configparser.cpython-311.opt-1.pyc
  inflating: lib/python3.11/__pycache__/wave.cpython-311.opt-1.pyc
  inflating: lib/python3.11/__pycache__/uuid.cpython-311.opt-1.pyc
  inflating: lib/python3.11/__pycache__/_compat_pickle.cpython-311.opt-1.pyc
  inflating: lib/python3.11/__pycache__/lzma.cpython-311.pyc
  inflating: lib/python3.11/__pycache__/copy.cpython-311.opt-1.pyc
  inflating: lib/python3.11/__pycache__/rlcompleter.cpython-311.opt-1.pyc
  inflating: lib/python3.11/__pycache__/tokenize.cpython-311.opt-2.pyc
  inflating: lib/python3.11/__pycache__/imaplib.cpython-311.pyc
  inflating: lib/python3.11/__pycache__/_pyio.cpython-311.opt-1.pyc
  inflating: lib/python3.11/__pycache__/webbrowser.cpython-311.pyc
  inflating: lib/python3.11/__pycache__/nturl2path.cpython-311.opt-2.pyc
  inflating: lib/python3.11/__pycache__/chunk.cpython-311.opt-2.pyc
  inflating: lib/python3.11/__pycache__/base64.cpython-311.opt-1.pyc
  inflating: lib/python3.11/__pycache__/codecs.cpython-311.opt-1.pyc
  inflating: lib/python3.11/__pycache__/sysconfig.cpython-311.pyc
  inflating: lib/python3.11/__pycache__/ssl.cpython-311.pyc
  inflating: lib/python3.11/__pycache__/queue.cpython-311.opt-1.pyc
  inflating: lib/python3.11/__pycache__/poplib.cpython-311.opt-1.pyc
  inflating: lib/python3.11/__pycache__/socketserver.cpython-311.opt-2.pyc
  inflating: lib/python3.11/__pycache__/modulefinder.cpython-311.opt-2.pyc
  inflating: lib/python3.11/__pycache__/_bootsubprocess.cpython-311.opt-2.pyc
  inflating: lib/python3.11/__pycache__/tty.cpython-311.opt-1.pyc
  inflating: lib/python3.11/__pycache__/cProfile.cpython-311.opt-1.pyc
  inflating: lib/python3.11/__pycache__/pickletools.cpython-311.opt-1.pyc
  inflating: lib/python3.11/__pycache__/tempfile.cpython-311.opt-2.pyc
  inflating: lib/python3.11/__pycache__/copyreg.cpython-311.opt-1.pyc
  inflating: lib/python3.11/__pycache__/tracemalloc.cpython-311.opt-2.pyc
  inflating: lib/python3.11/__pycache__/cmd.cpython-311.opt-1.pyc
  inflating: lib/python3.11/__pycache__/site.cpython-311.opt-1.pyc
  inflating: lib/python3.11/__pycache__/base64.cpython-311.opt-2.pyc
  inflating: lib/python3.11/__pycache__/sndhdr.cpython-311.opt-1.pyc
  inflating: lib/python3.11/__pycache__/graphlib.cpython-311.opt-2.pyc
  inflating: lib/python3.11/__pycache__/random.cpython-311.opt-1.pyc
  inflating: lib/python3.11/__pycache__/sre_parse.cpython-311.pyc
  inflating: lib/python3.11/__pycache__/chunk.cpython-311.opt-1.pyc
  inflating: lib/python3.11/__pycache__/sysconfig.cpython-311.opt-2.pyc
  inflating: lib/python3.11/__pycache__/compileall.cpython-311.opt-1.pyc
  inflating: lib/python3.11/__pycache__/signal.cpython-311.opt-2.pyc
  inflating: lib/python3.11/__pycache__/sre_compile.cpython-311.pyc
  inflating: lib/python3.11/__pycache__/tabnanny.cpython-311.opt-1.pyc
  inflating: lib/python3.11/__pycache__/functools.cpython-311.opt-1.pyc
  inflating: lib/python3.11/__pycache__/heapq.cpython-311.opt-1.pyc
  inflating: lib/python3.11/__pycache__/optparse.cpython-311.pyc
  inflating: lib/python3.11/__pycache__/os.cpython-311.opt-1.pyc
  inflating: lib/python3.11/__pycache__/ntpath.cpython-311.pyc
  inflating: lib/python3.11/__pycache__/pyclbr.cpython-311.opt-1.pyc
  inflating: lib/python3.11/__pycache__/uu.cpython-311.opt-1.pyc
  inflating: lib/python3.11/__pycache__/poplib.cpython-311.opt-2.pyc
  inflating: lib/python3.11/__pycache__/calendar.cpython-311.pyc
  inflating: lib/python3.11/__pycache__/wave.cpython-311.pyc
  inflating: lib/python3.11/__pycache__/imghdr.cpython-311.opt-2.pyc
  inflating: lib/python3.11/__pycache__/antigravity.cpython-311.opt-1.pyc
  inflating: lib/python3.11/__pycache__/_markupbase.cpython-311.opt-1.pyc
  inflating: lib/python3.11/__pycache__/decimal.cpython-311.opt-2.pyc
  inflating: lib/python3.11/__pycache__/keyword.cpython-311.pyc
  inflating: lib/python3.11/__pycache__/_collections_abc.cpython-311.opt-2.pyc
  inflating: lib/python3.11/__pycache__/cmd.cpython-311.opt-2.pyc
  inflating: lib/python3.11/__pycache__/crypt.cpython-311.pyc
  inflating: lib/python3.11/__pycache__/opcode.cpython-311.opt-2.pyc
  inflating: lib/python3.11/__pycache__/imaplib.cpython-311.opt-2.pyc
  inflating: lib/python3.11/__pycache__/abc.cpython-311.opt-2.pyc
  inflating: lib/python3.11/__pycache__/decimal.cpython-311.opt-1.pyc
  inflating: lib/python3.11/__pycache__/contextlib.cpython-311.opt-2.pyc
  inflating: lib/python3.11/__pycache__/pickle.cpython-311.opt-1.pyc
  inflating: lib/python3.11/__pycache__/tracemalloc.cpython-311.pyc
  inflating: lib/python3.11/__pycache__/posixpath.cpython-311.opt-1.pyc
  inflating: lib/python3.11/__pycache__/_pyio.cpython-311.pyc
  inflating: lib/python3.11/__pycache__/pprint.cpython-311.opt-1.pyc
  inflating: lib/python3.11/__pycache__/modulefinder.cpython-311.opt-1.pyc
  inflating: lib/python3.11/__pycache__/glob.cpython-311.pyc
  inflating: lib/python3.11/__pycache__/keyword.cpython-311.opt-1.pyc
  inflating: lib/python3.11/__pycache__/bz2.cpython-311.opt-1.pyc
  inflating: lib/python3.11/__pycache__/ntpath.cpython-311.opt-2.pyc
  inflating: lib/python3.11/__pycache__/mimetypes.cpython-311.pyc
  inflating: lib/python3.11/__pycache__/inspect.cpython-311.opt-2.pyc
  inflating: lib/python3.11/__pycache__/colorsys.cpython-311.opt-2.pyc
  inflating: lib/python3.11/__pycache__/statistics.cpython-311.opt-1.pyc
  inflating: lib/python3.11/__pycache__/base64.cpython-311.pyc
  inflating: lib/python3.11/__pycache__/_compression.cpython-311.pyc
  inflating: lib/python3.11/__pycache__/bisect.cpython-311.pyc
  inflating: lib/python3.11/__pycache__/subprocess.cpython-311.opt-2.pyc
  inflating: lib/python3.11/__pycache__/dataclasses.cpython-311.opt-2.pyc
  inflating: lib/python3.11/__pycache__/_aix_support.cpython-311.opt-2.pyc
  inflating: lib/python3.11/__pycache__/dataclasses.cpython-311.pyc
  inflating: lib/python3.11/__pycache__/asyncore.cpython-311.opt-1.pyc
  inflating: lib/python3.11/__pycache__/_weakrefset.cpython-311.opt-1.pyc
  inflating: lib/python3.11/__pycache__/pydoc.cpython-311.opt-2.pyc
  inflating: lib/python3.11/__pycache__/fractions.cpython-311.opt-1.pyc
  inflating: lib/python3.11/__pycache__/tokenize.cpython-311.pyc
  inflating: lib/python3.11/token.py
  inflating: lib/python3.11/doctest.py
  inflating: lib/python3.11/signal.py
  inflating: lib/python3.11/compileall.py
  inflating: lib/python3.11/__phello__/spam.py
  inflating: lib/python3.11/__phello__/__init__.py
  inflating: lib/python3.11/__phello__/__pycache__/spam.cpython-311.opt-2.pyc
  inflating: lib/python3.11/__phello__/__pycache__/__init__.cpython-311.opt-1.pyc
  inflating: lib/python3.11/__phello__/__pycache__/__init__.cpython-311.pyc
  inflating: lib/python3.11/__phello__/__pycache__/spam.cpython-311.pyc
  inflating: lib/python3.11/__phello__/__pycache__/__init__.cpython-311.opt-2.pyc
  inflating: lib/python3.11/__phello__/__pycache__/spam.cpython-311.opt-1.pyc
  inflating: lib/python3.11/asyncio/transports.py
  inflating: lib/python3.11/asyncio/base_subprocess.py
  inflating: lib/python3.11/asyncio/subprocess.py
  inflating: lib/python3.11/asyncio/tasks.py
  inflating: lib/python3.11/asyncio/log.py
  inflating: lib/python3.11/asyncio/__main__.py
  inflating: lib/python3.11/asyncio/base_futures.py
  inflating: lib/python3.11/asyncio/trsock.py
  inflating: lib/python3.11/asyncio/staggered.py
  inflating: lib/python3.11/asyncio/format_helpers.py
  inflating: lib/python3.11/asyncio/__init__.py
  inflating: lib/python3.11/asyncio/locks.py
  inflating: lib/python3.11/asyncio/base_tasks.py
  inflating: lib/python3.11/asyncio/sslproto.py
  inflating: lib/python3.11/asyncio/events.py
  inflating: lib/python3.11/asyncio/runners.py
  inflating: lib/python3.11/asyncio/streams.py
  inflating: lib/python3.11/asyncio/constants.py
  inflating: lib/python3.11/asyncio/windows_utils.py
  inflating: lib/python3.11/asyncio/proactor_events.py
  inflating: lib/python3.11/asyncio/windows_events.py
  inflating: lib/python3.11/asyncio/exceptions.py
  inflating: lib/python3.11/asyncio/queues.py
  inflating: lib/python3.11/asyncio/coroutines.py
  inflating: lib/python3.11/asyncio/unix_events.py
  inflating: lib/python3.11/asyncio/mixins.py
  inflating: lib/python3.11/asyncio/timeouts.py
  inflating: lib/python3.11/asyncio/taskgroups.py
  inflating: lib/python3.11/asyncio/selector_events.py
  inflating: lib/python3.11/asyncio/__pycache__/trsock.cpython-311.opt-2.pyc
  inflating: lib/python3.11/asyncio/__pycache__/constants.cpython-311.opt-1.pyc
  inflating: lib/python3.11/asyncio/__pycache__/selector_events.cpython-311.pyc
  inflating: lib/python3.11/asyncio/__pycache__/log.cpython-311.opt-1.pyc
  inflating: lib/python3.11/asyncio/__pycache__/trsock.cpython-311.opt-1.pyc
  inflating: lib/python3.11/asyncio/__pycache__/windows_events.cpython-311.pyc
  inflating: lib/python3.11/asyncio/__pycache__/trsock.cpython-311.pyc
  inflating: lib/python3.11/asyncio/__pycache__/queues.cpython-311.opt-2.pyc
  inflating: lib/python3.11/asyncio/__pycache__/format_helpers.cpython-311.opt-1.pyc
  inflating: lib/python3.11/asyncio/__pycache__/tasks.cpython-311.pyc
  inflating: lib/python3.11/asyncio/__pycache__/base_futures.cpython-311.pyc
  inflating: lib/python3.11/asyncio/__pycache__/format_helpers.cpython-311.opt-2.pyc
  inflating: lib/python3.11/asyncio/__pycache__/sslproto.cpython-311.opt-2.pyc
  inflating: lib/python3.11/asyncio/__pycache__/protocols.cpython-311.opt-1.pyc
  inflating: lib/python3.11/asyncio/__pycache__/unix_events.cpython-311.opt-1.pyc
  inflating: lib/python3.11/asyncio/__pycache__/mixins.cpython-311.opt-2.pyc
  inflating: lib/python3.11/asyncio/__pycache__/format_helpers.cpython-311.pyc
  inflating: lib/python3.11/asyncio/__pycache__/streams.cpython-311.pyc
  inflating: lib/python3.11/asyncio/__pycache__/mixins.cpython-311.pyc
  inflating: lib/python3.11/asyncio/__pycache__/base_events.cpython-311.opt-1.pyc
  inflating: lib/python3.11/asyncio/__pycache__/windows_utils.cpython-311.pyc
  inflating: lib/python3.11/asyncio/__pycache__/transports.cpython-311.opt-2.pyc
  inflating: lib/python3.11/asyncio/__pycache__/base_tasks.cpython-311.opt-2.pyc
  inflating: lib/python3.11/asyncio/__pycache__/transports.cpython-311.opt-1.pyc
  inflating: lib/python3.11/asyncio/__pycache__/queues.cpython-311.opt-1.pyc
  inflating: lib/python3.11/asyncio/__pycache__/subprocess.cpython-311.pyc
  inflating: lib/python3.11/asyncio/__pycache__/runners.cpython-311.pyc
  inflating: lib/python3.11/asyncio/__pycache__/__init__.cpython-311.opt-1.pyc
  inflating: lib/python3.11/asyncio/__pycache__/proactor_events.cpython-311.pyc
  inflating: lib/python3.11/asyncio/__pycache__/protocols.cpython-311.opt-2.pyc
  inflating: lib/python3.11/asyncio/__pycache__/exceptions.cpython-311.opt-1.pyc
  inflating: lib/python3.11/asyncio/__pycache__/taskgroups.cpython-311.pyc
  inflating: lib/python3.11/asyncio/__pycache__/subprocess.cpython-311.opt-1.pyc
  inflating: lib/python3.11/asyncio/__pycache__/windows_utils.cpython-311.opt-1.pyc
  inflating: lib/python3.11/asyncio/__pycache__/selector_events.cpython-311.opt-2.pyc
  inflating: lib/python3.11/asyncio/__pycache__/runners.cpython-311.opt-1.pyc
  inflating: lib/python3.11/asyncio/__pycache__/base_subprocess.cpython-311.opt-1.pyc
  inflating: lib/python3.11/asyncio/__pycache__/coroutines.cpython-311.opt-2.pyc
  inflating: lib/python3.11/asyncio/__pycache__/__main__.cpython-311.opt-1.pyc
  inflating: lib/python3.11/asyncio/__pycache__/threads.cpython-311.pyc
  inflating: lib/python3.11/asyncio/__pycache__/events.cpython-311.pyc
  inflating: lib/python3.11/asyncio/__pycache__/exceptions.cpython-311.opt-2.pyc
  inflating: lib/python3.11/asyncio/__pycache__/taskgroups.cpython-311.opt-1.pyc
  inflating: lib/python3.11/asyncio/__pycache__/transports.cpython-311.pyc
  inflating: lib/python3.11/asyncio/__pycache__/__init__.cpython-311.pyc
  inflating: lib/python3.11/asyncio/__pycache__/mixins.cpython-311.opt-1.pyc
  inflating: lib/python3.11/asyncio/__pycache__/coroutines.cpython-311.opt-1.pyc
  inflating: lib/python3.11/asyncio/__pycache__/threads.cpython-311.opt-2.pyc
  inflating: lib/python3.11/asyncio/__pycache__/tasks.cpython-311.opt-1.pyc
  inflating: lib/python3.11/asyncio/__pycache__/queues.cpython-311.pyc
  inflating: lib/python3.11/asyncio/__pycache__/base_subprocess.cpython-311.pyc
  inflating: lib/python3.11/asyncio/__pycache__/base_futures.cpython-311.opt-2.pyc
  inflating: lib/python3.11/asyncio/__pycache__/unix_events.cpython-311.pyc
  inflating: lib/python3.11/asyncio/__pycache__/sslproto.cpython-311.pyc
  inflating: lib/python3.11/asyncio/__pycache__/base_tasks.cpython-311.opt-1.pyc
  inflating: lib/python3.11/asyncio/__pycache__/windows_events.cpython-311.opt-2.pyc
  inflating: lib/python3.11/asyncio/__pycache__/coroutines.cpython-311.pyc
  inflating: lib/python3.11/asyncio/__pycache__/taskgroups.cpython-311.opt-2.pyc
  inflating: lib/python3.11/asyncio/__pycache__/windows_events.cpython-311.opt-1.pyc
  inflating: lib/python3.11/asyncio/__pycache__/unix_events.cpython-311.opt-2.pyc
  inflating: lib/python3.11/asyncio/__pycache__/log.cpython-311.opt-2.pyc
  inflating: lib/python3.11/asyncio/__pycache__/__main__.cpython-311.opt-2.pyc
  inflating: lib/python3.11/asyncio/__pycache__/selector_events.cpython-311.opt-1.pyc
  inflating: lib/python3.11/asyncio/__pycache__/locks.cpython-311.opt-2.pyc
  inflating: lib/python3.11/asyncio/__pycache__/base_events.cpython-311.opt-2.pyc
  inflating: lib/python3.11/asyncio/__pycache__/protocols.cpython-311.pyc
  inflating: lib/python3.11/asyncio/__pycache__/proactor_events.cpython-311.opt-2.pyc
  inflating: lib/python3.11/asyncio/__pycache__/timeouts.cpython-311.opt-2.pyc
  inflating: lib/python3.11/asyncio/__pycache__/__init__.cpython-311.opt-2.pyc
  inflating: lib/python3.11/asyncio/__pycache__/timeouts.cpython-311.pyc
  inflating: lib/python3.11/asyncio/__pycache__/sslproto.cpython-311.opt-1.pyc
  inflating: lib/python3.11/asyncio/__pycache__/constants.cpython-311.pyc
  inflating: lib/python3.11/asyncio/__pycache__/staggered.cpython-311.pyc
  inflating: lib/python3.11/asyncio/__pycache__/events.cpython-311.opt-1.pyc
  inflating: lib/python3.11/asyncio/__pycache__/futures.cpython-311.opt-2.pyc
  inflating: lib/python3.11/asyncio/__pycache__/base_tasks.cpython-311.pyc
  inflating: lib/python3.11/asyncio/__pycache__/staggered.cpython-311.opt-1.pyc
  inflating: lib/python3.11/asyncio/__pycache__/windows_utils.cpython-311.opt-2.pyc
  inflating: lib/python3.11/asyncio/__pycache__/events.cpython-311.opt-2.pyc
  inflating: lib/python3.11/asyncio/__pycache__/streams.cpython-311.opt-1.pyc
  inflating: lib/python3.11/asyncio/__pycache__/__main__.cpython-311.pyc
  inflating: lib/python3.11/asyncio/__pycache__/runners.cpython-311.opt-2.pyc
  inflating: lib/python3.11/asyncio/__pycache__/tasks.cpython-311.opt-2.pyc
  inflating: lib/python3.11/asyncio/__pycache__/streams.cpython-311.opt-2.pyc
  inflating: lib/python3.11/asyncio/__pycache__/constants.cpython-311.opt-2.pyc
  inflating: lib/python3.11/asyncio/__pycache__/locks.cpython-311.pyc
  inflating: lib/python3.11/asyncio/__pycache__/futures.cpython-311.pyc
  inflating: lib/python3.11/asyncio/__pycache__/base_subprocess.cpython-311.opt-2.pyc
  inflating: lib/python3.11/asyncio/__pycache__/futures.cpython-311.opt-1.pyc
  inflating: lib/python3.11/asyncio/__pycache__/threads.cpython-311.opt-1.pyc
  inflating: lib/python3.11/asyncio/__pycache__/locks.cpython-311.opt-1.pyc
  inflating: lib/python3.11/asyncio/__pycache__/proactor_events.cpython-311.opt-1.pyc
  inflating: lib/python3.11/asyncio/__pycache__/exceptions.cpython-311.pyc
  inflating: lib/python3.11/asyncio/__pycache__/timeouts.cpython-311.opt-1.pyc
  inflating: lib/python3.11/asyncio/__pycache__/base_futures.cpython-311.opt-1.pyc
  inflating: lib/python3.11/asyncio/__pycache__/staggered.cpython-311.opt-2.pyc
  inflating: lib/python3.11/asyncio/__pycache__/log.cpython-311.pyc
  inflating: lib/python3.11/asyncio/__pycache__/subprocess.cpython-311.opt-2.pyc
  inflating: lib/python3.11/asyncio/__pycache__/base_events.cpython-311.pyc
  inflating: lib/python3.11/asyncio/protocols.py
  inflating: lib/python3.11/asyncio/threads.py
  inflating: lib/python3.11/asyncio/base_events.py
  inflating: lib/python3.11/asyncio/futures.py
  inflating: lib/python3.11/site-packages/setuptools/script.tmpl
  inflating: lib/python3.11/site-packages/setuptools/dep_util.py
  inflating: lib/python3.11/site-packages/setuptools/msvc.py
  inflating: lib/python3.11/site-packages/setuptools/dist.py
  inflating: lib/python3.11/site-packages/setuptools/archive_util.py
  inflating: lib/python3.11/site-packages/setuptools/_vendor/jaraco/context.py
  inflating: lib/python3.11/site-packages/setuptools/_vendor/jaraco/__init__.py
  inflating: lib/python3.11/site-packages/setuptools/_vendor/jaraco/functools.py
  inflating: lib/python3.11/site-packages/setuptools/_vendor/jaraco/text/__init__.py
  inflating: lib/python3.11/site-packages/setuptools/_vendor/jaraco/text/__pycache__/__init__.cpython-311.pyc
  inflating: lib/python3.11/site-packages/setuptools/_vendor/jaraco/__pycache__/functools.cpython-311.pyc
  inflating: lib/python3.11/site-packages/setuptools/_vendor/jaraco/__pycache__/context.cpython-311.pyc
  inflating: lib/python3.11/site-packages/setuptools/_vendor/jaraco/__pycache__/__init__.cpython-311.pyc
  inflating: lib/python3.11/site-packages/setuptools/_vendor/pyparsing/__init__.py
  inflating: lib/python3.11/site-packages/setuptools/_vendor/pyparsing/util.py
  inflating: lib/python3.11/site-packages/setuptools/_vendor/pyparsing/actions.py
  inflating: lib/python3.11/site-packages/setuptools/_vendor/pyparsing/unicode.py
  inflating: lib/python3.11/site-packages/setuptools/_vendor/pyparsing/exceptions.py
  inflating: lib/python3.11/site-packages/setuptools/_vendor/pyparsing/testing.py
  inflating: lib/python3.11/site-packages/setuptools/_vendor/pyparsing/common.py
  inflating: lib/python3.11/site-packages/setuptools/_vendor/pyparsing/diagram/__init__.py
  inflating: lib/python3.11/site-packages/setuptools/_vendor/pyparsing/diagram/__pycache__/__init__.cpython-311.pyc
  inflating: lib/python3.11/site-packages/setuptools/_vendor/pyparsing/core.py
  inflating: lib/python3.11/site-packages/setuptools/_vendor/pyparsing/__pycache__/core.cpython-311.pyc
  inflating: lib/python3.11/site-packages/setuptools/_vendor/pyparsing/__pycache__/helpers.cpython-311.pyc
  inflating: lib/python3.11/site-packages/setuptools/_vendor/pyparsing/__pycache__/results.cpython-311.pyc
  inflating: lib/python3.11/site-packages/setuptools/_vendor/pyparsing/__pycache__/__init__.cpython-311.pyc
  inflating: lib/python3.11/site-packages/setuptools/_vendor/pyparsing/__pycache__/actions.cpython-311.pyc
  inflating: lib/python3.11/site-packages/setuptools/_vendor/pyparsing/__pycache__/testing.cpython-311.pyc
  inflating: lib/python3.11/site-packages/setuptools/_vendor/pyparsing/__pycache__/unicode.cpython-311.pyc
  inflating: lib/python3.11/site-packages/setuptools/_vendor/pyparsing/__pycache__/common.cpython-311.pyc
  inflating: lib/python3.11/site-packages/setuptools/_vendor/pyparsing/__pycache__/exceptions.cpython-311.pyc
  inflating: lib/python3.11/site-packages/setuptools/_vendor/pyparsing/__pycache__/util.cpython-311.pyc
  inflating: lib/python3.11/site-packages/setuptools/_vendor/pyparsing/results.py
  inflating: lib/python3.11/site-packages/setuptools/_vendor/pyparsing/helpers.py
  inflating: lib/python3.11/site-packages/setuptools/_vendor/more_itertools/more.py
  inflating: lib/python3.11/site-packages/setuptools/_vendor/more_itertools/recipes.py
  inflating: lib/python3.11/site-packages/setuptools/_vendor/more_itertools/__init__.py
  inflating: lib/python3.11/site-packages/setuptools/_vendor/more_itertools/__pycache__/more.cpython-311.pyc
  inflating: lib/python3.11/site-packages/setuptools/_vendor/more_itertools/__pycache__/__init__.cpython-311.pyc
  inflating: lib/python3.11/site-packages/setuptools/_vendor/more_itertools/__pycache__/recipes.cpython-311.pyc
  inflating: lib/python3.11/site-packages/setuptools/_vendor/importlib_metadata/_adapters.py
  inflating: lib/python3.11/site-packages/setuptools/_vendor/importlib_metadata/_functools.py
  inflating: lib/python3.11/site-packages/setuptools/_vendor/importlib_metadata/__init__.py
  inflating: lib/python3.11/site-packages/setuptools/_vendor/importlib_metadata/_compat.py
  inflating: lib/python3.11/site-packages/setuptools/_vendor/importlib_metadata/_meta.py
  inflating: lib/python3.11/site-packages/setuptools/_vendor/importlib_metadata/_collections.py
  inflating: lib/python3.11/site-packages/setuptools/_vendor/importlib_metadata/_text.py
  inflating: lib/python3.11/site-packages/setuptools/_vendor/importlib_metadata/_itertools.py
  inflating: lib/python3.11/site-packages/setuptools/_vendor/importlib_metadata/__pycache__/_compat.cpython-311.pyc
  inflating: lib/python3.11/site-packages/setuptools/_vendor/importlib_metadata/__pycache__/_itertools.cpython-311.pyc
  inflating: lib/python3.11/site-packages/setuptools/_vendor/importlib_metadata/__pycache__/_collections.cpython-311.pyc
  inflating: lib/python3.11/site-packages/setuptools/_vendor/importlib_metadata/__pycache__/_functools.cpython-311.pyc
  inflating: lib/python3.11/site-packages/setuptools/_vendor/importlib_metadata/__pycache__/__init__.cpython-311.pyc
  inflating: lib/python3.11/site-packages/setuptools/_vendor/importlib_metadata/__pycache__/_meta.cpython-311.pyc
  inflating: lib/python3.11/site-packages/setuptools/_vendor/importlib_metadata/__pycache__/_adapters.cpython-311.pyc
  inflating: lib/python3.11/site-packages/setuptools/_vendor/importlib_metadata/__pycache__/_text.cpython-311.pyc
  inflating: lib/python3.11/site-packages/setuptools/_vendor/__init__.py
  inflating: lib/python3.11/site-packages/setuptools/_vendor/ordered_set.py
  inflating: lib/python3.11/site-packages/setuptools/_vendor/zipp.py
  inflating: lib/python3.11/site-packages/setuptools/_vendor/importlib_resources/_common.py
  inflating: lib/python3.11/site-packages/setuptools/_vendor/importlib_resources/_adapters.py
  inflating: lib/python3.11/site-packages/setuptools/_vendor/importlib_resources/simple.py
  inflating: lib/python3.11/site-packages/setuptools/_vendor/importlib_resources/__init__.py
  inflating: lib/python3.11/site-packages/setuptools/_vendor/importlib_resources/abc.py
  inflating: lib/python3.11/site-packages/setuptools/_vendor/importlib_resources/_compat.py
  inflating: lib/python3.11/site-packages/setuptools/_vendor/importlib_resources/_itertools.py
  inflating: lib/python3.11/site-packages/setuptools/_vendor/importlib_resources/__pycache__/_compat.cpython-311.pyc
  inflating: lib/python3.11/site-packages/setuptools/_vendor/importlib_resources/__pycache__/_itertools.cpython-311.pyc
  inflating: lib/python3.11/site-packages/setuptools/_vendor/importlib_resources/__pycache__/__init__.cpython-311.pyc
  inflating: lib/python3.11/site-packages/setuptools/_vendor/importlib_resources/__pycache__/simple.cpython-311.pyc
  inflating: lib/python3.11/site-packages/setuptools/_vendor/importlib_resources/__pycache__/_common.cpython-311.pyc
  inflating: lib/python3.11/site-packages/setuptools/_vendor/importlib_resources/__pycache__/abc.cpython-311.pyc
  inflating: lib/python3.11/site-packages/setuptools/_vendor/importlib_resources/__pycache__/_adapters.cpython-311.pyc
  inflating: lib/python3.11/site-packages/setuptools/_vendor/importlib_resources/__pycache__/readers.cpython-311.pyc
  inflating: lib/python3.11/site-packages/setuptools/_vendor/importlib_resources/__pycache__/_legacy.cpython-311.pyc
  inflating: lib/python3.11/site-packages/setuptools/_vendor/importlib_resources/readers.py
  inflating: lib/python3.11/site-packages/setuptools/_vendor/importlib_resources/_legacy.py
  inflating: lib/python3.11/site-packages/setuptools/_vendor/__pycache__/__init__.cpython-311.pyc
  inflating: lib/python3.11/site-packages/setuptools/_vendor/__pycache__/typing_extensions.cpython-311.pyc
  inflating: lib/python3.11/site-packages/setuptools/_vendor/__pycache__/zipp.cpython-311.pyc
  inflating: lib/python3.11/site-packages/setuptools/_vendor/__pycache__/ordered_set.cpython-311.pyc
  inflating: lib/python3.11/site-packages/setuptools/_vendor/tomli/_re.py
  inflating: lib/python3.11/site-packages/setuptools/_vendor/tomli/_types.py
  inflating: lib/python3.11/site-packages/setuptools/_vendor/tomli/__init__.py
  inflating: lib/python3.11/site-packages/setuptools/_vendor/tomli/_parser.py
  inflating: lib/python3.11/site-packages/setuptools/_vendor/tomli/__pycache__/_re.cpython-311.pyc
  inflating: lib/python3.11/site-packages/setuptools/_vendor/tomli/__pycache__/_parser.cpython-311.pyc
  inflating: lib/python3.11/site-packages/setuptools/_vendor/tomli/__pycache__/__init__.cpython-311.pyc
  inflating: lib/python3.11/site-packages/setuptools/_vendor/tomli/__pycache__/_types.cpython-311.pyc
  inflating: lib/python3.11/site-packages/setuptools/_vendor/packaging/specifiers.py
  inflating: lib/python3.11/site-packages/setuptools/_vendor/packaging/markers.py
  inflating: lib/python3.11/site-packages/setuptools/_vendor/packaging/__about__.py
  inflating: lib/python3.11/site-packages/setuptools/_vendor/packaging/__init__.py
  inflating: lib/python3.11/site-packages/setuptools/_vendor/packaging/version.py
  inflating: lib/python3.11/site-packages/setuptools/_vendor/packaging/_manylinux.py
  inflating: lib/python3.11/site-packages/setuptools/_vendor/packaging/_structures.py
  inflating: lib/python3.11/site-packages/setuptools/_vendor/packaging/__pycache__/markers.cpython-311.pyc
  inflating: lib/python3.11/site-packages/setuptools/_vendor/packaging/__pycache__/specifiers.cpython-311.pyc
  inflating: lib/python3.11/site-packages/setuptools/_vendor/packaging/__pycache__/utils.cpython-311.pyc
  inflating: lib/python3.11/site-packages/setuptools/_vendor/packaging/__pycache__/version.cpython-311.pyc
  inflating: lib/python3.11/site-packages/setuptools/_vendor/packaging/__pycache__/__init__.cpython-311.pyc
  inflating: lib/python3.11/site-packages/setuptools/_vendor/packaging/__pycache__/requirements.cpython-311.pyc
  inflating: lib/python3.11/site-packages/setuptools/_vendor/packaging/__pycache__/_musllinux.cpython-311.pyc
  inflating: lib/python3.11/site-packages/setuptools/_vendor/packaging/__pycache__/__about__.cpython-311.pyc
  inflating: lib/python3.11/site-packages/setuptools/_vendor/packaging/__pycache__/_structures.cpython-311.pyc
  inflating: lib/python3.11/site-packages/setuptools/_vendor/packaging/__pycache__/_manylinux.cpython-311.pyc
  inflating: lib/python3.11/site-packages/setuptools/_vendor/packaging/__pycache__/tags.cpython-311.pyc
  inflating: lib/python3.11/site-packages/setuptools/_vendor/packaging/_musllinux.py
  inflating: lib/python3.11/site-packages/setuptools/_vendor/packaging/utils.py
  inflating: lib/python3.11/site-packages/setuptools/_vendor/packaging/tags.py
  inflating: lib/python3.11/site-packages/setuptools/_vendor/packaging/requirements.py
  inflating: lib/python3.11/site-packages/setuptools/_vendor/typing_extensions.py
  inflating: lib/python3.11/site-packages/setuptools/script (dev).tmpl
  inflating: lib/python3.11/site-packages/setuptools/_distutils/debug.py
  inflating: lib/python3.11/site-packages/setuptools/_distutils/msvc9compiler.py
  inflating: lib/python3.11/site-packages/setuptools/_distutils/spawn.py
  inflating: lib/python3.11/site-packages/setuptools/_distutils/dir_util.py
  inflating: lib/python3.11/site-packages/setuptools/_distutils/text_file.py
  inflating: lib/python3.11/site-packages/setuptools/_distutils/dep_util.py
  inflating: lib/python3.11/site-packages/setuptools/_distutils/log.py
  inflating: lib/python3.11/site-packages/setuptools/_distutils/dist.py
  inflating: lib/python3.11/site-packages/setuptools/_distutils/_functools.py
  inflating: lib/python3.11/site-packages/setuptools/_distutils/archive_util.py
  inflating: lib/python3.11/site-packages/setuptools/_distutils/bcppcompiler.py
  inflating: lib/python3.11/site-packages/setuptools/_distutils/cmd.py
  inflating: lib/python3.11/site-packages/setuptools/_distutils/_macos_compat.py
  inflating: lib/python3.11/site-packages/setuptools/_distutils/sysconfig.py
  inflating: lib/python3.11/site-packages/setuptools/_distutils/__init__.py
  inflating: lib/python3.11/site-packages/setuptools/_distutils/fancy_getopt.py
  inflating: lib/python3.11/site-packages/setuptools/_distutils/versionpredicate.py
  inflating: lib/python3.11/site-packages/setuptools/_distutils/_msvccompiler.py
  inflating: lib/python3.11/site-packages/setuptools/_distutils/util.py
  inflating: lib/python3.11/site-packages/setuptools/_distutils/ccompiler.py
  inflating: lib/python3.11/site-packages/setuptools/_distutils/config.py
  inflating: lib/python3.11/site-packages/setuptools/_distutils/py38compat.py
  inflating: lib/python3.11/site-packages/setuptools/_distutils/version.py
  inflating: lib/python3.11/site-packages/setuptools/_distutils/filelist.py
  inflating: lib/python3.11/site-packages/setuptools/_distutils/cygwinccompiler.py
  inflating: lib/python3.11/site-packages/setuptools/_distutils/msvccompiler.py
  inflating: lib/python3.11/site-packages/setuptools/_distutils/errors.py
  inflating: lib/python3.11/site-packages/setuptools/_distutils/_collections.py
  inflating: lib/python3.11/site-packages/setuptools/_distutils/py39compat.py
  inflating: lib/python3.11/site-packages/setuptools/_distutils/core.py
  inflating: lib/python3.11/site-packages/setuptools/_distutils/unixccompiler.py
  inflating: lib/python3.11/site-packages/setuptools/_distutils/command/bdist_dumb.py
  inflating: lib/python3.11/site-packages/setuptools/_distutils/command/py37compat.py
  inflating: lib/python3.11/site-packages/setuptools/_distutils/command/clean.py
  inflating: lib/python3.11/site-packages/setuptools/_distutils/command/build.py
  inflating: lib/python3.11/site-packages/setuptools/_distutils/command/install_headers.py
  inflating: lib/python3.11/site-packages/setuptools/_distutils/command/build_py.py
  inflating: lib/python3.11/site-packages/setuptools/_distutils/command/install_lib.py
  inflating: lib/python3.11/site-packages/setuptools/_distutils/command/install_egg_info.py
  inflating: lib/python3.11/site-packages/setuptools/_distutils/command/__init__.py
  inflating: lib/python3.11/site-packages/setuptools/_distutils/command/check.py
  inflating: lib/python3.11/site-packages/setuptools/_distutils/command/build_ext.py
  inflating: lib/python3.11/site-packages/setuptools/_distutils/command/bdist_rpm.py
  inflating: lib/python3.11/site-packages/setuptools/_distutils/command/install_data.py
  inflating: lib/python3.11/site-packages/setuptools/_distutils/command/config.py
  inflating: lib/python3.11/site-packages/setuptools/_distutils/command/_framework_compat.py
  inflating: lib/python3.11/site-packages/setuptools/_distutils/command/upload.py
  inflating: lib/python3.11/site-packages/setuptools/_distutils/command/install.py
  inflating: lib/python3.11/site-packages/setuptools/_distutils/command/install_scripts.py
  inflating: lib/python3.11/site-packages/setuptools/_distutils/command/sdist.py
  inflating: lib/python3.11/site-packages/setuptools/_distutils/command/build_clib.py
  inflating: lib/python3.11/site-packages/setuptools/_distutils/command/bdist.py
  inflating: lib/python3.11/site-packages/setuptools/_distutils/command/__pycache__/bdist_dumb.cpython-311.pyc
  inflating: lib/python3.11/site-packages/setuptools/_distutils/command/__pycache__/install_egg_info.cpython-311.pyc
  inflating: lib/python3.11/site-packages/setuptools/_distutils/command/__pycache__/check.cpython-311.pyc
  inflating: lib/python3.11/site-packages/setuptools/_distutils/command/__pycache__/install_headers.cpython-311.pyc
  inflating: lib/python3.11/site-packages/setuptools/_distutils/command/__pycache__/install_scripts.cpython-311.pyc
  inflating: lib/python3.11/site-packages/setuptools/_distutils/command/__pycache__/build_clib.cpython-311.pyc
  inflating: lib/python3.11/site-packages/setuptools/_distutils/command/__pycache__/install.cpython-311.pyc
  inflating: lib/python3.11/site-packages/setuptools/_distutils/command/__pycache__/install_data.cpython-311.pyc
  inflating: lib/python3.11/site-packages/setuptools/_distutils/command/__pycache__/register.cpython-311.pyc
  inflating: lib/python3.11/site-packages/setuptools/_distutils/command/__pycache__/build_ext.cpython-311.pyc
  inflating: lib/python3.11/site-packages/setuptools/_distutils/command/__pycache__/clean.cpython-311.pyc
  inflating: lib/python3.11/site-packages/setuptools/_distutils/command/__pycache__/build.cpython-311.pyc
  inflating: lib/python3.11/site-packages/setuptools/_distutils/command/__pycache__/sdist.cpython-311.pyc
  inflating: lib/python3.11/site-packages/setuptools/_distutils/command/__pycache__/__init__.cpython-311.pyc
  inflating: lib/python3.11/site-packages/setuptools/_distutils/command/__pycache__/upload.cpython-311.pyc
  inflating: lib/python3.11/site-packages/setuptools/_distutils/command/__pycache__/build_py.cpython-311.pyc
  inflating: lib/python3.11/site-packages/setuptools/_distutils/command/__pycache__/py37compat.cpython-311.pyc
  inflating: lib/python3.11/site-packages/setuptools/_distutils/command/__pycache__/bdist.cpython-311.pyc
  inflating: lib/python3.11/site-packages/setuptools/_distutils/command/__pycache__/build_scripts.cpython-311.pyc
  inflating: lib/python3.11/site-packages/setuptools/_distutils/command/__pycache__/config.cpython-311.pyc
  inflating: lib/python3.11/site-packages/setuptools/_distutils/command/__pycache__/install_lib.cpython-311.pyc
  inflating: lib/python3.11/site-packages/setuptools/_distutils/command/__pycache__/_framework_compat.cpython-311.pyc
  inflating: lib/python3.11/site-packages/setuptools/_distutils/command/__pycache__/bdist_rpm.cpython-311.pyc
  inflating: lib/python3.11/site-packages/setuptools/_distutils/command/register.py
  inflating: lib/python3.11/site-packages/setuptools/_distutils/command/build_scripts.py
  inflating: lib/python3.11/site-packages/setuptools/_distutils/__pycache__/archive_util.cpython-311.pyc
  inflating: lib/python3.11/site-packages/setuptools/_distutils/__pycache__/spawn.cpython-311.pyc
  inflating: lib/python3.11/site-packages/setuptools/_distutils/__pycache__/unixccompiler.cpython-311.pyc
  inflating: lib/python3.11/site-packages/setuptools/_distutils/__pycache__/dep_util.cpython-311.pyc
  inflating: lib/python3.11/site-packages/setuptools/_distutils/__pycache__/cmd.cpython-311.pyc
  inflating: lib/python3.11/site-packages/setuptools/_distutils/__pycache__/py39compat.cpython-311.pyc
  inflating: lib/python3.11/site-packages/setuptools/_distutils/__pycache__/core.cpython-311.pyc
  inflating: lib/python3.11/site-packages/setuptools/_distutils/__pycache__/py38compat.cpython-311.pyc
  inflating: lib/python3.11/site-packages/setuptools/_distutils/__pycache__/errors.cpython-311.pyc
  inflating: lib/python3.11/site-packages/setuptools/_distutils/__pycache__/_collections.cpython-311.pyc
  inflating: lib/python3.11/site-packages/setuptools/_distutils/__pycache__/_functools.cpython-311.pyc
  inflating: lib/python3.11/site-packages/setuptools/_distutils/__pycache__/_msvccompiler.cpython-311.pyc
  inflating: lib/python3.11/site-packages/setuptools/_distutils/__pycache__/cygwinccompiler.cpython-311.pyc
  inflating: lib/python3.11/site-packages/setuptools/_distutils/__pycache__/version.cpython-311.pyc
  inflating: lib/python3.11/site-packages/setuptools/_distutils/__pycache__/__init__.cpython-311.pyc
  inflating: lib/python3.11/site-packages/setuptools/_distutils/__pycache__/dist.cpython-311.pyc
  inflating: lib/python3.11/site-packages/setuptools/_distutils/__pycache__/debug.cpython-311.pyc
  inflating: lib/python3.11/site-packages/setuptools/_distutils/__pycache__/fancy_getopt.cpython-311.pyc
  inflating: lib/python3.11/site-packages/setuptools/_distutils/__pycache__/text_file.cpython-311.pyc
  inflating: lib/python3.11/site-packages/setuptools/_distutils/__pycache__/bcppcompiler.cpython-311.pyc
  inflating: lib/python3.11/site-packages/setuptools/_distutils/__pycache__/ccompiler.cpython-311.pyc
  inflating: lib/python3.11/site-packages/setuptools/_distutils/__pycache__/extension.cpython-311.pyc
  inflating: lib/python3.11/site-packages/setuptools/_distutils/__pycache__/msvc9compiler.cpython-311.pyc
  inflating: lib/python3.11/site-packages/setuptools/_distutils/__pycache__/dir_util.cpython-311.pyc
  inflating: lib/python3.11/site-packages/setuptools/_distutils/__pycache__/config.cpython-311.pyc
  inflating: lib/python3.11/site-packages/setuptools/_distutils/__pycache__/_macos_compat.cpython-311.pyc
  inflating: lib/python3.11/site-packages/setuptools/_distutils/__pycache__/filelist.cpython-311.pyc
  inflating: lib/python3.11/site-packages/setuptools/_distutils/__pycache__/sysconfig.cpython-311.pyc
  inflating: lib/python3.11/site-packages/setuptools/_distutils/__pycache__/file_util.cpython-311.pyc
  inflating: lib/python3.11/site-packages/setuptools/_distutils/__pycache__/versionpredicate.cpython-311.pyc
  inflating: lib/python3.11/site-packages/setuptools/_distutils/__pycache__/msvccompiler.cpython-311.pyc
  inflating: lib/python3.11/site-packages/setuptools/_distutils/__pycache__/util.cpython-311.pyc
  inflating: lib/python3.11/site-packages/setuptools/_distutils/__pycache__/log.cpython-311.pyc
  inflating: lib/python3.11/site-packages/setuptools/_distutils/file_util.py
  inflating: lib/python3.11/site-packages/setuptools/_distutils/extension.py
  inflating: lib/python3.11/site-packages/setuptools/_deprecation_warning.py
  inflating: lib/python3.11/site-packages/setuptools/discovery.py
  inflating: lib/python3.11/site-packages/setuptools/__init__.py
  inflating: lib/python3.11/site-packages/setuptools/_importlib.py
  inflating: lib/python3.11/site-packages/setuptools/gui-32.exe
  inflating: lib/python3.11/site-packages/setuptools/installer.py
  inflating: lib/python3.11/site-packages/setuptools/cli-64.exe
  inflating: lib/python3.11/site-packages/setuptools/cli-32.exe
  inflating: lib/python3.11/site-packages/setuptools/glob.py
  inflating: lib/python3.11/site-packages/setuptools/gui.exe
  inflating: lib/python3.11/site-packages/setuptools/_imp.py
  inflating: lib/python3.11/site-packages/setuptools/gui-arm64.exe
  inflating: lib/python3.11/site-packages/setuptools/namespaces.py
  inflating: lib/python3.11/site-packages/setuptools/sandbox.py
  inflating: lib/python3.11/site-packages/setuptools/build_meta.py
  inflating: lib/python3.11/site-packages/setuptools/_entry_points.py
  inflating: lib/python3.11/site-packages/setuptools/_reqs.py
  inflating: lib/python3.11/site-packages/setuptools/gui-64.exe
  inflating: lib/python3.11/site-packages/setuptools/version.py
  inflating: lib/python3.11/site-packages/setuptools/logging.py
  inflating: lib/python3.11/site-packages/setuptools/launch.py
  inflating: lib/python3.11/site-packages/setuptools/monkey.py
  inflating: lib/python3.11/site-packages/setuptools/py34compat.py
  inflating: lib/python3.11/site-packages/setuptools/wheel.py
  inflating: lib/python3.11/site-packages/setuptools/errors.py
  inflating: lib/python3.11/site-packages/setuptools/windows_support.py
  inflating: lib/python3.11/site-packages/setuptools/_path.py
  inflating: lib/python3.11/site-packages/setuptools/_itertools.py
  inflating: lib/python3.11/site-packages/setuptools/cli-arm64.exe
  inflating: lib/python3.11/site-packages/setuptools/extern/__init__.py
  inflating: lib/python3.11/site-packages/setuptools/extern/__pycache__/__init__.cpython-311.pyc
  inflating: lib/python3.11/site-packages/setuptools/command/setopt.py
  inflating: lib/python3.11/site-packages/setuptools/command/build.py
  inflating: lib/python3.11/site-packages/setuptools/command/editable_wheel.py
  inflating: lib/python3.11/site-packages/setuptools/command/develop.py
  inflating: lib/python3.11/site-packages/setuptools/command/build_py.py
  inflating: lib/python3.11/site-packages/setuptools/command/install_lib.py
  inflating: lib/python3.11/site-packages/setuptools/command/egg_info.py
  inflating: lib/python3.11/site-packages/setuptools/command/saveopts.py
  inflating: lib/python3.11/site-packages/setuptools/command/install_egg_info.py
  inflating: lib/python3.11/site-packages/setuptools/command/dist_info.py
  inflating: lib/python3.11/site-packages/setuptools/command/alias.py
  inflating: lib/python3.11/site-packages/setuptools/command/__init__.py
  inflating: lib/python3.11/site-packages/setuptools/command/upload_docs.py
  inflating: lib/python3.11/site-packages/setuptools/command/build_ext.py
  inflating: lib/python3.11/site-packages/setuptools/command/launcher manifest.xml
  inflating: lib/python3.11/site-packages/setuptools/command/bdist_rpm.py
  inflating: lib/python3.11/site-packages/setuptools/command/easy_install.py
  inflating: lib/python3.11/site-packages/setuptools/command/upload.py
  inflating: lib/python3.11/site-packages/setuptools/command/install.py
  inflating: lib/python3.11/site-packages/setuptools/command/bdist_egg.py
  inflating: lib/python3.11/site-packages/setuptools/command/install_scripts.py
  inflating: lib/python3.11/site-packages/setuptools/command/sdist.py
  inflating: lib/python3.11/site-packages/setuptools/command/build_clib.py
  inflating: lib/python3.11/site-packages/setuptools/command/rotate.py
  inflating: lib/python3.11/site-packages/setuptools/command/__pycache__/install_egg_info.cpython-311.pyc
  inflating: lib/python3.11/site-packages/setuptools/command/__pycache__/alias.cpython-311.pyc
  inflating: lib/python3.11/site-packages/setuptools/command/__pycache__/install_scripts.cpython-311.pyc
  inflating: lib/python3.11/site-packages/setuptools/command/__pycache__/build_clib.cpython-311.pyc
  inflating: lib/python3.11/site-packages/setuptools/command/__pycache__/install.cpython-311.pyc
  inflating: lib/python3.11/site-packages/setuptools/command/__pycache__/bdist_egg.cpython-311.pyc
  inflating: lib/python3.11/site-packages/setuptools/command/__pycache__/register.cpython-311.pyc
  inflating: lib/python3.11/site-packages/setuptools/command/__pycache__/build_ext.cpython-311.pyc
  inflating: lib/python3.11/site-packages/setuptools/command/__pycache__/setopt.cpython-311.pyc
  inflating: lib/python3.11/site-packages/setuptools/command/__pycache__/build.cpython-311.pyc
  inflating: lib/python3.11/site-packages/setuptools/command/__pycache__/sdist.cpython-311.pyc
  inflating: lib/python3.11/site-packages/setuptools/command/__pycache__/__init__.cpython-311.pyc
  inflating: lib/python3.11/site-packages/setuptools/command/__pycache__/rotate.cpython-311.pyc
  inflating: lib/python3.11/site-packages/setuptools/command/__pycache__/upload_docs.cpython-311.pyc
  inflating: lib/python3.11/site-packages/setuptools/command/__pycache__/upload.cpython-311.pyc
  inflating: lib/python3.11/site-packages/setuptools/command/__pycache__/build_py.cpython-311.pyc
  inflating: lib/python3.11/site-packages/setuptools/command/__pycache__/py36compat.cpython-311.pyc
  inflating: lib/python3.11/site-packages/setuptools/command/__pycache__/develop.cpython-311.pyc
  inflating: lib/python3.11/site-packages/setuptools/command/__pycache__/saveopts.cpython-311.pyc
  inflating: lib/python3.11/site-packages/setuptools/command/__pycache__/egg_info.cpython-311.pyc
  inflating: lib/python3.11/site-packages/setuptools/command/__pycache__/install_lib.cpython-311.pyc
  inflating: lib/python3.11/site-packages/setuptools/command/__pycache__/editable_wheel.cpython-311.pyc
  inflating: lib/python3.11/site-packages/setuptools/command/__pycache__/easy_install.cpython-311.pyc
  inflating: lib/python3.11/site-packages/setuptools/command/__pycache__/bdist_rpm.cpython-311.pyc
  inflating: lib/python3.11/site-packages/setuptools/command/__pycache__/test.cpython-311.pyc
  inflating: lib/python3.11/site-packages/setuptools/command/__pycache__/dist_info.cpython-311.pyc
  inflating: lib/python3.11/site-packages/setuptools/command/test.py
  inflating: lib/python3.11/site-packages/setuptools/command/register.py
  inflating: lib/python3.11/site-packages/setuptools/command/py36compat.py
  inflating: lib/python3.11/site-packages/setuptools/package_index.py
  inflating: lib/python3.11/site-packages/setuptools/__pycache__/namespaces.cpython-311.pyc
  inflating: lib/python3.11/site-packages/setuptools/__pycache__/archive_util.cpython-311.pyc
  inflating: lib/python3.11/site-packages/setuptools/__pycache__/_itertools.cpython-311.pyc
  inflating: lib/python3.11/site-packages/setuptools/__pycache__/installer.cpython-311.pyc
  inflating: lib/python3.11/site-packages/setuptools/__pycache__/dep_util.cpython-311.pyc
  inflating: lib/python3.11/site-packages/setuptools/__pycache__/monkey.cpython-311.pyc
  inflating: lib/python3.11/site-packages/setuptools/__pycache__/sandbox.cpython-311.pyc
  inflating: lib/python3.11/site-packages/setuptools/__pycache__/logging.cpython-311.pyc
  inflating: lib/python3.11/site-packages/setuptools/__pycache__/_entry_points.cpython-311.pyc
  inflating: lib/python3.11/site-packages/setuptools/__pycache__/_imp.cpython-311.pyc
  inflating: lib/python3.11/site-packages/setuptools/__pycache__/errors.cpython-311.pyc
  inflating: lib/python3.11/site-packages/setuptools/__pycache__/package_index.cpython-311.pyc
  inflating: lib/python3.11/site-packages/setuptools/__pycache__/version.cpython-311.pyc
  inflating: lib/python3.11/site-packages/setuptools/__pycache__/__init__.cpython-311.pyc
  inflating: lib/python3.11/site-packages/setuptools/__pycache__/py34compat.cpython-311.pyc
  inflating: lib/python3.11/site-packages/setuptools/__pycache__/discovery.cpython-311.pyc
  inflating: lib/python3.11/site-packages/setuptools/__pycache__/_path.cpython-311.pyc
  inflating: lib/python3.11/site-packages/setuptools/__pycache__/_importlib.cpython-311.pyc
  inflating: lib/python3.11/site-packages/setuptools/__pycache__/dist.cpython-311.pyc
  inflating: lib/python3.11/site-packages/setuptools/__pycache__/build_meta.cpython-311.pyc
  inflating: lib/python3.11/site-packages/setuptools/__pycache__/msvc.cpython-311.pyc
  inflating: lib/python3.11/site-packages/setuptools/__pycache__/windows_support.cpython-311.pyc
  inflating: lib/python3.11/site-packages/setuptools/__pycache__/extension.cpython-311.pyc
  inflating: lib/python3.11/site-packages/setuptools/__pycache__/launch.cpython-311.pyc
  inflating: lib/python3.11/site-packages/setuptools/__pycache__/_deprecation_warning.cpython-311.pyc
  inflating: lib/python3.11/site-packages/setuptools/__pycache__/unicode_utils.cpython-311.pyc
  inflating: lib/python3.11/site-packages/setuptools/__pycache__/wheel.cpython-311.pyc
  inflating: lib/python3.11/site-packages/setuptools/__pycache__/_reqs.cpython-311.pyc
  inflating: lib/python3.11/site-packages/setuptools/__pycache__/glob.cpython-311.pyc
  inflating: lib/python3.11/site-packages/setuptools/__pycache__/depends.cpython-311.pyc
  inflating: lib/python3.11/site-packages/setuptools/config/_validate_pyproject/extra_validations.py
  inflating: lib/python3.11/site-packages/setuptools/config/_validate_pyproject/__init__.py
  inflating: lib/python3.11/site-packages/setuptools/config/_validate_pyproject/formats.py
  inflating: lib/python3.11/site-packages/setuptools/config/_validate_pyproject/error_reporting.py
  inflating: lib/python3.11/site-packages/setuptools/config/_validate_pyproject/fastjsonschema_validations.py
  inflating: lib/python3.11/site-packages/setuptools/config/_validate_pyproject/fastjsonschema_exceptions.py
  inflating: lib/python3.11/site-packages/setuptools/config/_validate_pyproject/__pycache__/fastjsonschema_validations.cpython-311.pyc
  inflating: lib/python3.11/site-packages/setuptools/config/_validate_pyproject/__pycache__/extra_validations.cpython-311.pyc
  inflating: lib/python3.11/site-packages/setuptools/config/_validate_pyproject/__pycache__/error_reporting.cpython-311.pyc
  inflating: lib/python3.11/site-packages/setuptools/config/_validate_pyproject/__pycache__/__init__.cpython-311.pyc
  inflating: lib/python3.11/site-packages/setuptools/config/_validate_pyproject/__pycache__/formats.cpython-311.pyc
  inflating: lib/python3.11/site-packages/setuptools/config/_validate_pyproject/__pycache__/fastjsonschema_exceptions.cpython-311.pyc
  inflating: lib/python3.11/site-packages/setuptools/config/__init__.py
  inflating: lib/python3.11/site-packages/setuptools/config/expand.py
  inflating: lib/python3.11/site-packages/setuptools/config/setupcfg.py
  inflating: lib/python3.11/site-packages/setuptools/config/__pycache__/pyprojecttoml.cpython-311.pyc
  inflating: lib/python3.11/site-packages/setuptools/config/__pycache__/setupcfg.cpython-311.pyc
  inflating: lib/python3.11/site-packages/setuptools/config/__pycache__/expand.cpython-311.pyc
  inflating: lib/python3.11/site-packages/setuptools/config/__pycache__/__init__.cpython-311.pyc
  inflating: lib/python3.11/site-packages/setuptools/config/__pycache__/_apply_pyprojecttoml.cpython-311.pyc
  inflating: lib/python3.11/site-packages/setuptools/config/pyprojecttoml.py
  inflating: lib/python3.11/site-packages/setuptools/config/_apply_pyprojecttoml.py
  inflating: lib/python3.11/site-packages/setuptools/cli.exe
  inflating: lib/python3.11/site-packages/setuptools/extension.py
  inflating: lib/python3.11/site-packages/setuptools/unicode_utils.py
  inflating: lib/python3.11/site-packages/setuptools/depends.py
  inflating: lib/python3.11/site-packages/distutils-precedence.pth
  inflating: lib/python3.11/site-packages/README.txt
  inflating: lib/python3.11/site-packages/setuptools-65.5.0.dist-info/WHEEL
  inflating: lib/python3.11/site-packages/setuptools-65.5.0.dist-info/METADATA
  inflating: lib/python3.11/site-packages/setuptools-65.5.0.dist-info/entry_points.txt
  inflating: lib/python3.11/site-packages/setuptools-65.5.0.dist-info/top_level.txt
  inflating: lib/python3.11/site-packages/setuptools-65.5.0.dist-info/REQUESTED
  inflating: lib/python3.11/site-packages/setuptools-65.5.0.dist-info/INSTALLER
  inflating: lib/python3.11/site-packages/setuptools-65.5.0.dist-info/LICENSE
  inflating: lib/python3.11/site-packages/setuptools-65.5.0.dist-info/RECORD
  inflating: lib/python3.11/site-packages/pip/__pip-runner__.py
  inflating: lib/python3.11/site-packages/pip/__main__.py
  inflating: lib/python3.11/site-packages/pip/_vendor/pyparsing/__init__.py
  inflating: lib/python3.11/site-packages/pip/_vendor/pyparsing/util.py
  inflating: lib/python3.11/site-packages/pip/_vendor/pyparsing/actions.py
  inflating: lib/python3.11/site-packages/pip/_vendor/pyparsing/unicode.py
  inflating: lib/python3.11/site-packages/pip/_vendor/pyparsing/exceptions.py
  inflating: lib/python3.11/site-packages/pip/_vendor/pyparsing/testing.py
  inflating: lib/python3.11/site-packages/pip/_vendor/pyparsing/common.py
  inflating: lib/python3.11/site-packages/pip/_vendor/pyparsing/diagram/__init__.py
  inflating: lib/python3.11/site-packages/pip/_vendor/pyparsing/diagram/__pycache__/__init__.cpython-311.pyc
  inflating: lib/python3.11/site-packages/pip/_vendor/pyparsing/core.py
  inflating: lib/python3.11/site-packages/pip/_vendor/pyparsing/__pycache__/core.cpython-311.pyc
  inflating: lib/python3.11/site-packages/pip/_vendor/pyparsing/__pycache__/helpers.cpython-311.pyc
  inflating: lib/python3.11/site-packages/pip/_vendor/pyparsing/__pycache__/results.cpython-311.pyc
  inflating: lib/python3.11/site-packages/pip/_vendor/pyparsing/__pycache__/__init__.cpython-311.pyc
  inflating: lib/python3.11/site-packages/pip/_vendor/pyparsing/__pycache__/actions.cpython-311.pyc
  inflating: lib/python3.11/site-packages/pip/_vendor/pyparsing/__pycache__/testing.cpython-311.pyc
  inflating: lib/python3.11/site-packages/pip/_vendor/pyparsing/__pycache__/unicode.cpython-311.pyc
  inflating: lib/python3.11/site-packages/pip/_vendor/pyparsing/__pycache__/common.cpython-311.pyc
  inflating: lib/python3.11/site-packages/pip/_vendor/pyparsing/__pycache__/exceptions.cpython-311.pyc
  inflating: lib/python3.11/site-packages/pip/_vendor/pyparsing/__pycache__/util.cpython-311.pyc
  inflating: lib/python3.11/site-packages/pip/_vendor/pyparsing/results.py
  inflating: lib/python3.11/site-packages/pip/_vendor/pyparsing/helpers.py
  inflating: lib/python3.11/site-packages/pip/_vendor/certifi/__main__.py
  inflating: lib/python3.11/site-packages/pip/_vendor/certifi/cacert.pem
  inflating: lib/python3.11/site-packages/pip/_vendor/certifi/__init__.py
  inflating: lib/python3.11/site-packages/pip/_vendor/certifi/core.py
  inflating: lib/python3.11/site-packages/pip/_vendor/certifi/__pycache__/core.cpython-311.pyc
  inflating: lib/python3.11/site-packages/pip/_vendor/certifi/__pycache__/__init__.cpython-311.pyc
  inflating: lib/python3.11/site-packages/pip/_vendor/certifi/__pycache__/__main__.cpython-311.pyc
  inflating: lib/python3.11/site-packages/pip/_vendor/rich/filesize.py
  inflating: lib/python3.11/site-packages/pip/_vendor/rich/bar.py
  inflating: lib/python3.11/site-packages/pip/_vendor/rich/emoji.py
  inflating: lib/python3.11/site-packages/pip/_vendor/rich/control.py
  inflating: lib/python3.11/site-packages/pip/_vendor/rich/cells.py
  inflating: lib/python3.11/site-packages/pip/_vendor/rich/_loop.py
  inflating: lib/python3.11/site-packages/pip/_vendor/rich/containers.py
  inflating: lib/python3.11/site-packages/pip/_vendor/rich/padding.py
  inflating: lib/python3.11/site-packages/pip/_vendor/rich/_extension.py
  inflating: lib/python3.11/site-packages/pip/_vendor/rich/_wrap.py
  inflating: lib/python3.11/site-packages/pip/_vendor/rich/progress_bar.py
  inflating: lib/python3.11/site-packages/pip/_vendor/rich/default_styles.py
  inflating: lib/python3.11/site-packages/pip/_vendor/rich/pretty.py
  inflating: lib/python3.11/site-packages/pip/_vendor/rich/_palettes.py
  inflating: lib/python3.11/site-packages/pip/_vendor/rich/_export_format.py
  inflating: lib/python3.11/site-packages/pip/_vendor/rich/screen.py
  inflating: lib/python3.11/site-packages/pip/_vendor/rich/__main__.py
  inflating: lib/python3.11/site-packages/pip/_vendor/rich/palette.py
  inflating: lib/python3.11/site-packages/pip/_vendor/rich/_pick.py
  inflating: lib/python3.11/site-packages/pip/_vendor/rich/protocol.py
  inflating: lib/python3.11/site-packages/pip/_vendor/rich/_spinners.py
  inflating: lib/python3.11/site-packages/pip/_vendor/rich/_win32_console.py
  inflating: lib/python3.11/site-packages/pip/_vendor/rich/color_triplet.py
  inflating: lib/python3.11/site-packages/pip/_vendor/rich/columns.py
  inflating: lib/python3.11/site-packages/pip/_vendor/rich/themes.py
  inflating: lib/python3.11/site-packages/pip/_vendor/rich/terminal_theme.py
  inflating: lib/python3.11/site-packages/pip/_vendor/rich/measure.py
  inflating: lib/python3.11/site-packages/pip/_vendor/rich/diagnose.py
  inflating: lib/python3.11/site-packages/pip/_vendor/rich/json.py
  inflating: lib/python3.11/site-packages/pip/_vendor/rich/_windows.py
  inflating: lib/python3.11/site-packages/pip/_vendor/rich/panel.py
  inflating: lib/python3.11/site-packages/pip/_vendor/rich/__init__.py
  inflating: lib/python3.11/site-packages/pip/_vendor/rich/spinner.py
  inflating: lib/python3.11/site-packages/pip/_vendor/rich/live.py
  inflating: lib/python3.11/site-packages/pip/_vendor/rich/_emoji_codes.py
  inflating: lib/python3.11/site-packages/pip/_vendor/rich/live_render.py
  inflating: lib/python3.11/site-packages/pip/_vendor/rich/align.py
  inflating: lib/python3.11/site-packages/pip/_vendor/rich/rule.py
  inflating: lib/python3.11/site-packages/pip/_vendor/rich/abc.py
  inflating: lib/python3.11/site-packages/pip/_vendor/rich/markup.py
  inflating: lib/python3.11/site-packages/pip/_vendor/rich/jupyter.py
  inflating: lib/python3.11/site-packages/pip/_vendor/rich/_stack.py
  inflating: lib/python3.11/site-packages/pip/_vendor/rich/segment.py
  inflating: lib/python3.11/site-packages/pip/_vendor/rich/constrain.py
  inflating: lib/python3.11/site-packages/pip/_vendor/rich/repr.py
  inflating: lib/python3.11/site-packages/pip/_vendor/rich/layout.py
  inflating: lib/python3.11/site-packages/pip/_vendor/rich/_cell_widths.py
  inflating: lib/python3.11/site-packages/pip/_vendor/rich/scope.py
  inflating: lib/python3.11/site-packages/pip/_vendor/rich/prompt.py
  inflating: lib/python3.11/site-packages/pip/_vendor/rich/logging.py
  inflating: lib/python3.11/site-packages/pip/_vendor/rich/theme.py
  inflating: lib/python3.11/site-packages/pip/_vendor/rich/ansi.py
  inflating: lib/python3.11/site-packages/pip/_vendor/rich/tree.py
  inflating: lib/python3.11/site-packages/pip/_vendor/rich/status.py
  inflating: lib/python3.11/site-packages/pip/_vendor/rich/box.py
  inflating: lib/python3.11/site-packages/pip/_vendor/rich/text.py
  inflating: lib/python3.11/site-packages/pip/_vendor/rich/_log_render.py
  inflating: lib/python3.11/site-packages/pip/_vendor/rich/color.py
  inflating: lib/python3.11/site-packages/pip/_vendor/rich/traceback.py
  inflating: lib/python3.11/site-packages/pip/_vendor/rich/_emoji_replace.py
  inflating: lib/python3.11/site-packages/pip/_vendor/rich/errors.py
  inflating: lib/python3.11/site-packages/pip/_vendor/rich/progress.py
  inflating: lib/python3.11/site-packages/pip/_vendor/rich/_windows_renderer.py
  inflating: lib/python3.11/site-packages/pip/_vendor/rich/_timer.py
  inflating: lib/python3.11/site-packages/pip/_vendor/rich/region.py
  inflating: lib/python3.11/site-packages/pip/_vendor/rich/style.py
  inflating: lib/python3.11/site-packages/pip/_vendor/rich/pager.py
  inflating: lib/python3.11/site-packages/pip/_vendor/rich/table.py
  inflating: lib/python3.11/site-packages/pip/_vendor/rich/__pycache__/pretty.cpython-311.pyc
  inflating: lib/python3.11/site-packages/pip/_vendor/rich/__pycache__/text.cpython-311.pyc
  inflating: lib/python3.11/site-packages/pip/_vendor/rich/__pycache__/bar.cpython-311.pyc
  inflating: lib/python3.11/site-packages/pip/_vendor/rich/__pycache__/default_styles.cpython-311.pyc
  inflating: lib/python3.11/site-packages/pip/_vendor/rich/__pycache__/_extension.cpython-311.pyc
  inflating: lib/python3.11/site-packages/pip/_vendor/rich/__pycache__/ansi.cpython-311.pyc
  inflating: lib/python3.11/site-packages/pip/_vendor/rich/__pycache__/rule.cpython-311.pyc
  inflating: lib/python3.11/site-packages/pip/_vendor/rich/__pycache__/console.cpython-311.pyc
  inflating: lib/python3.11/site-packages/pip/_vendor/rich/__pycache__/_windows.cpython-311.pyc
  inflating: lib/python3.11/site-packages/pip/_vendor/rich/__pycache__/_windows_renderer.cpython-311.pyc
  inflating: lib/python3.11/site-packages/pip/_vendor/rich/__pycache__/logging.cpython-311.pyc
  inflating: lib/python3.11/site-packages/pip/_vendor/rich/__pycache__/_spinners.cpython-311.pyc
  inflating: lib/python3.11/site-packages/pip/_vendor/rich/__pycache__/box.cpython-311.pyc
  inflating: lib/python3.11/site-packages/pip/_vendor/rich/__pycache__/_export_format.cpython-311.pyc
  inflating: lib/python3.11/site-packages/pip/_vendor/rich/__pycache__/jupyter.cpython-311.pyc
  inflating: lib/python3.11/site-packages/pip/_vendor/rich/__pycache__/constrain.cpython-311.pyc
  inflating: lib/python3.11/site-packages/pip/_vendor/rich/__pycache__/terminal_theme.cpython-311.pyc
  inflating: lib/python3.11/site-packages/pip/_vendor/rich/__pycache__/palette.cpython-311.pyc
  inflating: lib/python3.11/site-packages/pip/_vendor/rich/__pycache__/status.cpython-311.pyc
  inflating: lib/python3.11/site-packages/pip/_vendor/rich/__pycache__/containers.cpython-311.pyc
  inflating: lib/python3.11/site-packages/pip/_vendor/rich/__pycache__/errors.cpython-311.pyc
  inflating: lib/python3.11/site-packages/pip/_vendor/rich/__pycache__/live_render.cpython-311.pyc
  inflating: lib/python3.11/site-packages/pip/_vendor/rich/__pycache__/control.cpython-311.pyc
  inflating: lib/python3.11/site-packages/pip/_vendor/rich/__pycache__/themes.cpython-311.pyc
  inflating: lib/python3.11/site-packages/pip/_vendor/rich/__pycache__/region.cpython-311.pyc
  inflating: lib/python3.11/site-packages/pip/_vendor/rich/__pycache__/screen.cpython-311.pyc
  inflating: lib/python3.11/site-packages/pip/_vendor/rich/__pycache__/_emoji_codes.cpython-311.pyc
  inflating: lib/python3.11/site-packages/pip/_vendor/rich/__pycache__/_inspect.cpython-311.pyc
  inflating: lib/python3.11/site-packages/pip/_vendor/rich/__pycache__/_loop.cpython-311.pyc
  inflating: lib/python3.11/site-packages/pip/_vendor/rich/__pycache__/traceback.cpython-311.pyc
  inflating: lib/python3.11/site-packages/pip/_vendor/rich/__pycache__/_wrap.cpython-311.pyc
  inflating: lib/python3.11/site-packages/pip/_vendor/rich/__pycache__/__init__.cpython-311.pyc
  inflating: lib/python3.11/site-packages/pip/_vendor/rich/__pycache__/scope.cpython-311.pyc
  inflating: lib/python3.11/site-packages/pip/_vendor/rich/__pycache__/highlighter.cpython-311.pyc
  inflating: lib/python3.11/site-packages/pip/_vendor/rich/__pycache__/styled.cpython-311.pyc
  inflating: lib/python3.11/site-packages/pip/_vendor/rich/__pycache__/align.cpython-311.pyc
  inflating: lib/python3.11/site-packages/pip/_vendor/rich/__pycache__/progress.cpython-311.pyc
  inflating: lib/python3.11/site-packages/pip/_vendor/rich/__pycache__/json.cpython-311.pyc
  inflating: lib/python3.11/site-packages/pip/_vendor/rich/__pycache__/abc.cpython-311.pyc
  inflating: lib/python3.11/site-packages/pip/_vendor/rich/__pycache__/style.cpython-311.pyc
  inflating: lib/python3.11/site-packages/pip/_vendor/rich/__pycache__/_stack.cpython-311.pyc
  inflating: lib/python3.11/site-packages/pip/_vendor/rich/__pycache__/cells.cpython-311.pyc
  inflating: lib/python3.11/site-packages/pip/_vendor/rich/__pycache__/protocol.cpython-311.pyc
  inflating: lib/python3.11/site-packages/pip/_vendor/rich/__pycache__/_cell_widths.cpython-311.pyc
  inflating: lib/python3.11/site-packages/pip/_vendor/rich/__pycache__/panel.cpython-311.pyc
  inflating: lib/python3.11/site-packages/pip/_vendor/rich/__pycache__/table.cpython-311.pyc
  inflating: lib/python3.11/site-packages/pip/_vendor/rich/__pycache__/_emoji_replace.cpython-311.pyc
  inflating: lib/python3.11/site-packages/pip/_vendor/rich/__pycache__/_palettes.cpython-311.pyc
  inflating: lib/python3.11/site-packages/pip/_vendor/rich/__pycache__/measure.cpython-311.pyc
  inflating: lib/python3.11/site-packages/pip/_vendor/rich/__pycache__/tree.cpython-311.pyc
  inflating: lib/python3.11/site-packages/pip/_vendor/rich/__pycache__/markup.cpython-311.pyc
  inflating: lib/python3.11/site-packages/pip/_vendor/rich/__pycache__/pager.cpython-311.pyc
  inflating: lib/python3.11/site-packages/pip/_vendor/rich/__pycache__/_win32_console.cpython-311.pyc
  inflating: lib/python3.11/site-packages/pip/_vendor/rich/__pycache__/progress_bar.cpython-311.pyc
  inflating: lib/python3.11/site-packages/pip/_vendor/rich/__pycache__/padding.cpython-311.pyc
  inflating: lib/python3.11/site-packages/pip/_vendor/rich/__pycache__/_pick.cpython-311.pyc
  inflating: lib/python3.11/site-packages/pip/_vendor/rich/__pycache__/layout.cpython-311.pyc
  inflating: lib/python3.11/site-packages/pip/_vendor/rich/__pycache__/filesize.cpython-311.pyc
  inflating: lib/python3.11/site-packages/pip/_vendor/rich/__pycache__/syntax.cpython-311.pyc
  inflating: lib/python3.11/site-packages/pip/_vendor/rich/__pycache__/prompt.cpython-311.pyc
  inflating: lib/python3.11/site-packages/pip/_vendor/rich/__pycache__/_log_render.cpython-311.pyc
  inflating: lib/python3.11/site-packages/pip/_vendor/rich/__pycache__/__main__.cpython-311.pyc
  inflating: lib/python3.11/site-packages/pip/_vendor/rich/__pycache__/columns.cpython-311.pyc
  inflating: lib/python3.11/site-packages/pip/_vendor/rich/__pycache__/live.cpython-311.pyc
  inflating: lib/python3.11/site-packages/pip/_vendor/rich/__pycache__/color_triplet.cpython-311.pyc
  inflating: lib/python3.11/site-packages/pip/_vendor/rich/__pycache__/emoji.cpython-311.pyc
  inflating: lib/python3.11/site-packages/pip/_vendor/rich/__pycache__/spinner.cpython-311.pyc
  inflating: lib/python3.11/site-packages/pip/_vendor/rich/__pycache__/segment.cpython-311.pyc
  inflating: lib/python3.11/site-packages/pip/_vendor/rich/__pycache__/color.cpython-311.pyc
  inflating: lib/python3.11/site-packages/pip/_vendor/rich/__pycache__/_ratio.cpython-311.pyc
  inflating: lib/python3.11/site-packages/pip/_vendor/rich/__pycache__/repr.cpython-311.pyc
  inflating: lib/python3.11/site-packages/pip/_vendor/rich/__pycache__/_timer.cpython-311.pyc
  inflating: lib/python3.11/site-packages/pip/_vendor/rich/__pycache__/diagnose.cpython-311.pyc
  inflating: lib/python3.11/site-packages/pip/_vendor/rich/__pycache__/theme.cpython-311.pyc
  inflating: lib/python3.11/site-packages/pip/_vendor/rich/__pycache__/file_proxy.cpython-311.pyc
  inflating: lib/python3.11/site-packages/pip/_vendor/rich/file_proxy.py
  inflating: lib/python3.11/site-packages/pip/_vendor/rich/highlighter.py
  inflating: lib/python3.11/site-packages/pip/_vendor/rich/syntax.py
  inflating: lib/python3.11/site-packages/pip/_vendor/rich/styled.py
  inflating: lib/python3.11/site-packages/pip/_vendor/rich/_inspect.py
  inflating: lib/python3.11/site-packages/pip/_vendor/rich/_ratio.py
  inflating: lib/python3.11/site-packages/pip/_vendor/rich/console.py
  inflating: lib/python3.11/site-packages/pip/_vendor/msgpack/ext.py
  inflating: lib/python3.11/site-packages/pip/_vendor/msgpack/__init__.py
  inflating: lib/python3.11/site-packages/pip/_vendor/msgpack/fallback.py
  inflating: lib/python3.11/site-packages/pip/_vendor/msgpack/exceptions.py
  inflating: lib/python3.11/site-packages/pip/_vendor/msgpack/__pycache__/ext.cpython-311.pyc
  inflating: lib/python3.11/site-packages/pip/_vendor/msgpack/__pycache__/__init__.cpython-311.pyc
  inflating: lib/python3.11/site-packages/pip/_vendor/msgpack/__pycache__/fallback.cpython-311.pyc
  inflating: lib/python3.11/site-packages/pip/_vendor/msgpack/__pycache__/exceptions.cpython-311.pyc
  inflating: lib/python3.11/site-packages/pip/_vendor/requests/adapters.py
  inflating: lib/python3.11/site-packages/pip/_vendor/requests/models.py
  inflating: lib/python3.11/site-packages/pip/_vendor/requests/structures.py
  inflating: lib/python3.11/site-packages/pip/_vendor/requests/__init__.py
  inflating: lib/python3.11/site-packages/pip/_vendor/requests/help.py
  inflating: lib/python3.11/site-packages/pip/_vendor/requests/_internal_utils.py
  inflating: lib/python3.11/site-packages/pip/_vendor/requests/packages.py
  inflating: lib/python3.11/site-packages/pip/_vendor/requests/api.py
  inflating: lib/python3.11/site-packages/pip/_vendor/requests/sessions.py
  inflating: lib/python3.11/site-packages/pip/_vendor/requests/auth.py
  inflating: lib/python3.11/site-packages/pip/_vendor/requests/status_codes.py
  inflating: lib/python3.11/site-packages/pip/_vendor/requests/compat.py
  inflating: lib/python3.11/site-packages/pip/_vendor/requests/exceptions.py
  inflating: lib/python3.11/site-packages/pip/_vendor/requests/hooks.py
  inflating: lib/python3.11/site-packages/pip/_vendor/requests/__version__.py
  inflating: lib/python3.11/site-packages/pip/_vendor/requests/cookies.py
  inflating: lib/python3.11/site-packages/pip/_vendor/requests/__pycache__/structures.cpython-311.pyc
  inflating: lib/python3.11/site-packages/pip/_vendor/requests/__pycache__/certs.cpython-311.pyc
  inflating: lib/python3.11/site-packages/pip/_vendor/requests/__pycache__/models.cpython-311.pyc
  inflating: lib/python3.11/site-packages/pip/_vendor/requests/__pycache__/utils.cpython-311.pyc
  inflating: lib/python3.11/site-packages/pip/_vendor/requests/__pycache__/__version__.cpython-311.pyc
  inflating: lib/python3.11/site-packages/pip/_vendor/requests/__pycache__/__init__.cpython-311.pyc
  inflating: lib/python3.11/site-packages/pip/_vendor/requests/__pycache__/_internal_utils.cpython-311.pyc
  inflating: lib/python3.11/site-packages/pip/_vendor/requests/__pycache__/compat.cpython-311.pyc
  inflating: lib/python3.11/site-packages/pip/_vendor/requests/__pycache__/status_codes.cpython-311.pyc
  inflating: lib/python3.11/site-packages/pip/_vendor/requests/__pycache__/hooks.cpython-311.pyc
  inflating: lib/python3.11/site-packages/pip/_vendor/requests/__pycache__/api.cpython-311.pyc
  inflating: lib/python3.11/site-packages/pip/_vendor/requests/__pycache__/cookies.cpython-311.pyc
  inflating: lib/python3.11/site-packages/pip/_vendor/requests/__pycache__/sessions.cpython-311.pyc
  inflating: lib/python3.11/site-packages/pip/_vendor/requests/__pycache__/packages.cpython-311.pyc
  inflating: lib/python3.11/site-packages/pip/_vendor/requests/__pycache__/help.cpython-311.pyc
  inflating: lib/python3.11/site-packages/pip/_vendor/requests/__pycache__/auth.cpython-311.pyc
  inflating: lib/python3.11/site-packages/pip/_vendor/requests/__pycache__/exceptions.cpython-311.pyc
  inflating: lib/python3.11/site-packages/pip/_vendor/requests/__pycache__/adapters.cpython-311.pyc
  inflating: lib/python3.11/site-packages/pip/_vendor/requests/utils.py
  inflating: lib/python3.11/site-packages/pip/_vendor/requests/certs.py
  inflating: lib/python3.11/site-packages/pip/_vendor/urllib3/connectionpool.py
  inflating: lib/python3.11/site-packages/pip/_vendor/urllib3/filepost.py
  inflating: lib/python3.11/site-packages/pip/_vendor/urllib3/_version.py
  inflating: lib/python3.11/site-packages/pip/_vendor/urllib3/util/queue.py
  inflating: lib/python3.11/site-packages/pip/_vendor/urllib3/util/timeout.py
  inflating: lib/python3.11/site-packages/pip/_vendor/urllib3/util/__init__.py
  inflating: lib/python3.11/site-packages/pip/_vendor/urllib3/util/response.py
  inflating: lib/python3.11/site-packages/pip/_vendor/urllib3/util/ssl_match_hostname.py
  inflating: lib/python3.11/site-packages/pip/_vendor/urllib3/util/ssltransport.py
  inflating: lib/python3.11/site-packages/pip/_vendor/urllib3/util/wait.py
  inflating: lib/python3.11/site-packages/pip/_vendor/urllib3/util/request.py
  inflating: lib/python3.11/site-packages/pip/_vendor/urllib3/util/proxy.py
  inflating: lib/python3.11/site-packages/pip/_vendor/urllib3/util/retry.py
  inflating: lib/python3.11/site-packages/pip/_vendor/urllib3/util/url.py
  inflating: lib/python3.11/site-packages/pip/_vendor/urllib3/util/connection.py
  inflating: lib/python3.11/site-packages/pip/_vendor/urllib3/util/__pycache__/__init__.cpython-311.pyc
  inflating: lib/python3.11/site-packages/pip/_vendor/urllib3/util/__pycache__/timeout.cpython-311.pyc
  inflating: lib/python3.11/site-packages/pip/_vendor/urllib3/util/__pycache__/ssl_match_hostname.cpython-311.pyc
  inflating: lib/python3.11/site-packages/pip/_vendor/urllib3/util/__pycache__/response.cpython-311.pyc
  inflating: lib/python3.11/site-packages/pip/_vendor/urllib3/util/__pycache__/ssltransport.cpython-311.pyc
  inflating: lib/python3.11/site-packages/pip/_vendor/urllib3/util/__pycache__/wait.cpython-311.pyc
  inflating: lib/python3.11/site-packages/pip/_vendor/urllib3/util/__pycache__/ssl_.cpython-311.pyc
  inflating: lib/python3.11/site-packages/pip/_vendor/urllib3/util/__pycache__/retry.cpython-311.pyc
  inflating: lib/python3.11/site-packages/pip/_vendor/urllib3/util/__pycache__/url.cpython-311.pyc
  inflating: lib/python3.11/site-packages/pip/_vendor/urllib3/util/__pycache__/queue.cpython-311.pyc
  inflating: lib/python3.11/site-packages/pip/_vendor/urllib3/util/__pycache__/request.cpython-311.pyc
  inflating: lib/python3.11/site-packages/pip/_vendor/urllib3/util/__pycache__/proxy.cpython-311.pyc
  inflating: lib/python3.11/site-packages/pip/_vendor/urllib3/util/__pycache__/connection.cpython-311.pyc
  inflating: lib/python3.11/site-packages/pip/_vendor/urllib3/util/ssl_.py
  inflating: lib/python3.11/site-packages/pip/_vendor/urllib3/__init__.py
  inflating: lib/python3.11/site-packages/pip/_vendor/urllib3/poolmanager.py
  inflating: lib/python3.11/site-packages/pip/_vendor/urllib3/response.py
  inflating: lib/python3.11/site-packages/pip/_vendor/urllib3/request.py
  inflating: lib/python3.11/site-packages/pip/_vendor/urllib3/exceptions.py
  inflating: lib/python3.11/site-packages/pip/_vendor/urllib3/packages/__init__.py
  inflating: lib/python3.11/site-packages/pip/_vendor/urllib3/packages/six.py
  inflating: lib/python3.11/site-packages/pip/_vendor/urllib3/packages/__pycache__/six.cpython-311.pyc
  inflating: lib/python3.11/site-packages/pip/_vendor/urllib3/packages/__pycache__/__init__.cpython-311.pyc
  inflating: lib/python3.11/site-packages/pip/_vendor/urllib3/packages/backports/__init__.py
  inflating: lib/python3.11/site-packages/pip/_vendor/urllib3/packages/backports/makefile.py
  inflating: lib/python3.11/site-packages/pip/_vendor/urllib3/packages/backports/__pycache__/makefile.cpython-311.pyc
  inflating: lib/python3.11/site-packages/pip/_vendor/urllib3/packages/backports/__pycache__/__init__.cpython-311.pyc
  inflating: lib/python3.11/site-packages/pip/_vendor/urllib3/fields.py
  inflating: lib/python3.11/site-packages/pip/_vendor/urllib3/connection.py
  inflating: lib/python3.11/site-packages/pip/_vendor/urllib3/_collections.py
  inflating: lib/python3.11/site-packages/pip/_vendor/urllib3/__pycache__/_collections.cpython-311.pyc
  inflating: lib/python3.11/site-packages/pip/_vendor/urllib3/__pycache__/__init__.cpython-311.pyc
  inflating: lib/python3.11/site-packages/pip/_vendor/urllib3/__pycache__/filepost.cpython-311.pyc
  inflating: lib/python3.11/site-packages/pip/_vendor/urllib3/__pycache__/connectionpool.cpython-311.pyc
  inflating: lib/python3.11/site-packages/pip/_vendor/urllib3/__pycache__/response.cpython-311.pyc
  inflating: lib/python3.11/site-packages/pip/_vendor/urllib3/__pycache__/_version.cpython-311.pyc
  inflating: lib/python3.11/site-packages/pip/_vendor/urllib3/__pycache__/request.cpython-311.pyc
  inflating: lib/python3.11/site-packages/pip/_vendor/urllib3/__pycache__/poolmanager.cpython-311.pyc
  inflating: lib/python3.11/site-packages/pip/_vendor/urllib3/__pycache__/connection.cpython-311.pyc
  inflating: lib/python3.11/site-packages/pip/_vendor/urllib3/__pycache__/fields.cpython-311.pyc
  inflating: lib/python3.11/site-packages/pip/_vendor/urllib3/__pycache__/exceptions.cpython-311.pyc
  inflating: lib/python3.11/site-packages/pip/_vendor/urllib3/contrib/_appengine_environ.py
  inflating: lib/python3.11/site-packages/pip/_vendor/urllib3/contrib/__init__.py
  inflating: lib/python3.11/site-packages/pip/_vendor/urllib3/contrib/pyopenssl.py
  inflating: lib/python3.11/site-packages/pip/_vendor/urllib3/contrib/appengine.py
  inflating: lib/python3.11/site-packages/pip/_vendor/urllib3/contrib/_securetransport/__init__.py
  inflating: lib/python3.11/site-packages/pip/_vendor/urllib3/contrib/_securetransport/bindings.py
  inflating: lib/python3.11/site-packages/pip/_vendor/urllib3/contrib/_securetransport/low_level.py
  inflating: lib/python3.11/site-packages/pip/_vendor/urllib3/contrib/_securetransport/__pycache__/__init__.cpython-311.pyc
  inflating: lib/python3.11/site-packages/pip/_vendor/urllib3/contrib/_securetransport/__pycache__/bindings.cpython-311.pyc
  inflating: lib/python3.11/site-packages/pip/_vendor/urllib3/contrib/_securetransport/__pycache__/low_level.cpython-311.pyc
  inflating: lib/python3.11/site-packages/pip/_vendor/urllib3/contrib/ntlmpool.py
  inflating: lib/python3.11/site-packages/pip/_vendor/urllib3/contrib/securetransport.py
  inflating: lib/python3.11/site-packages/pip/_vendor/urllib3/contrib/socks.py
  inflating: lib/python3.11/site-packages/pip/_vendor/urllib3/contrib/__pycache__/securetransport.cpython-311.pyc
  inflating: lib/python3.11/site-packages/pip/_vendor/urllib3/contrib/__pycache__/appengine.cpython-311.pyc
  inflating: lib/python3.11/site-packages/pip/_vendor/urllib3/contrib/__pycache__/__init__.cpython-311.pyc
  inflating: lib/python3.11/site-packages/pip/_vendor/urllib3/contrib/__pycache__/socks.cpython-311.pyc
  inflating: lib/python3.11/site-packages/pip/_vendor/urllib3/contrib/__pycache__/ntlmpool.cpython-311.pyc
  inflating: lib/python3.11/site-packages/pip/_vendor/urllib3/contrib/__pycache__/_appengine_environ.cpython-311.pyc
  inflating: lib/python3.11/site-packages/pip/_vendor/urllib3/contrib/__pycache__/pyopenssl.cpython-311.pyc
  inflating: lib/python3.11/site-packages/pip/_vendor/__init__.py
  inflating: lib/python3.11/site-packages/pip/_vendor/vendor.txt
  inflating: lib/python3.11/site-packages/pip/_vendor/tenacity/_asyncio.py
  inflating: lib/python3.11/site-packages/pip/_vendor/tenacity/before.py
  inflating: lib/python3.11/site-packages/pip/_vendor/tenacity/nap.py
  inflating: lib/python3.11/site-packages/pip/_vendor/tenacity/after.py
  inflating: lib/python3.11/site-packages/pip/_vendor/tenacity/__init__.py
  inflating: lib/python3.11/site-packages/pip/_vendor/tenacity/_utils.py
  inflating: lib/python3.11/site-packages/pip/_vendor/tenacity/wait.py
  inflating: lib/python3.11/site-packages/pip/_vendor/tenacity/before_sleep.py
  inflating: lib/python3.11/site-packages/pip/_vendor/tenacity/retry.py
  inflating: lib/python3.11/site-packages/pip/_vendor/tenacity/stop.py
  inflating: lib/python3.11/site-packages/pip/_vendor/tenacity/tornadoweb.py
  inflating: lib/python3.11/site-packages/pip/_vendor/tenacity/__pycache__/before.cpython-311.pyc
  inflating: lib/python3.11/site-packages/pip/_vendor/tenacity/__pycache__/stop.cpython-311.pyc
  inflating: lib/python3.11/site-packages/pip/_vendor/tenacity/__pycache__/__init__.cpython-311.pyc
  inflating: lib/python3.11/site-packages/pip/_vendor/tenacity/__pycache__/before_sleep.cpython-311.pyc
  inflating: lib/python3.11/site-packages/pip/_vendor/tenacity/__pycache__/_asyncio.cpython-311.pyc
  inflating: lib/python3.11/site-packages/pip/_vendor/tenacity/__pycache__/_utils.cpython-311.pyc
  inflating: lib/python3.11/site-packages/pip/_vendor/tenacity/__pycache__/wait.cpython-311.pyc
  inflating: lib/python3.11/site-packages/pip/_vendor/tenacity/__pycache__/tornadoweb.cpython-311.pyc
  inflating: lib/python3.11/site-packages/pip/_vendor/tenacity/__pycache__/retry.cpython-311.pyc
  inflating: lib/python3.11/site-packages/pip/_vendor/tenacity/__pycache__/nap.cpython-311.pyc
  inflating: lib/python3.11/site-packages/pip/_vendor/tenacity/__pycache__/after.cpython-311.pyc
  inflating: lib/python3.11/site-packages/pip/_vendor/idna/codec.py
  inflating: lib/python3.11/site-packages/pip/_vendor/idna/intranges.py
  inflating: lib/python3.11/site-packages/pip/_vendor/idna/__init__.py
  inflating: lib/python3.11/site-packages/pip/_vendor/idna/idnadata.py
  inflating: lib/python3.11/site-packages/pip/_vendor/idna/uts46data.py
  inflating: lib/python3.11/site-packages/pip/_vendor/idna/compat.py
  inflating: lib/python3.11/site-packages/pip/_vendor/idna/package_data.py
  inflating: lib/python3.11/site-packages/pip/_vendor/idna/core.py
  inflating: lib/python3.11/site-packages/pip/_vendor/idna/__pycache__/intranges.cpython-311.pyc
  inflating: lib/python3.11/site-packages/pip/_vendor/idna/__pycache__/uts46data.cpython-311.pyc
  inflating: lib/python3.11/site-packages/pip/_vendor/idna/__pycache__/core.cpython-311.pyc
  inflating: lib/python3.11/site-packages/pip/_vendor/idna/__pycache__/codec.cpython-311.pyc
  inflating: lib/python3.11/site-packages/pip/_vendor/idna/__pycache__/idnadata.cpython-311.pyc
  inflating: lib/python3.11/site-packages/pip/_vendor/idna/__pycache__/__init__.cpython-311.pyc
  inflating: lib/python3.11/site-packages/pip/_vendor/idna/__pycache__/compat.cpython-311.pyc
  inflating: lib/python3.11/site-packages/pip/_vendor/idna/__pycache__/package_data.cpython-311.pyc
  inflating: lib/python3.11/site-packages/pip/_vendor/resolvelib/__init__.py
  inflating: lib/python3.11/site-packages/pip/_vendor/resolvelib/reporters.py
  inflating: lib/python3.11/site-packages/pip/_vendor/resolvelib/structs.py
  inflating: lib/python3.11/site-packages/pip/_vendor/resolvelib/compat/__init__.py
  inflating: lib/python3.11/site-packages/pip/_vendor/resolvelib/compat/collections_abc.py
  inflating: lib/python3.11/site-packages/pip/_vendor/resolvelib/compat/__pycache__/collections_abc.cpython-311.pyc
  inflating: lib/python3.11/site-packages/pip/_vendor/resolvelib/compat/__pycache__/__init__.cpython-311.pyc
  inflating: lib/python3.11/site-packages/pip/_vendor/resolvelib/providers.py
  inflating: lib/python3.11/site-packages/pip/_vendor/resolvelib/resolvers.py
  inflating: lib/python3.11/site-packages/pip/_vendor/resolvelib/__pycache__/resolvers.cpython-311.pyc
  inflating: lib/python3.11/site-packages/pip/_vendor/resolvelib/__pycache__/__init__.cpython-311.pyc
  inflating: lib/python3.11/site-packages/pip/_vendor/resolvelib/__pycache__/structs.cpython-311.pyc
  inflating: lib/python3.11/site-packages/pip/_vendor/resolvelib/__pycache__/reporters.cpython-311.pyc
  inflating: lib/python3.11/site-packages/pip/_vendor/resolvelib/__pycache__/providers.cpython-311.pyc
  inflating: lib/python3.11/site-packages/pip/_vendor/pygments/unistring.py
  inflating: lib/python3.11/site-packages/pip/_vendor/pygments/formatters/_mapping.py
  inflating: lib/python3.11/site-packages/pip/_vendor/pygments/formatters/terminal.py
  inflating: lib/python3.11/site-packages/pip/_vendor/pygments/formatters/terminal256.py
  inflating: lib/python3.11/site-packages/pip/_vendor/pygments/formatters/html.py
  inflating: lib/python3.11/site-packages/pip/_vendor/pygments/formatters/groff.py
  inflating: lib/python3.11/site-packages/pip/_vendor/pygments/formatters/__init__.py
  inflating: lib/python3.11/site-packages/pip/_vendor/pygments/formatters/rtf.py
  inflating: lib/python3.11/site-packages/pip/_vendor/pygments/formatters/bbcode.py
  inflating: lib/python3.11/site-packages/pip/_vendor/pygments/formatters/irc.py
  inflating: lib/python3.11/site-packages/pip/_vendor/pygments/formatters/img.py
  inflating: lib/python3.11/site-packages/pip/_vendor/pygments/formatters/other.py
  inflating: lib/python3.11/site-packages/pip/_vendor/pygments/formatters/__pycache__/pangomarkup.cpython-311.pyc
  inflating: lib/python3.11/site-packages/pip/_vendor/pygments/formatters/__pycache__/irc.cpython-311.pyc
  inflating: lib/python3.11/site-packages/pip/_vendor/pygments/formatters/__pycache__/groff.cpython-311.pyc
  inflating: lib/python3.11/site-packages/pip/_vendor/pygments/formatters/__pycache__/img.cpython-311.pyc
  inflating: lib/python3.11/site-packages/pip/_vendor/pygments/formatters/__pycache__/latex.cpython-311.pyc
  inflating: lib/python3.11/site-packages/pip/_vendor/pygments/formatters/__pycache__/terminal256.cpython-311.pyc
  inflating: lib/python3.11/site-packages/pip/_vendor/pygments/formatters/__pycache__/other.cpython-311.pyc
  inflating: lib/python3.11/site-packages/pip/_vendor/pygments/formatters/__pycache__/rtf.cpython-311.pyc
  inflating: lib/python3.11/site-packages/pip/_vendor/pygments/formatters/__pycache__/__init__.cpython-311.pyc
  inflating: lib/python3.11/site-packages/pip/_vendor/pygments/formatters/__pycache__/bbcode.cpython-311.pyc
  inflating: lib/python3.11/site-packages/pip/_vendor/pygments/formatters/__pycache__/svg.cpython-311.pyc
  inflating: lib/python3.11/site-packages/pip/_vendor/pygments/formatters/__pycache__/html.cpython-311.pyc
  inflating: lib/python3.11/site-packages/pip/_vendor/pygments/formatters/__pycache__/_mapping.cpython-311.pyc
  inflating: lib/python3.11/site-packages/pip/_vendor/pygments/formatters/__pycache__/terminal.cpython-311.pyc
  inflating: lib/python3.11/site-packages/pip/_vendor/pygments/formatters/svg.py
  inflating: lib/python3.11/site-packages/pip/_vendor/pygments/formatters/latex.py
  inflating: lib/python3.11/site-packages/pip/_vendor/pygments/formatters/pangomarkup.py
  inflating: lib/python3.11/site-packages/pip/_vendor/pygments/cmdline.py
  inflating: lib/python3.11/site-packages/pip/_vendor/pygments/filters/__init__.py
  inflating: lib/python3.11/site-packages/pip/_vendor/pygments/filters/__pycache__/__init__.cpython-311.pyc
  inflating: lib/python3.11/site-packages/pip/_vendor/pygments/__main__.py
  inflating: lib/python3.11/site-packages/pip/_vendor/pygments/regexopt.py
  inflating: lib/python3.11/site-packages/pip/_vendor/pygments/plugin.py
  inflating: lib/python3.11/site-packages/pip/_vendor/pygments/__init__.py
  inflating: lib/python3.11/site-packages/pip/_vendor/pygments/sphinxext.py
  inflating: lib/python3.11/site-packages/pip/_vendor/pygments/util.py
  inflating: lib/python3.11/site-packages/pip/_vendor/pygments/scanner.py
  inflating: lib/python3.11/site-packages/pip/_vendor/pygments/filter.py
  inflating: lib/python3.11/site-packages/pip/_vendor/pygments/lexer.py
  inflating: lib/python3.11/site-packages/pip/_vendor/pygments/styles/__init__.py
  inflating: lib/python3.11/site-packages/pip/_vendor/pygments/styles/__pycache__/__init__.cpython-311.pyc
  inflating: lib/python3.11/site-packages/pip/_vendor/pygments/style.py
  inflating: lib/python3.11/site-packages/pip/_vendor/pygments/lexers/_mapping.py
  inflating: lib/python3.11/site-packages/pip/_vendor/pygments/lexers/__init__.py
  inflating: lib/python3.11/site-packages/pip/_vendor/pygments/lexers/__pycache__/python.cpython-311.pyc
  inflating: lib/python3.11/site-packages/pip/_vendor/pygments/lexers/__pycache__/__init__.cpython-311.pyc
  inflating: lib/python3.11/site-packages/pip/_vendor/pygments/lexers/__pycache__/_mapping.cpython-311.pyc
  inflating: lib/python3.11/site-packages/pip/_vendor/pygments/lexers/python.py
  inflating: lib/python3.11/site-packages/pip/_vendor/pygments/__pycache__/modeline.cpython-311.pyc
  inflating: lib/python3.11/site-packages/pip/_vendor/pygments/__pycache__/sphinxext.cpython-311.pyc
  inflating: lib/python3.11/site-packages/pip/_vendor/pygments/__pycache__/unistring.cpython-311.pyc
  inflating: lib/python3.11/site-packages/pip/_vendor/pygments/__pycache__/console.cpython-311.pyc
  inflating: lib/python3.11/site-packages/pip/_vendor/pygments/__pycache__/regexopt.cpython-311.pyc
  inflating: lib/python3.11/site-packages/pip/_vendor/pygments/__pycache__/__init__.cpython-311.pyc
  inflating: lib/python3.11/site-packages/pip/_vendor/pygments/__pycache__/style.cpython-311.pyc
  inflating: lib/python3.11/site-packages/pip/_vendor/pygments/__pycache__/plugin.cpython-311.pyc
  inflating: lib/python3.11/site-packages/pip/_vendor/pygments/__pycache__/formatter.cpython-311.pyc
  inflating: lib/python3.11/site-packages/pip/_vendor/pygments/__pycache__/cmdline.cpython-311.pyc
  inflating: lib/python3.11/site-packages/pip/_vendor/pygments/__pycache__/token.cpython-311.pyc
  inflating: lib/python3.11/site-packages/pip/_vendor/pygments/__pycache__/lexer.cpython-311.pyc
  inflating: lib/python3.11/site-packages/pip/_vendor/pygments/__pycache__/filter.cpython-311.pyc
  inflating: lib/python3.11/site-packages/pip/_vendor/pygments/__pycache__/scanner.cpython-311.pyc
  inflating: lib/python3.11/site-packages/pip/_vendor/pygments/__pycache__/__main__.cpython-311.pyc
  inflating: lib/python3.11/site-packages/pip/_vendor/pygments/__pycache__/util.cpython-311.pyc
  inflating: lib/python3.11/site-packages/pip/_vendor/pygments/token.py
  inflating: lib/python3.11/site-packages/pip/_vendor/pygments/formatter.py
  inflating: lib/python3.11/site-packages/pip/_vendor/pygments/modeline.py
  inflating: lib/python3.11/site-packages/pip/_vendor/pygments/console.py
  inflating: lib/python3.11/site-packages/pip/_vendor/platformdirs/__main__.py
  inflating: lib/python3.11/site-packages/pip/_vendor/platformdirs/unix.py
  inflating: lib/python3.11/site-packages/pip/_vendor/platformdirs/__init__.py
  inflating: lib/python3.11/site-packages/pip/_vendor/platformdirs/api.py
  inflating: lib/python3.11/site-packages/pip/_vendor/platformdirs/windows.py
  inflating: lib/python3.11/site-packages/pip/_vendor/platformdirs/macos.py
  inflating: lib/python3.11/site-packages/pip/_vendor/platformdirs/version.py
  inflating: lib/python3.11/site-packages/pip/_vendor/platformdirs/__pycache__/windows.cpython-311.pyc
  inflating: lib/python3.11/site-packages/pip/_vendor/platformdirs/__pycache__/unix.cpython-311.pyc
  inflating: lib/python3.11/site-packages/pip/_vendor/platformdirs/__pycache__/version.cpython-311.pyc
  inflating: lib/python3.11/site-packages/pip/_vendor/platformdirs/__pycache__/__init__.cpython-311.pyc
  inflating: lib/python3.11/site-packages/pip/_vendor/platformdirs/__pycache__/macos.cpython-311.pyc
  inflating: lib/python3.11/site-packages/pip/_vendor/platformdirs/__pycache__/android.cpython-311.pyc
  inflating: lib/python3.11/site-packages/pip/_vendor/platformdirs/__pycache__/api.cpython-311.pyc
  inflating: lib/python3.11/site-packages/pip/_vendor/platformdirs/__pycache__/__main__.cpython-311.pyc
  inflating: lib/python3.11/site-packages/pip/_vendor/platformdirs/android.py
  inflating: lib/python3.11/site-packages/pip/_vendor/six.py
  inflating: lib/python3.11/site-packages/pip/_vendor/distro/__main__.py
  inflating: lib/python3.11/site-packages/pip/_vendor/distro/__init__.py
  inflating: lib/python3.11/site-packages/pip/_vendor/distro/distro.py
  inflating: lib/python3.11/site-packages/pip/_vendor/distro/__pycache__/__init__.cpython-311.pyc
  inflating: lib/python3.11/site-packages/pip/_vendor/distro/__pycache__/__main__.cpython-311.pyc
  inflating: lib/python3.11/site-packages/pip/_vendor/distro/__pycache__/distro.cpython-311.pyc
  inflating: lib/python3.11/site-packages/pip/_vendor/webencodings/labels.py
  inflating: lib/python3.11/site-packages/pip/_vendor/webencodings/__init__.py
  inflating: lib/python3.11/site-packages/pip/_vendor/webencodings/tests.py
  inflating: lib/python3.11/site-packages/pip/_vendor/webencodings/mklabels.py
  inflating: lib/python3.11/site-packages/pip/_vendor/webencodings/x_user_defined.py
  inflating: lib/python3.11/site-packages/pip/_vendor/webencodings/__pycache__/x_user_defined.cpython-311.pyc
  inflating: lib/python3.11/site-packages/pip/_vendor/webencodings/__pycache__/labels.cpython-311.pyc
  inflating: lib/python3.11/site-packages/pip/_vendor/webencodings/__pycache__/mklabels.cpython-311.pyc
  inflating: lib/python3.11/site-packages/pip/_vendor/webencodings/__pycache__/__init__.cpython-311.pyc
  inflating: lib/python3.11/site-packages/pip/_vendor/webencodings/__pycache__/tests.cpython-311.pyc
  inflating: lib/python3.11/site-packages/pip/_vendor/colorama/winterm.py
  inflating: lib/python3.11/site-packages/pip/_vendor/colorama/initialise.py
  inflating: lib/python3.11/site-packages/pip/_vendor/colorama/__init__.py
  inflating: lib/python3.11/site-packages/pip/_vendor/colorama/ansitowin32.py
  inflating: lib/python3.11/site-packages/pip/_vendor/colorama/win32.py
  inflating: lib/python3.11/site-packages/pip/_vendor/colorama/ansi.py
  inflating: lib/python3.11/site-packages/pip/_vendor/colorama/__pycache__/ansitowin32.cpython-311.pyc
  inflating: lib/python3.11/site-packages/pip/_vendor/colorama/__pycache__/ansi.cpython-311.pyc
  inflating: lib/python3.11/site-packages/pip/_vendor/colorama/__pycache__/__init__.cpython-311.pyc
  inflating: lib/python3.11/site-packages/pip/_vendor/colorama/__pycache__/initialise.cpython-311.pyc
  inflating: lib/python3.11/site-packages/pip/_vendor/colorama/__pycache__/winterm.cpython-311.pyc
  inflating: lib/python3.11/site-packages/pip/_vendor/colorama/__pycache__/win32.cpython-311.pyc
  inflating: lib/python3.11/site-packages/pip/_vendor/pkg_resources/__init__.py
  inflating: lib/python3.11/site-packages/pip/_vendor/pkg_resources/py31compat.py
  inflating: lib/python3.11/site-packages/pip/_vendor/pkg_resources/__pycache__/py31compat.cpython-311.pyc
  inflating: lib/python3.11/site-packages/pip/_vendor/pkg_resources/__pycache__/__init__.cpython-311.pyc
  inflating: lib/python3.11/site-packages/pip/_vendor/distlib/t64-arm.exe
  inflating: lib/python3.11/site-packages/pip/_vendor/distlib/markers.py
  inflating: lib/python3.11/site-packages/pip/_vendor/distlib/index.py
  inflating: lib/python3.11/site-packages/pip/_vendor/distlib/scripts.py
  inflating: lib/python3.11/site-packages/pip/_vendor/distlib/locators.py
  inflating: lib/python3.11/site-packages/pip/_vendor/distlib/__init__.py
  inflating: lib/python3.11/site-packages/pip/_vendor/distlib/metadata.py
  inflating: lib/python3.11/site-packages/pip/_vendor/distlib/util.py
  inflating: lib/python3.11/site-packages/pip/_vendor/distlib/database.py
  inflating: lib/python3.11/site-packages/pip/_vendor/distlib/manifest.py
  inflating: lib/python3.11/site-packages/pip/_vendor/distlib/w64.exe
  inflating: lib/python3.11/site-packages/pip/_vendor/distlib/compat.py
  inflating: lib/python3.11/site-packages/pip/_vendor/distlib/version.py
  inflating: lib/python3.11/site-packages/pip/_vendor/distlib/wheel.py
  inflating: lib/python3.11/site-packages/pip/_vendor/distlib/w32.exe
  inflating: lib/python3.11/site-packages/pip/_vendor/distlib/__pycache__/index.cpython-311.pyc
  inflating: lib/python3.11/site-packages/pip/_vendor/distlib/__pycache__/locators.cpython-311.pyc
  inflating: lib/python3.11/site-packages/pip/_vendor/distlib/__pycache__/markers.cpython-311.pyc
  inflating: lib/python3.11/site-packages/pip/_vendor/distlib/__pycache__/metadata.cpython-311.pyc
  inflating: lib/python3.11/site-packages/pip/_vendor/distlib/__pycache__/resources.cpython-311.pyc
  inflating: lib/python3.11/site-packages/pip/_vendor/distlib/__pycache__/version.cpython-311.pyc
  inflating: lib/python3.11/site-packages/pip/_vendor/distlib/__pycache__/__init__.cpython-311.pyc
  inflating: lib/python3.11/site-packages/pip/_vendor/distlib/__pycache__/compat.cpython-311.pyc
  inflating: lib/python3.11/site-packages/pip/_vendor/distlib/__pycache__/manifest.cpython-311.pyc
  inflating: lib/python3.11/site-packages/pip/_vendor/distlib/__pycache__/scripts.cpython-311.pyc
  inflating: lib/python3.11/site-packages/pip/_vendor/distlib/__pycache__/database.cpython-311.pyc
  inflating: lib/python3.11/site-packages/pip/_vendor/distlib/__pycache__/wheel.cpython-311.pyc
  inflating: lib/python3.11/site-packages/pip/_vendor/distlib/__pycache__/util.cpython-311.pyc
  inflating: lib/python3.11/site-packages/pip/_vendor/distlib/t32.exe
  inflating: lib/python3.11/site-packages/pip/_vendor/distlib/t64.exe
  inflating: lib/python3.11/site-packages/pip/_vendor/distlib/resources.py
  inflating: lib/python3.11/site-packages/pip/_vendor/distlib/w64-arm.exe
  inflating: lib/python3.11/site-packages/pip/_vendor/__pycache__/six.cpython-311.pyc
  inflating: lib/python3.11/site-packages/pip/_vendor/__pycache__/__init__.cpython-311.pyc
  inflating: lib/python3.11/site-packages/pip/_vendor/__pycache__/typing_extensions.cpython-311.pyc
  inflating: lib/python3.11/site-packages/pip/_vendor/cachecontrol/caches/file_cache.py
  inflating: lib/python3.11/site-packages/pip/_vendor/cachecontrol/caches/__init__.py
  inflating: lib/python3.11/site-packages/pip/_vendor/cachecontrol/caches/redis_cache.py
  inflating: lib/python3.11/site-packages/pip/_vendor/cachecontrol/caches/__pycache__/__init__.cpython-311.pyc
  inflating: lib/python3.11/site-packages/pip/_vendor/cachecontrol/caches/__pycache__/file_cache.cpython-311.pyc
  inflating: lib/python3.11/site-packages/pip/_vendor/cachecontrol/caches/__pycache__/redis_cache.cpython-311.pyc
  inflating: lib/python3.11/site-packages/pip/_vendor/cachecontrol/cache.py
  inflating: lib/python3.11/site-packages/pip/_vendor/cachecontrol/__init__.py
  inflating: lib/python3.11/site-packages/pip/_vendor/cachecontrol/controller.py
  inflating: lib/python3.11/site-packages/pip/_vendor/cachecontrol/compat.py
  inflating: lib/python3.11/site-packages/pip/_vendor/cachecontrol/serialize.py
  inflating: lib/python3.11/site-packages/pip/_vendor/cachecontrol/wrapper.py
  inflating: lib/python3.11/site-packages/pip/_vendor/cachecontrol/_cmd.py
  inflating: lib/python3.11/site-packages/pip/_vendor/cachecontrol/__pycache__/__init__.cpython-311.pyc
  inflating: lib/python3.11/site-packages/pip/_vendor/cachecontrol/__pycache__/compat.cpython-311.pyc
  inflating: lib/python3.11/site-packages/pip/_vendor/cachecontrol/__pycache__/heuristics.cpython-311.pyc
  inflating: lib/python3.11/site-packages/pip/_vendor/cachecontrol/__pycache__/controller.cpython-311.pyc
  inflating: lib/python3.11/site-packages/pip/_vendor/cachecontrol/__pycache__/adapter.cpython-311.pyc
  inflating: lib/python3.11/site-packages/pip/_vendor/cachecontrol/__pycache__/_cmd.cpython-311.pyc
  inflating: lib/python3.11/site-packages/pip/_vendor/cachecontrol/__pycache__/wrapper.cpython-311.pyc
  inflating: lib/python3.11/site-packages/pip/_vendor/cachecontrol/__pycache__/serialize.cpython-311.pyc
  inflating: lib/python3.11/site-packages/pip/_vendor/cachecontrol/__pycache__/filewrapper.cpython-311.pyc
  inflating: lib/python3.11/site-packages/pip/_vendor/cachecontrol/__pycache__/cache.cpython-311.pyc
  inflating: lib/python3.11/site-packages/pip/_vendor/cachecontrol/heuristics.py
  inflating: lib/python3.11/site-packages/pip/_vendor/cachecontrol/adapter.py
  inflating: lib/python3.11/site-packages/pip/_vendor/cachecontrol/filewrapper.py
  inflating: lib/python3.11/site-packages/pip/_vendor/pep517/build.py
  inflating: lib/python3.11/site-packages/pip/_vendor/pep517/dirtools.py
  inflating: lib/python3.11/site-packages/pip/_vendor/pep517/in_process/__init__.py
  inflating: lib/python3.11/site-packages/pip/_vendor/pep517/in_process/_in_process.py
  inflating: lib/python3.11/site-packages/pip/_vendor/pep517/in_process/__pycache__/__init__.cpython-311.pyc
  inflating: lib/python3.11/site-packages/pip/_vendor/pep517/in_process/__pycache__/_in_process.cpython-311.pyc
  inflating: lib/python3.11/site-packages/pip/_vendor/pep517/__init__.py
  inflating: lib/python3.11/site-packages/pip/_vendor/pep517/check.py
  inflating: lib/python3.11/site-packages/pip/_vendor/pep517/meta.py
  inflating: lib/python3.11/site-packages/pip/_vendor/pep517/wrappers.py
  inflating: lib/python3.11/site-packages/pip/_vendor/pep517/_compat.py
  inflating: lib/python3.11/site-packages/pip/_vendor/pep517/__pycache__/dirtools.cpython-311.pyc
  inflating: lib/python3.11/site-packages/pip/_vendor/pep517/__pycache__/_compat.cpython-311.pyc
  inflating: lib/python3.11/site-packages/pip/_vendor/pep517/__pycache__/check.cpython-311.pyc
  inflating: lib/python3.11/site-packages/pip/_vendor/pep517/__pycache__/envbuild.cpython-311.pyc
  inflating: lib/python3.11/site-packages/pip/_vendor/pep517/__pycache__/meta.cpython-311.pyc
  inflating: lib/python3.11/site-packages/pip/_vendor/pep517/__pycache__/build.cpython-311.pyc
  inflating: lib/python3.11/site-packages/pip/_vendor/pep517/__pycache__/__init__.cpython-311.pyc
  inflating: lib/python3.11/site-packages/pip/_vendor/pep517/__pycache__/wrappers.cpython-311.pyc
  inflating: lib/python3.11/site-packages/pip/_vendor/pep517/__pycache__/colorlog.cpython-311.pyc
  inflating: lib/python3.11/site-packages/pip/_vendor/pep517/envbuild.py
  inflating: lib/python3.11/site-packages/pip/_vendor/pep517/colorlog.py
  inflating: lib/python3.11/site-packages/pip/_vendor/tomli/_re.py
  inflating: lib/python3.11/site-packages/pip/_vendor/tomli/_types.py
  inflating: lib/python3.11/site-packages/pip/_vendor/tomli/__init__.py
  inflating: lib/python3.11/site-packages/pip/_vendor/tomli/_parser.py
  inflating: lib/python3.11/site-packages/pip/_vendor/tomli/__pycache__/_re.cpython-311.pyc
  inflating: lib/python3.11/site-packages/pip/_vendor/tomli/__pycache__/_parser.cpython-311.pyc
  inflating: lib/python3.11/site-packages/pip/_vendor/tomli/__pycache__/__init__.cpython-311.pyc
  inflating: lib/python3.11/site-packages/pip/_vendor/tomli/__pycache__/_types.cpython-311.pyc
  inflating: lib/python3.11/site-packages/pip/_vendor/packaging/specifiers.py
  inflating: lib/python3.11/site-packages/pip/_vendor/packaging/markers.py
  inflating: lib/python3.11/site-packages/pip/_vendor/packaging/__about__.py
  inflating: lib/python3.11/site-packages/pip/_vendor/packaging/__init__.py
  inflating: lib/python3.11/site-packages/pip/_vendor/packaging/version.py
  inflating: lib/python3.11/site-packages/pip/_vendor/packaging/_manylinux.py
  inflating: lib/python3.11/site-packages/pip/_vendor/packaging/_structures.py
  inflating: lib/python3.11/site-packages/pip/_vendor/packaging/__pycache__/markers.cpython-311.pyc
  inflating: lib/python3.11/site-packages/pip/_vendor/packaging/__pycache__/specifiers.cpython-311.pyc
  inflating: lib/python3.11/site-packages/pip/_vendor/packaging/__pycache__/utils.cpython-311.pyc
  inflating: lib/python3.11/site-packages/pip/_vendor/packaging/__pycache__/version.cpython-311.pyc
  inflating: lib/python3.11/site-packages/pip/_vendor/packaging/__pycache__/__init__.cpython-311.pyc
  inflating: lib/python3.11/site-packages/pip/_vendor/packaging/__pycache__/requirements.cpython-311.pyc
  inflating: lib/python3.11/site-packages/pip/_vendor/packaging/__pycache__/_musllinux.cpython-311.pyc
  inflating: lib/python3.11/site-packages/pip/_vendor/packaging/__pycache__/__about__.cpython-311.pyc
  inflating: lib/python3.11/site-packages/pip/_vendor/packaging/__pycache__/_structures.cpython-311.pyc
  inflating: lib/python3.11/site-packages/pip/_vendor/packaging/__pycache__/_manylinux.cpython-311.pyc
  inflating: lib/python3.11/site-packages/pip/_vendor/packaging/__pycache__/tags.cpython-311.pyc
  inflating: lib/python3.11/site-packages/pip/_vendor/packaging/_musllinux.py
  inflating: lib/python3.11/site-packages/pip/_vendor/packaging/utils.py
  inflating: lib/python3.11/site-packages/pip/_vendor/packaging/tags.py
  inflating: lib/python3.11/site-packages/pip/_vendor/packaging/requirements.py
  inflating: lib/python3.11/site-packages/pip/_vendor/typing_extensions.py
  inflating: lib/python3.11/site-packages/pip/_vendor/chardet/chardistribution.py
  inflating: lib/python3.11/site-packages/pip/_vendor/chardet/hebrewprober.py
  inflating: lib/python3.11/site-packages/pip/_vendor/chardet/mbcsgroupprober.py
  inflating: lib/python3.11/site-packages/pip/_vendor/chardet/gb2312prober.py
  inflating: lib/python3.11/site-packages/pip/_vendor/chardet/codingstatemachine.py
  inflating: lib/python3.11/site-packages/pip/_vendor/chardet/jisfreq.py
  inflating: lib/python3.11/site-packages/pip/_vendor/chardet/johabprober.py
  inflating: lib/python3.11/site-packages/pip/_vendor/chardet/sbcharsetprober.py
  inflating: lib/python3.11/site-packages/pip/_vendor/chardet/langthaimodel.py
  inflating: lib/python3.11/site-packages/pip/_vendor/chardet/charsetgroupprober.py
  inflating: lib/python3.11/site-packages/pip/_vendor/chardet/langhebrewmodel.py
  inflating: lib/python3.11/site-packages/pip/_vendor/chardet/cli/chardetect.py
  inflating: lib/python3.11/site-packages/pip/_vendor/chardet/cli/__init__.py
  inflating: lib/python3.11/site-packages/pip/_vendor/chardet/cli/__pycache__/__init__.cpython-311.pyc
  inflating: lib/python3.11/site-packages/pip/_vendor/chardet/cli/__pycache__/chardetect.cpython-311.pyc
  inflating: lib/python3.11/site-packages/pip/_vendor/chardet/__init__.py
  inflating: lib/python3.11/site-packages/pip/_vendor/chardet/cp949prober.py
  inflating: lib/python3.11/site-packages/pip/_vendor/chardet/mbcharsetprober.py
  inflating: lib/python3.11/site-packages/pip/_vendor/chardet/sjisprober.py
  inflating: lib/python3.11/site-packages/pip/_vendor/chardet/utf8prober.py
  inflating: lib/python3.11/site-packages/pip/_vendor/chardet/escsm.py
  inflating: lib/python3.11/site-packages/pip/_vendor/chardet/euckrprober.py
  inflating: lib/python3.11/site-packages/pip/_vendor/chardet/euctwfreq.py
  inflating: lib/python3.11/site-packages/pip/_vendor/chardet/langturkishmodel.py
  inflating: lib/python3.11/site-packages/pip/_vendor/chardet/euctwprober.py
  inflating: lib/python3.11/site-packages/pip/_vendor/chardet/langgreekmodel.py
  inflating: lib/python3.11/site-packages/pip/_vendor/chardet/big5prober.py
  inflating: lib/python3.11/site-packages/pip/_vendor/chardet/langbulgarianmodel.py
  inflating: lib/python3.11/site-packages/pip/_vendor/chardet/eucjpprober.py
  inflating: lib/python3.11/site-packages/pip/_vendor/chardet/johabfreq.py
  inflating: lib/python3.11/site-packages/pip/_vendor/chardet/utf1632prober.py
  inflating: lib/python3.11/site-packages/pip/_vendor/chardet/version.py
  inflating: lib/python3.11/site-packages/pip/_vendor/chardet/mbcssm.py
  inflating: lib/python3.11/site-packages/pip/_vendor/chardet/euckrfreq.py
  inflating: lib/python3.11/site-packages/pip/_vendor/chardet/langhungarianmodel.py
  inflating: lib/python3.11/site-packages/pip/_vendor/chardet/charsetprober.py
  inflating: lib/python3.11/site-packages/pip/_vendor/chardet/latin1prober.py
  inflating: lib/python3.11/site-packages/pip/_vendor/chardet/langrussianmodel.py
  inflating: lib/python3.11/site-packages/pip/_vendor/chardet/escprober.py
  inflating: lib/python3.11/site-packages/pip/_vendor/chardet/big5freq.py
  inflating: lib/python3.11/site-packages/pip/_vendor/chardet/gb2312freq.py
  inflating: lib/python3.11/site-packages/pip/_vendor/chardet/universaldetector.py
  inflating: lib/python3.11/site-packages/pip/_vendor/chardet/sbcsgroupprober.py
  inflating: lib/python3.11/site-packages/pip/_vendor/chardet/jpcntx.py
  inflating: lib/python3.11/site-packages/pip/_vendor/chardet/__pycache__/escsm.cpython-311.pyc
  inflating: lib/python3.11/site-packages/pip/_vendor/chardet/__pycache__/sbcharsetprober.cpython-311.pyc
  inflating: lib/python3.11/site-packages/pip/_vendor/chardet/__pycache__/latin1prober.cpython-311.pyc
  inflating: lib/python3.11/site-packages/pip/_vendor/chardet/__pycache__/eucjpprober.cpython-311.pyc
  inflating: lib/python3.11/site-packages/pip/_vendor/chardet/__pycache__/sjisprober.cpython-311.pyc
  inflating: lib/python3.11/site-packages/pip/_vendor/chardet/__pycache__/big5freq.cpython-311.pyc
  inflating: lib/python3.11/site-packages/pip/_vendor/chardet/__pycache__/euctwprober.cpython-311.pyc
  inflating: lib/python3.11/site-packages/pip/_vendor/chardet/__pycache__/hebrewprober.cpython-311.pyc
  inflating: lib/python3.11/site-packages/pip/_vendor/chardet/__pycache__/codingstatemachine.cpython-311.pyc
  inflating: lib/python3.11/site-packages/pip/_vendor/chardet/__pycache__/utf8prober.cpython-311.pyc
  inflating: lib/python3.11/site-packages/pip/_vendor/chardet/__pycache__/big5prober.cpython-311.pyc
  inflating: lib/python3.11/site-packages/pip/_vendor/chardet/__pycache__/sbcsgroupprober.cpython-311.pyc
  inflating: lib/python3.11/site-packages/pip/_vendor/chardet/__pycache__/langgreekmodel.cpython-311.pyc
  inflating: lib/python3.11/site-packages/pip/_vendor/chardet/__pycache__/mbcharsetprober.cpython-311.pyc
  inflating: lib/python3.11/site-packages/pip/_vendor/chardet/__pycache__/johabfreq.cpython-311.pyc
  inflating: lib/python3.11/site-packages/pip/_vendor/chardet/__pycache__/mbcsgroupprober.cpython-311.pyc
  inflating: lib/python3.11/site-packages/pip/_vendor/chardet/__pycache__/version.cpython-311.pyc
  inflating: lib/python3.11/site-packages/pip/_vendor/chardet/__pycache__/__init__.cpython-311.pyc
  inflating: lib/python3.11/site-packages/pip/_vendor/chardet/__pycache__/euckrfreq.cpython-311.pyc
  inflating: lib/python3.11/site-packages/pip/_vendor/chardet/__pycache__/enums.cpython-311.pyc
  inflating: lib/python3.11/site-packages/pip/_vendor/chardet/__pycache__/escprober.cpython-311.pyc
  inflating: lib/python3.11/site-packages/pip/_vendor/chardet/__pycache__/utf1632prober.cpython-311.pyc
  inflating: lib/python3.11/site-packages/pip/_vendor/chardet/__pycache__/langturkishmodel.cpython-311.pyc
  inflating: lib/python3.11/site-packages/pip/_vendor/chardet/__pycache__/charsetprober.cpython-311.pyc
  inflating: lib/python3.11/site-packages/pip/_vendor/chardet/__pycache__/chardistribution.cpython-311.pyc
  inflating: lib/python3.11/site-packages/pip/_vendor/chardet/__pycache__/euctwfreq.cpython-311.pyc
  inflating: lib/python3.11/site-packages/pip/_vendor/chardet/__pycache__/langrussianmodel.cpython-311.pyc
  inflating: lib/python3.11/site-packages/pip/_vendor/chardet/__pycache__/johabprober.cpython-311.pyc
  inflating: lib/python3.11/site-packages/pip/_vendor/chardet/__pycache__/langthaimodel.cpython-311.pyc
  inflating: lib/python3.11/site-packages/pip/_vendor/chardet/__pycache__/universaldetector.cpython-311.pyc
  inflating: lib/python3.11/site-packages/pip/_vendor/chardet/__pycache__/langhebrewmodel.cpython-311.pyc
  inflating: lib/python3.11/site-packages/pip/_vendor/chardet/__pycache__/gb2312freq.cpython-311.pyc
  inflating: lib/python3.11/site-packages/pip/_vendor/chardet/__pycache__/cp949prober.cpython-311.pyc
  inflating: lib/python3.11/site-packages/pip/_vendor/chardet/__pycache__/langbulgarianmodel.cpython-311.pyc
  inflating: lib/python3.11/site-packages/pip/_vendor/chardet/__pycache__/euckrprober.cpython-311.pyc
  inflating: lib/python3.11/site-packages/pip/_vendor/chardet/__pycache__/langhungarianmodel.cpython-311.pyc
  inflating: lib/python3.11/site-packages/pip/_vendor/chardet/__pycache__/jisfreq.cpython-311.pyc
  inflating: lib/python3.11/site-packages/pip/_vendor/chardet/__pycache__/jpcntx.cpython-311.pyc
  inflating: lib/python3.11/site-packages/pip/_vendor/chardet/__pycache__/charsetgroupprober.cpython-311.pyc
  inflating: lib/python3.11/site-packages/pip/_vendor/chardet/__pycache__/gb2312prober.cpython-311.pyc
  inflating: lib/python3.11/site-packages/pip/_vendor/chardet/__pycache__/mbcssm.cpython-311.pyc
  inflating: lib/python3.11/site-packages/pip/_vendor/chardet/enums.py
  inflating: lib/python3.11/site-packages/pip/_vendor/chardet/metadata/languages.py
  inflating: lib/python3.11/site-packages/pip/_vendor/chardet/metadata/__init__.py
  inflating: lib/python3.11/site-packages/pip/_vendor/chardet/metadata/__pycache__/languages.cpython-311.pyc
  inflating: lib/python3.11/site-packages/pip/_vendor/chardet/metadata/__pycache__/__init__.cpython-311.pyc
  inflating: lib/python3.11/site-packages/pip/py.typed
  inflating: lib/python3.11/site-packages/pip/__init__.py
  inflating: lib/python3.11/site-packages/pip/_internal/resolution/__init__.py
  inflating: lib/python3.11/site-packages/pip/_internal/resolution/legacy/__init__.py
  inflating: lib/python3.11/site-packages/pip/_internal/resolution/legacy/resolver.py
  inflating: lib/python3.11/site-packages/pip/_internal/resolution/legacy/__pycache__/__init__.cpython-311.pyc
  inflating: lib/python3.11/site-packages/pip/_internal/resolution/legacy/__pycache__/resolver.cpython-311.pyc
  inflating: lib/python3.11/site-packages/pip/_internal/resolution/resolvelib/__init__.py
  inflating: lib/python3.11/site-packages/pip/_internal/resolution/resolvelib/resolver.py
  inflating: lib/python3.11/site-packages/pip/_internal/resolution/resolvelib/provider.py
  inflating: lib/python3.11/site-packages/pip/_internal/resolution/resolvelib/found_candidates.py
  inflating: lib/python3.11/site-packages/pip/_internal/resolution/resolvelib/candidates.py
  inflating: lib/python3.11/site-packages/pip/_internal/resolution/resolvelib/base.py
  inflating: lib/python3.11/site-packages/pip/_internal/resolution/resolvelib/factory.py
  inflating: lib/python3.11/site-packages/pip/_internal/resolution/resolvelib/__pycache__/base.cpython-311.pyc
  inflating: lib/python3.11/site-packages/pip/_internal/resolution/resolvelib/__pycache__/found_candidates.cpython-311.pyc
  inflating: lib/python3.11/site-packages/pip/_internal/resolution/resolvelib/__pycache__/reporter.cpython-311.pyc
  inflating: lib/python3.11/site-packages/pip/_internal/resolution/resolvelib/__pycache__/provider.cpython-311.pyc
  inflating: lib/python3.11/site-packages/pip/_internal/resolution/resolvelib/__pycache__/factory.cpython-311.pyc
  inflating: lib/python3.11/site-packages/pip/_internal/resolution/resolvelib/__pycache__/__init__.cpython-311.pyc
  inflating: lib/python3.11/site-packages/pip/_internal/resolution/resolvelib/__pycache__/requirements.cpython-311.pyc
  inflating: lib/python3.11/site-packages/pip/_internal/resolution/resolvelib/__pycache__/resolver.cpython-311.pyc
  inflating: lib/python3.11/site-packages/pip/_internal/resolution/resolvelib/__pycache__/candidates.cpython-311.pyc
  inflating: lib/python3.11/site-packages/pip/_internal/resolution/resolvelib/reporter.py
  inflating: lib/python3.11/site-packages/pip/_internal/resolution/resolvelib/requirements.py
  inflating: lib/python3.11/site-packages/pip/_internal/resolution/base.py
  inflating: lib/python3.11/site-packages/pip/_internal/resolution/__pycache__/base.cpython-311.pyc
  inflating: lib/python3.11/site-packages/pip/_internal/resolution/__pycache__/__init__.cpython-311.pyc
  inflating: lib/python3.11/site-packages/pip/_internal/build_env.py
  inflating: lib/python3.11/site-packages/pip/_internal/models/target_python.py
  inflating: lib/python3.11/site-packages/pip/_internal/models/link.py
  inflating: lib/python3.11/site-packages/pip/_internal/models/direct_url.py
  inflating: lib/python3.11/site-packages/pip/_internal/models/selection_prefs.py
  inflating: lib/python3.11/site-packages/pip/_internal/models/index.py
  inflating: lib/python3.11/site-packages/pip/_internal/models/format_control.py
  inflating: lib/python3.11/site-packages/pip/_internal/models/__init__.py
  inflating: lib/python3.11/site-packages/pip/_internal/models/scheme.py
  inflating: lib/python3.11/site-packages/pip/_internal/models/installation_report.py
  inflating: lib/python3.11/site-packages/pip/_internal/models/search_scope.py
  inflating: lib/python3.11/site-packages/pip/_internal/models/wheel.py
  inflating: lib/python3.11/site-packages/pip/_internal/models/candidate.py
  inflating: lib/python3.11/site-packages/pip/_internal/models/__pycache__/index.cpython-311.pyc
  inflating: lib/python3.11/site-packages/pip/_internal/models/__pycache__/direct_url.cpython-311.pyc
  inflating: lib/python3.11/site-packages/pip/_internal/models/__pycache__/format_control.cpython-311.pyc
  inflating: lib/python3.11/site-packages/pip/_internal/models/__pycache__/__init__.cpython-311.pyc
  inflating: lib/python3.11/site-packages/pip/_internal/models/__pycache__/search_scope.cpython-311.pyc
  inflating: lib/python3.11/site-packages/pip/_internal/models/__pycache__/selection_prefs.cpython-311.pyc
  inflating: lib/python3.11/site-packages/pip/_internal/models/__pycache__/target_python.cpython-311.pyc
  inflating: lib/python3.11/site-packages/pip/_internal/models/__pycache__/scheme.cpython-311.pyc
  inflating: lib/python3.11/site-packages/pip/_internal/models/__pycache__/link.cpython-311.pyc
  inflating: lib/python3.11/site-packages/pip/_internal/models/__pycache__/wheel.cpython-311.pyc
  inflating: lib/python3.11/site-packages/pip/_internal/models/__pycache__/candidate.cpython-311.pyc
  inflating: lib/python3.11/site-packages/pip/_internal/models/__pycache__/installation_report.cpython-311.pyc
  inflating: lib/python3.11/site-packages/pip/_internal/distributions/__init__.py
  inflating: lib/python3.11/site-packages/pip/_internal/distributions/installed.py
  inflating: lib/python3.11/site-packages/pip/_internal/distributions/wheel.py
  inflating: lib/python3.11/site-packages/pip/_internal/distributions/base.py
  inflating: lib/python3.11/site-packages/pip/_internal/distributions/sdist.py
  inflating: lib/python3.11/site-packages/pip/_internal/distributions/__pycache__/base.cpython-311.pyc
  inflating: lib/python3.11/site-packages/pip/_internal/distributions/__pycache__/installed.cpython-311.pyc
  inflating: lib/python3.11/site-packages/pip/_internal/distributions/__pycache__/sdist.cpython-311.pyc
  inflating: lib/python3.11/site-packages/pip/_internal/distributions/__pycache__/__init__.cpython-311.pyc
  inflating: lib/python3.11/site-packages/pip/_internal/distributions/__pycache__/wheel.cpython-311.pyc
  inflating: lib/python3.11/site-packages/pip/_internal/self_outdated_check.py
  inflating: lib/python3.11/site-packages/pip/_internal/cache.py
  inflating: lib/python3.11/site-packages/pip/_internal/req/__init__.py
  inflating: lib/python3.11/site-packages/pip/_internal/req/req_install.py
  inflating: lib/python3.11/site-packages/pip/_internal/req/req_uninstall.py
  inflating: lib/python3.11/site-packages/pip/_internal/req/constructors.py
  inflating: lib/python3.11/site-packages/pip/_internal/req/req_set.py
  inflating: lib/python3.11/site-packages/pip/_internal/req/req_file.py
  inflating: lib/python3.11/site-packages/pip/_internal/req/__pycache__/req_file.cpython-311.pyc
  inflating: lib/python3.11/site-packages/pip/_internal/req/__pycache__/req_uninstall.cpython-311.pyc
  inflating: lib/python3.11/site-packages/pip/_internal/req/__pycache__/__init__.cpython-311.pyc
  inflating: lib/python3.11/site-packages/pip/_internal/req/__pycache__/req_install.cpython-311.pyc
  inflating: lib/python3.11/site-packages/pip/_internal/req/__pycache__/req_set.cpython-311.pyc
  inflating: lib/python3.11/site-packages/pip/_internal/req/__pycache__/constructors.cpython-311.pyc
  inflating: lib/python3.11/site-packages/pip/_internal/cli/spinners.py
  inflating: lib/python3.11/site-packages/pip/_internal/cli/parser.py
  inflating: lib/python3.11/site-packages/pip/_internal/cli/base_command.py
  inflating: lib/python3.11/site-packages/pip/_internal/cli/progress_bars.py
  inflating: lib/python3.11/site-packages/pip/_internal/cli/main.py
  inflating: lib/python3.11/site-packages/pip/_internal/cli/cmdoptions.py
  inflating: lib/python3.11/site-packages/pip/_internal/cli/__init__.py
  inflating: lib/python3.11/site-packages/pip/_internal/cli/main_parser.py
  inflating: lib/python3.11/site-packages/pip/_internal/cli/command_context.py
  inflating: lib/python3.11/site-packages/pip/_internal/cli/status_codes.py
  inflating: lib/python3.11/site-packages/pip/_internal/cli/autocompletion.py
  inflating: lib/python3.11/site-packages/pip/_internal/cli/__pycache__/autocompletion.cpython-311.pyc
  inflating: lib/python3.11/site-packages/pip/_internal/cli/__pycache__/main.cpython-311.pyc
  inflating: lib/python3.11/site-packages/pip/_internal/cli/__pycache__/command_context.cpython-311.pyc
  inflating: lib/python3.11/site-packages/pip/_internal/cli/__pycache__/base_command.cpython-311.pyc
  inflating: lib/python3.11/site-packages/pip/_internal/cli/__pycache__/__init__.cpython-311.pyc
  inflating: lib/python3.11/site-packages/pip/_internal/cli/__pycache__/status_codes.cpython-311.pyc
  inflating: lib/python3.11/site-packages/pip/_internal/cli/__pycache__/cmdoptions.cpython-311.pyc
  inflating: lib/python3.11/site-packages/pip/_internal/cli/__pycache__/parser.cpython-311.pyc
  inflating: lib/python3.11/site-packages/pip/_internal/cli/__pycache__/req_command.cpython-311.pyc
  inflating: lib/python3.11/site-packages/pip/_internal/cli/__pycache__/progress_bars.cpython-311.pyc
  inflating: lib/python3.11/site-packages/pip/_internal/cli/__pycache__/spinners.cpython-311.pyc
  inflating: lib/python3.11/site-packages/pip/_internal/cli/__pycache__/main_parser.cpython-311.pyc
  inflating: lib/python3.11/site-packages/pip/_internal/cli/req_command.py
  inflating: lib/python3.11/site-packages/pip/_internal/main.py
  inflating: lib/python3.11/site-packages/pip/_internal/__init__.py
  inflating: lib/python3.11/site-packages/pip/_internal/network/xmlrpc.py
  inflating: lib/python3.11/site-packages/pip/_internal/network/cache.py
  inflating: lib/python3.11/site-packages/pip/_internal/network/lazy_wheel.py
  inflating: lib/python3.11/site-packages/pip/_internal/network/__init__.py
  inflating: lib/python3.11/site-packages/pip/_internal/network/auth.py
  inflating: lib/python3.11/site-packages/pip/_internal/network/session.py
  inflating: lib/python3.11/site-packages/pip/_internal/network/download.py
  inflating: lib/python3.11/site-packages/pip/_internal/network/__pycache__/session.cpython-311.pyc
  inflating: lib/python3.11/site-packages/pip/_internal/network/__pycache__/xmlrpc.cpython-311.pyc
  inflating: lib/python3.11/site-packages/pip/_internal/network/__pycache__/utils.cpython-311.pyc
  inflating: lib/python3.11/site-packages/pip/_internal/network/__pycache__/__init__.cpython-311.pyc
  inflating: lib/python3.11/site-packages/pip/_internal/network/__pycache__/download.cpython-311.pyc
  inflating: lib/python3.11/site-packages/pip/_internal/network/__pycache__/lazy_wheel.cpython-311.pyc
  inflating: lib/python3.11/site-packages/pip/_internal/network/__pycache__/auth.cpython-311.pyc
  inflating: lib/python3.11/site-packages/pip/_internal/network/__pycache__/cache.cpython-311.pyc
  inflating: lib/python3.11/site-packages/pip/_internal/network/utils.py
  inflating: lib/python3.11/site-packages/pip/_internal/configuration.py
  inflating: lib/python3.11/site-packages/pip/_internal/index/sources.py
  inflating: lib/python3.11/site-packages/pip/_internal/index/__init__.py
  inflating: lib/python3.11/site-packages/pip/_internal/index/collector.py
  inflating: lib/python3.11/site-packages/pip/_internal/index/__pycache__/sources.cpython-311.pyc
  inflating: lib/python3.11/site-packages/pip/_internal/index/__pycache__/__init__.cpython-311.pyc
  inflating: lib/python3.11/site-packages/pip/_internal/index/__pycache__/collector.cpython-311.pyc
  inflating: lib/python3.11/site-packages/pip/_internal/index/__pycache__/package_finder.cpython-311.pyc
  inflating: lib/python3.11/site-packages/pip/_internal/index/package_finder.py
  inflating: lib/python3.11/site-packages/pip/_internal/pyproject.py
  inflating: lib/python3.11/site-packages/pip/_internal/locations/_sysconfig.py
  inflating: lib/python3.11/site-packages/pip/_internal/locations/__init__.py
  inflating: lib/python3.11/site-packages/pip/_internal/locations/base.py
  inflating: lib/python3.11/site-packages/pip/_internal/locations/__pycache__/_distutils.cpython-311.pyc
  inflating: lib/python3.11/site-packages/pip/_internal/locations/__pycache__/base.cpython-311.pyc
  inflating: lib/python3.11/site-packages/pip/_internal/locations/__pycache__/__init__.cpython-311.pyc
  inflating: lib/python3.11/site-packages/pip/_internal/locations/__pycache__/_sysconfig.cpython-311.pyc
  inflating: lib/python3.11/site-packages/pip/_internal/locations/_distutils.py
  inflating: lib/python3.11/site-packages/pip/_internal/exceptions.py
  inflating: lib/python3.11/site-packages/pip/_internal/vcs/versioncontrol.py
  inflating: lib/python3.11/site-packages/pip/_internal/vcs/mercurial.py
  inflating: lib/python3.11/site-packages/pip/_internal/vcs/__init__.py
  inflating: lib/python3.11/site-packages/pip/_internal/vcs/bazaar.py
  inflating: lib/python3.11/site-packages/pip/_internal/vcs/subversion.py
  inflating: lib/python3.11/site-packages/pip/_internal/vcs/__pycache__/mercurial.cpython-311.pyc
  inflating: lib/python3.11/site-packages/pip/_internal/vcs/__pycache__/__init__.cpython-311.pyc
  inflating: lib/python3.11/site-packages/pip/_internal/vcs/__pycache__/bazaar.cpython-311.pyc
  inflating: lib/python3.11/site-packages/pip/_internal/vcs/__pycache__/versioncontrol.cpython-311.pyc
  inflating: lib/python3.11/site-packages/pip/_internal/vcs/__pycache__/git.cpython-311.pyc
  inflating: lib/python3.11/site-packages/pip/_internal/vcs/__pycache__/subversion.cpython-311.pyc
  inflating: lib/python3.11/site-packages/pip/_internal/vcs/git.py
  inflating: lib/python3.11/site-packages/pip/_internal/wheel_builder.py
  inflating: lib/python3.11/site-packages/pip/_internal/__pycache__/main.cpython-311.pyc
  inflating: lib/python3.11/site-packages/pip/_internal/__pycache__/__init__.cpython-311.pyc
  inflating: lib/python3.11/site-packages/pip/_internal/__pycache__/configuration.cpython-311.pyc
  inflating: lib/python3.11/site-packages/pip/_internal/__pycache__/pyproject.cpython-311.pyc
  inflating: lib/python3.11/site-packages/pip/_internal/__pycache__/build_env.cpython-311.pyc
  inflating: lib/python3.11/site-packages/pip/_internal/__pycache__/wheel_builder.cpython-311.pyc
  inflating: lib/python3.11/site-packages/pip/_internal/__pycache__/exceptions.cpython-311.pyc
  inflating: lib/python3.11/site-packages/pip/_internal/__pycache__/cache.cpython-311.pyc
  inflating: lib/python3.11/site-packages/pip/_internal/__pycache__/self_outdated_check.cpython-311.pyc
  inflating: lib/python3.11/site-packages/pip/_internal/commands/debug.py
  inflating: lib/python3.11/site-packages/pip/_internal/commands/completion.py
  inflating: lib/python3.11/site-packages/pip/_internal/commands/search.py
  inflating: lib/python3.11/site-packages/pip/_internal/commands/inspect.py
  inflating: lib/python3.11/site-packages/pip/_internal/commands/index.py
  inflating: lib/python3.11/site-packages/pip/_internal/commands/cache.py
  inflating: lib/python3.11/site-packages/pip/_internal/commands/show.py
  inflating: lib/python3.11/site-packages/pip/_internal/commands/__init__.py
  inflating: lib/python3.11/site-packages/pip/_internal/commands/check.py
  inflating: lib/python3.11/site-packages/pip/_internal/commands/help.py
  inflating: lib/python3.11/site-packages/pip/_internal/commands/configuration.py
  inflating: lib/python3.11/site-packages/pip/_internal/commands/uninstall.py
  inflating: lib/python3.11/site-packages/pip/_internal/commands/hash.py
  inflating: lib/python3.11/site-packages/pip/_internal/commands/freeze.py
  inflating: lib/python3.11/site-packages/pip/_internal/commands/wheel.py
  inflating: lib/python3.11/site-packages/pip/_internal/commands/install.py
  inflating: lib/python3.11/site-packages/pip/_internal/commands/download.py
  inflating: lib/python3.11/site-packages/pip/_internal/commands/__pycache__/index.cpython-311.pyc
  inflating: lib/python3.11/site-packages/pip/_internal/commands/__pycache__/inspect.cpython-311.pyc
  inflating: lib/python3.11/site-packages/pip/_internal/commands/__pycache__/check.cpython-311.pyc
  inflating: lib/python3.11/site-packages/pip/_internal/commands/__pycache__/list.cpython-311.pyc
  inflating: lib/python3.11/site-packages/pip/_internal/commands/__pycache__/install.cpython-311.pyc
  inflating: lib/python3.11/site-packages/pip/_internal/commands/__pycache__/uninstall.cpython-311.pyc
  inflating: lib/python3.11/site-packages/pip/_internal/commands/__pycache__/__init__.cpython-311.pyc
  inflating: lib/python3.11/site-packages/pip/_internal/commands/__pycache__/hash.cpython-311.pyc
  inflating: lib/python3.11/site-packages/pip/_internal/commands/__pycache__/configuration.cpython-311.pyc
  inflating: lib/python3.11/site-packages/pip/_internal/commands/__pycache__/search.cpython-311.pyc
  inflating: lib/python3.11/site-packages/pip/_internal/commands/__pycache__/completion.cpython-311.pyc
  inflating: lib/python3.11/site-packages/pip/_internal/commands/__pycache__/debug.cpython-311.pyc
  inflating: lib/python3.11/site-packages/pip/_internal/commands/__pycache__/download.cpython-311.pyc
  inflating: lib/python3.11/site-packages/pip/_internal/commands/__pycache__/show.cpython-311.pyc
  inflating: lib/python3.11/site-packages/pip/_internal/commands/__pycache__/freeze.cpython-311.pyc
  inflating: lib/python3.11/site-packages/pip/_internal/commands/__pycache__/wheel.cpython-311.pyc
  inflating: lib/python3.11/site-packages/pip/_internal/commands/__pycache__/help.cpython-311.pyc
  inflating: lib/python3.11/site-packages/pip/_internal/commands/__pycache__/cache.cpython-311.pyc
  inflating: lib/python3.11/site-packages/pip/_internal/commands/list.py
  inflating: lib/python3.11/site-packages/pip/_internal/operations/__init__.py
  inflating: lib/python3.11/site-packages/pip/_internal/operations/check.py
  inflating: lib/python3.11/site-packages/pip/_internal/operations/build/wheel_legacy.py
  inflating: lib/python3.11/site-packages/pip/_internal/operations/build/__init__.py
  inflating: lib/python3.11/site-packages/pip/_internal/operations/build/metadata.py
  inflating: lib/python3.11/site-packages/pip/_internal/operations/build/metadata_editable.py
  inflating: lib/python3.11/site-packages/pip/_internal/operations/build/metadata_legacy.py
  inflating: lib/python3.11/site-packages/pip/_internal/operations/build/wheel.py
  inflating: lib/python3.11/site-packages/pip/_internal/operations/build/wheel_editable.py
  inflating: lib/python3.11/site-packages/pip/_internal/operations/build/build_tracker.py
  inflating: lib/python3.11/site-packages/pip/_internal/operations/build/__pycache__/wheel_legacy.cpython-311.pyc
  inflating: lib/python3.11/site-packages/pip/_internal/operations/build/__pycache__/metadata.cpython-311.pyc
  inflating: lib/python3.11/site-packages/pip/_internal/operations/build/__pycache__/metadata_legacy.cpython-311.pyc
  inflating: lib/python3.11/site-packages/pip/_internal/operations/build/__pycache__/__init__.cpython-311.pyc
  inflating: lib/python3.11/site-packages/pip/_internal/operations/build/__pycache__/metadata_editable.cpython-311.pyc
  inflating: lib/python3.11/site-packages/pip/_internal/operations/build/__pycache__/wheel_editable.cpython-311.pyc
  inflating: lib/python3.11/site-packages/pip/_internal/operations/build/__pycache__/wheel.cpython-311.pyc
  inflating: lib/python3.11/site-packages/pip/_internal/operations/build/__pycache__/build_tracker.cpython-311.pyc
  inflating: lib/python3.11/site-packages/pip/_internal/operations/prepare.py
  inflating: lib/python3.11/site-packages/pip/_internal/operations/freeze.py
  inflating: lib/python3.11/site-packages/pip/_internal/operations/install/legacy.py
  inflating: lib/python3.11/site-packages/pip/_internal/operations/install/__init__.py
  inflating: lib/python3.11/site-packages/pip/_internal/operations/install/editable_legacy.py
  inflating: lib/python3.11/site-packages/pip/_internal/operations/install/wheel.py
  inflating: lib/python3.11/site-packages/pip/_internal/operations/install/__pycache__/__init__.cpython-311.pyc
  inflating: lib/python3.11/site-packages/pip/_internal/operations/install/__pycache__/wheel.cpython-311.pyc
  inflating: lib/python3.11/site-packages/pip/_internal/operations/install/__pycache__/editable_legacy.cpython-311.pyc
  inflating: lib/python3.11/site-packages/pip/_internal/operations/install/__pycache__/legacy.cpython-311.pyc
  inflating: lib/python3.11/site-packages/pip/_internal/operations/__pycache__/prepare.cpython-311.pyc
  inflating: lib/python3.11/site-packages/pip/_internal/operations/__pycache__/check.cpython-311.pyc
  inflating: lib/python3.11/site-packages/pip/_internal/operations/__pycache__/__init__.cpython-311.pyc
  inflating: lib/python3.11/site-packages/pip/_internal/operations/__pycache__/freeze.cpython-311.pyc
  inflating: lib/python3.11/site-packages/pip/_internal/metadata/_json.py
  inflating: lib/python3.11/site-packages/pip/_internal/metadata/__init__.py
  inflating: lib/python3.11/site-packages/pip/_internal/metadata/importlib/_envs.py
  inflating: lib/python3.11/site-packages/pip/_internal/metadata/importlib/__init__.py
  inflating: lib/python3.11/site-packages/pip/_internal/metadata/importlib/_compat.py
  inflating: lib/python3.11/site-packages/pip/_internal/metadata/importlib/_dists.py
  inflating: lib/python3.11/site-packages/pip/_internal/metadata/importlib/__pycache__/_compat.cpython-311.pyc
  inflating: lib/python3.11/site-packages/pip/_internal/metadata/importlib/__pycache__/_dists.cpython-311.pyc
  inflating: lib/python3.11/site-packages/pip/_internal/metadata/importlib/__pycache__/_envs.cpython-311.pyc
  inflating: lib/python3.11/site-packages/pip/_internal/metadata/importlib/__pycache__/__init__.cpython-311.pyc
  inflating: lib/python3.11/site-packages/pip/_internal/metadata/base.py
  inflating: lib/python3.11/site-packages/pip/_internal/metadata/__pycache__/base.cpython-311.pyc
  inflating: lib/python3.11/site-packages/pip/_internal/metadata/__pycache__/pkg_resources.cpython-311.pyc
  inflating: lib/python3.11/site-packages/pip/_internal/metadata/__pycache__/_json.cpython-311.pyc
  inflating: lib/python3.11/site-packages/pip/_internal/metadata/__pycache__/__init__.cpython-311.pyc
  inflating: lib/python3.11/site-packages/pip/_internal/metadata/pkg_resources.py
  inflating: lib/python3.11/site-packages/pip/_internal/utils/virtualenv.py
  inflating: lib/python3.11/site-packages/pip/_internal/utils/compatibility_tags.py
  inflating: lib/python3.11/site-packages/pip/_internal/utils/models.py
  inflating: lib/python3.11/site-packages/pip/_internal/utils/distutils_args.py
  inflating: lib/python3.11/site-packages/pip/_internal/utils/subprocess.py
  inflating: lib/python3.11/site-packages/pip/_internal/utils/urls.py
  inflating: lib/python3.11/site-packages/pip/_internal/utils/misc.py
  inflating: lib/python3.11/site-packages/pip/_internal/utils/filesystem.py
  inflating: lib/python3.11/site-packages/pip/_internal/utils/__init__.py
  inflating: lib/python3.11/site-packages/pip/_internal/utils/unpacking.py
  inflating: lib/python3.11/site-packages/pip/_internal/utils/datetime.py
  inflating: lib/python3.11/site-packages/pip/_internal/utils/encoding.py
  inflating: lib/python3.11/site-packages/pip/_internal/utils/egg_link.py
  inflating: lib/python3.11/site-packages/pip/_internal/utils/glibc.py
  inflating: lib/python3.11/site-packages/pip/_internal/utils/direct_url_helpers.py
  inflating: lib/python3.11/site-packages/pip/_internal/utils/packaging.py
  inflating: lib/python3.11/site-packages/pip/_internal/utils/_log.py
  inflating: lib/python3.11/site-packages/pip/_internal/utils/deprecation.py
  inflating: lib/python3.11/site-packages/pip/_internal/utils/setuptools_build.py
  inflating: lib/python3.11/site-packages/pip/_internal/utils/compat.py
  inflating: lib/python3.11/site-packages/pip/_internal/utils/logging.py
  inflating: lib/python3.11/site-packages/pip/_internal/utils/entrypoints.py
  inflating: lib/python3.11/site-packages/pip/_internal/utils/wheel.py
  inflating: lib/python3.11/site-packages/pip/_internal/utils/temp_dir.py
  inflating: lib/python3.11/site-packages/pip/_internal/utils/filetypes.py
  inflating: lib/python3.11/site-packages/pip/_internal/utils/__pycache__/temp_dir.cpython-311.pyc
  inflating: lib/python3.11/site-packages/pip/_internal/utils/__pycache__/compatibility_tags.cpython-311.pyc
  inflating: lib/python3.11/site-packages/pip/_internal/utils/__pycache__/packaging.cpython-311.pyc
  inflating: lib/python3.11/site-packages/pip/_internal/utils/__pycache__/logging.cpython-311.pyc
  inflating: lib/python3.11/site-packages/pip/_internal/utils/__pycache__/distutils_args.cpython-311.pyc
  inflating: lib/python3.11/site-packages/pip/_internal/utils/__pycache__/models.cpython-311.pyc
  inflating: lib/python3.11/site-packages/pip/_internal/utils/__pycache__/subprocess.cpython-311.pyc
  inflating: lib/python3.11/site-packages/pip/_internal/utils/__pycache__/setuptools_build.cpython-311.pyc
  inflating: lib/python3.11/site-packages/pip/_internal/utils/__pycache__/filetypes.cpython-311.pyc
  inflating: lib/python3.11/site-packages/pip/_internal/utils/__pycache__/entrypoints.cpython-311.pyc
  inflating: lib/python3.11/site-packages/pip/_internal/utils/__pycache__/virtualenv.cpython-311.pyc
  inflating: lib/python3.11/site-packages/pip/_internal/utils/__pycache__/__init__.cpython-311.pyc
  inflating: lib/python3.11/site-packages/pip/_internal/utils/__pycache__/compat.cpython-311.pyc
  inflating: lib/python3.11/site-packages/pip/_internal/utils/__pycache__/appdirs.cpython-311.pyc
  inflating: lib/python3.11/site-packages/pip/_internal/utils/__pycache__/urls.cpython-311.pyc
  inflating: lib/python3.11/site-packages/pip/_internal/utils/__pycache__/datetime.cpython-311.pyc
  inflating: lib/python3.11/site-packages/pip/_internal/utils/__pycache__/unpacking.cpython-311.pyc
  inflating: lib/python3.11/site-packages/pip/_internal/utils/__pycache__/glibc.cpython-311.pyc
  inflating: lib/python3.11/site-packages/pip/_internal/utils/__pycache__/egg_link.cpython-311.pyc
  inflating: lib/python3.11/site-packages/pip/_internal/utils/__pycache__/direct_url_helpers.cpython-311.pyc
  inflating: lib/python3.11/site-packages/pip/_internal/utils/__pycache__/hashes.cpython-311.pyc
  inflating: lib/python3.11/site-packages/pip/_internal/utils/__pycache__/_log.cpython-311.pyc
  inflating: lib/python3.11/site-packages/pip/_internal/utils/__pycache__/deprecation.cpython-311.pyc
  inflating: lib/python3.11/site-packages/pip/_internal/utils/__pycache__/encoding.cpython-311.pyc
  inflating: lib/python3.11/site-packages/pip/_internal/utils/__pycache__/inject_securetransport.cpython-311.pyc
  inflating: lib/python3.11/site-packages/pip/_internal/utils/__pycache__/filesystem.cpython-311.pyc
  inflating: lib/python3.11/site-packages/pip/_internal/utils/__pycache__/wheel.cpython-311.pyc
  inflating: lib/python3.11/site-packages/pip/_internal/utils/__pycache__/misc.cpython-311.pyc
  inflating: lib/python3.11/site-packages/pip/_internal/utils/appdirs.py
  inflating: lib/python3.11/site-packages/pip/_internal/utils/inject_securetransport.py
  inflating: lib/python3.11/site-packages/pip/_internal/utils/hashes.py
  inflating: lib/python3.11/site-packages/pip/__pycache__/__init__.cpython-311.pyc
  inflating: lib/python3.11/site-packages/pip/__pycache__/__pip-runner__.cpython-311.pyc
  inflating: lib/python3.11/site-packages/pip/__pycache__/__main__.cpython-311.pyc
  inflating: lib/python3.11/site-packages/_distutils_hack/__init__.py
  inflating: lib/python3.11/site-packages/_distutils_hack/override.py
  inflating: lib/python3.11/site-packages/_distutils_hack/__pycache__/__init__.cpython-311.pyc
  inflating: lib/python3.11/site-packages/_distutils_hack/__pycache__/override.cpython-311.pyc
  inflating: lib/python3.11/site-packages/pip-22.3.dist-info/WHEEL
  inflating: lib/python3.11/site-packages/pip-22.3.dist-info/METADATA
  inflating: lib/python3.11/site-packages/pip-22.3.dist-info/entry_points.txt
  inflating: lib/python3.11/site-packages/pip-22.3.dist-info/top_level.txt
  inflating: lib/python3.11/site-packages/pip-22.3.dist-info/LICENSE.txt
  inflating: lib/python3.11/site-packages/pip-22.3.dist-info/REQUESTED
  inflating: lib/python3.11/site-packages/pip-22.3.dist-info/INSTALLER
  inflating: lib/python3.11/site-packages/pip-22.3.dist-info/RECORD
  inflating: lib/python3.11/site-packages/pkg_resources/_vendor/jaraco/context.py
  inflating: lib/python3.11/site-packages/pkg_resources/_vendor/jaraco/__init__.py
  inflating: lib/python3.11/site-packages/pkg_resources/_vendor/jaraco/functools.py
  inflating: lib/python3.11/site-packages/pkg_resources/_vendor/jaraco/text/__init__.py
  inflating: lib/python3.11/site-packages/pkg_resources/_vendor/jaraco/text/__pycache__/__init__.cpython-311.pyc
  inflating: lib/python3.11/site-packages/pkg_resources/_vendor/jaraco/__pycache__/functools.cpython-311.pyc
  inflating: lib/python3.11/site-packages/pkg_resources/_vendor/jaraco/__pycache__/context.cpython-311.pyc
  inflating: lib/python3.11/site-packages/pkg_resources/_vendor/jaraco/__pycache__/__init__.cpython-311.pyc
  inflating: lib/python3.11/site-packages/pkg_resources/_vendor/pyparsing/__init__.py
  inflating: lib/python3.11/site-packages/pkg_resources/_vendor/pyparsing/util.py
  inflating: lib/python3.11/site-packages/pkg_resources/_vendor/pyparsing/actions.py
  inflating: lib/python3.11/site-packages/pkg_resources/_vendor/pyparsing/unicode.py
  inflating: lib/python3.11/site-packages/pkg_resources/_vendor/pyparsing/exceptions.py
  inflating: lib/python3.11/site-packages/pkg_resources/_vendor/pyparsing/testing.py
  inflating: lib/python3.11/site-packages/pkg_resources/_vendor/pyparsing/common.py
  inflating: lib/python3.11/site-packages/pkg_resources/_vendor/pyparsing/diagram/__init__.py
  inflating: lib/python3.11/site-packages/pkg_resources/_vendor/pyparsing/diagram/__pycache__/__init__.cpython-311.pyc
  inflating: lib/python3.11/site-packages/pkg_resources/_vendor/pyparsing/core.py
  inflating: lib/python3.11/site-packages/pkg_resources/_vendor/pyparsing/__pycache__/core.cpython-311.pyc
  inflating: lib/python3.11/site-packages/pkg_resources/_vendor/pyparsing/__pycache__/helpers.cpython-311.pyc
  inflating: lib/python3.11/site-packages/pkg_resources/_vendor/pyparsing/__pycache__/results.cpython-311.pyc
  inflating: lib/python3.11/site-packages/pkg_resources/_vendor/pyparsing/__pycache__/__init__.cpython-311.pyc
  inflating: lib/python3.11/site-packages/pkg_resources/_vendor/pyparsing/__pycache__/actions.cpython-311.pyc
  inflating: lib/python3.11/site-packages/pkg_resources/_vendor/pyparsing/__pycache__/testing.cpython-311.pyc
  inflating: lib/python3.11/site-packages/pkg_resources/_vendor/pyparsing/__pycache__/unicode.cpython-311.pyc
  inflating: lib/python3.11/site-packages/pkg_resources/_vendor/pyparsing/__pycache__/common.cpython-311.pyc
  inflating: lib/python3.11/site-packages/pkg_resources/_vendor/pyparsing/__pycache__/exceptions.cpython-311.pyc
  inflating: lib/python3.11/site-packages/pkg_resources/_vendor/pyparsing/__pycache__/util.cpython-311.pyc
  inflating: lib/python3.11/site-packages/pkg_resources/_vendor/pyparsing/results.py
  inflating: lib/python3.11/site-packages/pkg_resources/_vendor/pyparsing/helpers.py
  inflating: lib/python3.11/site-packages/pkg_resources/_vendor/more_itertools/more.py
  inflating: lib/python3.11/site-packages/pkg_resources/_vendor/more_itertools/recipes.py
  inflating: lib/python3.11/site-packages/pkg_resources/_vendor/more_itertools/__init__.py
  inflating: lib/python3.11/site-packages/pkg_resources/_vendor/more_itertools/__pycache__/more.cpython-311.pyc
  inflating: lib/python3.11/site-packages/pkg_resources/_vendor/more_itertools/__pycache__/__init__.cpython-311.pyc
  inflating: lib/python3.11/site-packages/pkg_resources/_vendor/more_itertools/__pycache__/recipes.cpython-311.pyc
  inflating: lib/python3.11/site-packages/pkg_resources/_vendor/__init__.py
  inflating: lib/python3.11/site-packages/pkg_resources/_vendor/zipp.py
  inflating: lib/python3.11/site-packages/pkg_resources/_vendor/importlib_resources/_common.py
  inflating: lib/python3.11/site-packages/pkg_resources/_vendor/importlib_resources/_adapters.py
  inflating: lib/python3.11/site-packages/pkg_resources/_vendor/importlib_resources/simple.py
  inflating: lib/python3.11/site-packages/pkg_resources/_vendor/importlib_resources/__init__.py
  inflating: lib/python3.11/site-packages/pkg_resources/_vendor/importlib_resources/abc.py
  inflating: lib/python3.11/site-packages/pkg_resources/_vendor/importlib_resources/_compat.py
  inflating: lib/python3.11/site-packages/pkg_resources/_vendor/importlib_resources/_itertools.py
  inflating: lib/python3.11/site-packages/pkg_resources/_vendor/importlib_resources/__pycache__/_compat.cpython-311.pyc
  inflating: lib/python3.11/site-packages/pkg_resources/_vendor/importlib_resources/__pycache__/_itertools.cpython-311.pyc
  inflating: lib/python3.11/site-packages/pkg_resources/_vendor/importlib_resources/__pycache__/__init__.cpython-311.pyc
  inflating: lib/python3.11/site-packages/pkg_resources/_vendor/importlib_resources/__pycache__/simple.cpython-311.pyc
  inflating: lib/python3.11/site-packages/pkg_resources/_vendor/importlib_resources/__pycache__/_common.cpython-311.pyc
  inflating: lib/python3.11/site-packages/pkg_resources/_vendor/importlib_resources/__pycache__/abc.cpython-311.pyc
  inflating: lib/python3.11/site-packages/pkg_resources/_vendor/importlib_resources/__pycache__/_adapters.cpython-311.pyc
  inflating: lib/python3.11/site-packages/pkg_resources/_vendor/importlib_resources/__pycache__/readers.cpython-311.pyc
  inflating: lib/python3.11/site-packages/pkg_resources/_vendor/importlib_resources/__pycache__/_legacy.cpython-311.pyc
  inflating: lib/python3.11/site-packages/pkg_resources/_vendor/importlib_resources/readers.py
  inflating: lib/python3.11/site-packages/pkg_resources/_vendor/importlib_resources/_legacy.py
  inflating: lib/python3.11/site-packages/pkg_resources/_vendor/__pycache__/__init__.cpython-311.pyc
  inflating: lib/python3.11/site-packages/pkg_resources/_vendor/__pycache__/appdirs.cpython-311.pyc
  inflating: lib/python3.11/site-packages/pkg_resources/_vendor/__pycache__/zipp.cpython-311.pyc
  inflating: lib/python3.11/site-packages/pkg_resources/_vendor/appdirs.py
  inflating: lib/python3.11/site-packages/pkg_resources/_vendor/packaging/specifiers.py
  inflating: lib/python3.11/site-packages/pkg_resources/_vendor/packaging/markers.py
  inflating: lib/python3.11/site-packages/pkg_resources/_vendor/packaging/__about__.py
  inflating: lib/python3.11/site-packages/pkg_resources/_vendor/packaging/__init__.py
  inflating: lib/python3.11/site-packages/pkg_resources/_vendor/packaging/version.py
  inflating: lib/python3.11/site-packages/pkg_resources/_vendor/packaging/_manylinux.py
  inflating: lib/python3.11/site-packages/pkg_resources/_vendor/packaging/_structures.py
  inflating: lib/python3.11/site-packages/pkg_resources/_vendor/packaging/__pycache__/markers.cpython-311.pyc
  inflating: lib/python3.11/site-packages/pkg_resources/_vendor/packaging/__pycache__/specifiers.cpython-311.pyc
  inflating: lib/python3.11/site-packages/pkg_resources/_vendor/packaging/__pycache__/utils.cpython-311.pyc
  inflating: lib/python3.11/site-packages/pkg_resources/_vendor/packaging/__pycache__/version.cpython-311.pyc
  inflating: lib/python3.11/site-packages/pkg_resources/_vendor/packaging/__pycache__/__init__.cpython-311.pyc
  inflating: lib/python3.11/site-packages/pkg_resources/_vendor/packaging/__pycache__/requirements.cpython-311.pyc
  inflating: lib/python3.11/site-packages/pkg_resources/_vendor/packaging/__pycache__/_musllinux.cpython-311.pyc
  inflating: lib/python3.11/site-packages/pkg_resources/_vendor/packaging/__pycache__/__about__.cpython-311.pyc
  inflating: lib/python3.11/site-packages/pkg_resources/_vendor/packaging/__pycache__/_structures.cpython-311.pyc
  inflating: lib/python3.11/site-packages/pkg_resources/_vendor/packaging/__pycache__/_manylinux.cpython-311.pyc
  inflating: lib/python3.11/site-packages/pkg_resources/_vendor/packaging/__pycache__/tags.cpython-311.pyc
  inflating: lib/python3.11/site-packages/pkg_resources/_vendor/packaging/_musllinux.py
  inflating: lib/python3.11/site-packages/pkg_resources/_vendor/packaging/utils.py
  inflating: lib/python3.11/site-packages/pkg_resources/_vendor/packaging/tags.py
  inflating: lib/python3.11/site-packages/pkg_resources/_vendor/packaging/requirements.py
  inflating: lib/python3.11/site-packages/pkg_resources/__init__.py
  inflating: lib/python3.11/site-packages/pkg_resources/extern/__init__.py
  inflating: lib/python3.11/site-packages/pkg_resources/extern/__pycache__/__init__.cpython-311.pyc
  inflating: lib/python3.11/site-packages/pkg_resources/__pycache__/__init__.cpython-311.pyc
  inflating: lib/python3.11/mailbox.py
  inflating: lib/python3.11/webbrowser.py
  inflating: lib/python3.11/pdb.py
  inflating: lib/python3.11/_pydecimal.py
  inflating: lib/python3.11/warnings.py
  inflating: lib/python3.11/codecs.py
  inflating: lib/python3.11/config-3.11-aarch64-linux-gnu/makesetup
  inflating: lib/python3.11/config-3.11-aarch64-linux-gnu/Setup
  inflating: lib/python3.11/config-3.11-aarch64-linux-gnu/python-config.py
  inflating: lib/python3.11/config-3.11-aarch64-linux-gnu/Setup.local
  inflating: lib/python3.11/config-3.11-aarch64-linux-gnu/install-sh
  inflating: lib/python3.11/config-3.11-aarch64-linux-gnu/Makefile
  inflating: lib/python3.11/config-3.11-aarch64-linux-gnu/Setup.bootstrap
  inflating: lib/python3.11/config-3.11-aarch64-linux-gnu/config.c
  inflating: lib/python3.11/config-3.11-aarch64-linux-gnu/config.c.in
  inflating: lib/python3.11/config-3.11-aarch64-linux-gnu/python.o
  inflating: lib/python3.11/config-3.11-aarch64-linux-gnu/Setup.stdlib
  inflating: lib/python3.11/nturl2path.py
  inflating: lib/python3.11/struct.py
  inflating: lib/python3.11/numbers.py
  inflating: lib/python3.11/telnetlib.py
  inflating: lib/python3.11/pkgutil.py
  inflating: lib/python3.11/turtledemo/clock.py
  inflating: lib/python3.11/turtledemo/lindenmayer.py
  inflating: lib/python3.11/turtledemo/__main__.py
  inflating: lib/python3.11/turtledemo/penrose.py
  inflating: lib/python3.11/turtledemo/__init__.py
  inflating: lib/python3.11/turtledemo/rosette.py
  inflating: lib/python3.11/turtledemo/peace.py
  inflating: lib/python3.11/turtledemo/chaos.py
  inflating: lib/python3.11/turtledemo/bytedesign.py
  inflating: lib/python3.11/turtledemo/paint.py
  inflating: lib/python3.11/turtledemo/minimal_hanoi.py
  inflating: lib/python3.11/turtledemo/planet_and_moon.py
  inflating: lib/python3.11/turtledemo/sorting_animate.py
  inflating: lib/python3.11/turtledemo/tree.py
  inflating: lib/python3.11/turtledemo/two_canvases.py
  inflating: lib/python3.11/turtledemo/colormixer.py
  inflating: lib/python3.11/turtledemo/yinyang.py
  inflating: lib/python3.11/turtledemo/turtle.cfg
  inflating: lib/python3.11/turtledemo/__pycache__/lindenmayer.cpython-311.opt-1.pyc
  inflating: lib/python3.11/turtledemo/__pycache__/colormixer.cpython-311.opt-1.pyc
  inflating: lib/python3.11/turtledemo/__pycache__/bytedesign.cpython-311.opt-1.pyc
  inflating: lib/python3.11/turtledemo/__pycache__/round_dance.cpython-311.pyc
  inflating: lib/python3.11/turtledemo/__pycache__/bytedesign.cpython-311.pyc
  inflating: lib/python3.11/turtledemo/__pycache__/lindenmayer.cpython-311.opt-2.pyc
  inflating: lib/python3.11/turtledemo/__pycache__/bytedesign.cpython-311.opt-2.pyc
  inflating: lib/python3.11/turtledemo/__pycache__/forest.cpython-311.opt-1.pyc
  inflating: lib/python3.11/turtledemo/__pycache__/penrose.cpython-311.pyc
  inflating: lib/python3.11/turtledemo/__pycache__/rosette.cpython-311.pyc
  inflating: lib/python3.11/turtledemo/__pycache__/two_canvases.cpython-311.opt-1.pyc
  inflating: lib/python3.11/turtledemo/__pycache__/two_canvases.cpython-311.pyc
  inflating: lib/python3.11/turtledemo/__pycache__/nim.cpython-311.pyc
  inflating: lib/python3.11/turtledemo/__pycache__/paint.cpython-311.opt-2.pyc
  inflating: lib/python3.11/turtledemo/__pycache__/fractalcurves.cpython-311.opt-2.pyc
  inflating: lib/python3.11/turtledemo/__pycache__/chaos.cpython-311.opt-2.pyc
  inflating: lib/python3.11/turtledemo/__pycache__/chaos.cpython-311.pyc
  inflating: lib/python3.11/turtledemo/__pycache__/tree.cpython-311.opt-2.pyc
  inflating: lib/python3.11/turtledemo/__pycache__/penrose.cpython-311.opt-1.pyc
  inflating: lib/python3.11/turtledemo/__pycache__/__init__.cpython-311.opt-1.pyc
  inflating: lib/python3.11/turtledemo/__pycache__/penrose.cpython-311.opt-2.pyc
  inflating: lib/python3.11/turtledemo/__pycache__/planet_and_moon.cpython-311.opt-1.pyc
  inflating: lib/python3.11/turtledemo/__pycache__/fractalcurves.cpython-311.opt-1.pyc
  inflating: lib/python3.11/turtledemo/__pycache__/colormixer.cpython-311.opt-2.pyc
  inflating: lib/python3.11/turtledemo/__pycache__/__main__.cpython-311.opt-1.pyc
  inflating: lib/python3.11/turtledemo/__pycache__/paint.cpython-311.pyc
  inflating: lib/python3.11/turtledemo/__pycache__/chaos.cpython-311.opt-1.pyc
  inflating: lib/python3.11/turtledemo/__pycache__/__init__.cpython-311.pyc
  inflating: lib/python3.11/turtledemo/__pycache__/minimal_hanoi.cpython-311.pyc
  inflating: lib/python3.11/turtledemo/__pycache__/clock.cpython-311.opt-1.pyc
  inflating: lib/python3.11/turtledemo/__pycache__/rosette.cpython-311.opt-1.pyc
  inflating: lib/python3.11/turtledemo/__pycache__/nim.cpython-311.opt-2.pyc
  inflating: lib/python3.11/turtledemo/__pycache__/minimal_hanoi.cpython-311.opt-2.pyc
  inflating: lib/python3.11/turtledemo/__pycache__/nim.cpython-311.opt-1.pyc
  inflating: lib/python3.11/turtledemo/__pycache__/planet_and_moon.cpython-311.pyc
  inflating: lib/python3.11/turtledemo/__pycache__/forest.cpython-311.pyc
  inflating: lib/python3.11/turtledemo/__pycache__/colormixer.cpython-311.pyc
  inflating: lib/python3.11/turtledemo/__pycache__/sorting_animate.cpython-311.opt-1.pyc
  inflating: lib/python3.11/turtledemo/__pycache__/tree.cpython-311.opt-1.pyc
  inflating: lib/python3.11/turtledemo/__pycache__/yinyang.cpython-311.opt-1.pyc
  inflating: lib/python3.11/turtledemo/__pycache__/minimal_hanoi.cpython-311.opt-1.pyc
  inflating: lib/python3.11/turtledemo/__pycache__/planet_and_moon.cpython-311.opt-2.pyc
  inflating: lib/python3.11/turtledemo/__pycache__/sorting_animate.cpython-311.pyc
  inflating: lib/python3.11/turtledemo/__pycache__/__main__.cpython-311.opt-2.pyc
  inflating: lib/python3.11/turtledemo/__pycache__/yinyang.cpython-311.pyc
  inflating: lib/python3.11/turtledemo/__pycache__/tree.cpython-311.pyc
  inflating: lib/python3.11/turtledemo/__pycache__/clock.cpython-311.opt-2.pyc
  inflating: lib/python3.11/turtledemo/__pycache__/__init__.cpython-311.opt-2.pyc
  inflating: lib/python3.11/turtledemo/__pycache__/lindenmayer.cpython-311.pyc
  inflating: lib/python3.11/turtledemo/__pycache__/peace.cpython-311.opt-1.pyc
  inflating: lib/python3.11/turtledemo/__pycache__/peace.cpython-311.opt-2.pyc
  inflating: lib/python3.11/turtledemo/__pycache__/clock.cpython-311.pyc
  inflating: lib/python3.11/turtledemo/__pycache__/round_dance.cpython-311.opt-1.pyc
  inflating: lib/python3.11/turtledemo/__pycache__/__main__.cpython-311.pyc
  inflating: lib/python3.11/turtledemo/__pycache__/yinyang.cpython-311.opt-2.pyc
  inflating: lib/python3.11/turtledemo/__pycache__/sorting_animate.cpython-311.opt-2.pyc
  inflating: lib/python3.11/turtledemo/__pycache__/paint.cpython-311.opt-1.pyc
  inflating: lib/python3.11/turtledemo/__pycache__/forest.cpython-311.opt-2.pyc
  inflating: lib/python3.11/turtledemo/__pycache__/fractalcurves.cpython-311.pyc
  inflating: lib/python3.11/turtledemo/__pycache__/two_canvases.cpython-311.opt-2.pyc
  inflating: lib/python3.11/turtledemo/__pycache__/rosette.cpython-311.opt-2.pyc
  inflating: lib/python3.11/turtledemo/__pycache__/round_dance.cpython-311.opt-2.pyc
  inflating: lib/python3.11/turtledemo/__pycache__/peace.cpython-311.pyc
  inflating: lib/python3.11/turtledemo/nim.py
  inflating: lib/python3.11/turtledemo/fractalcurves.py
  inflating: lib/python3.11/turtledemo/forest.py
  inflating: lib/python3.11/turtledemo/round_dance.py
  inflating: lib/python3.11/pickle.py
  inflating: lib/python3.11/pickletools.py
  inflating: lib/python3.11/ntpath.py
  inflating: share/man/man1/python3.1
  inflating: share/man/man1/python3.11.1
  inflating: lib/python3.11/test/test_dataclasses/dataclass_module_1.py
  inflating: lib/python3.11/test/test_dataclasses/__init__.py
  inflating: lib/python3.11/test/test_dataclasses/dataclass_textanno.py
  inflating: lib/python3.11/test/test_dataclasses/dataclass_module_2.py
  inflating: lib/python3.11/test/test_dataclasses/dataclass_module_1_str.py
  inflating: lib/python3.11/test/test_dataclasses/__pycache__/dataclass_module_2.cpython-311.opt-1.pyc
  inflating: lib/python3.11/test/test_dataclasses/__pycache__/dataclass_module_2.cpython-311.pyc
  inflating: lib/python3.11/test/test_dataclasses/__pycache__/dataclass_module_2.cpython-311.opt-2.pyc
  inflating: lib/python3.11/test/test_dataclasses/__pycache__/__init__.cpython-311.opt-1.pyc
  inflating: lib/python3.11/test/test_dataclasses/__pycache__/__init__.cpython-311.pyc
  inflating: lib/python3.11/test/test_dataclasses/__pycache__/dataclass_module_2_str.cpython-311.pyc
  inflating: lib/python3.11/test/test_dataclasses/__pycache__/dataclass_textanno.cpython-311.opt-2.pyc
  inflating: lib/python3.11/test/test_dataclasses/__pycache__/dataclass_module_1.cpython-311.opt-2.pyc
  inflating: lib/python3.11/test/test_dataclasses/__pycache__/dataclass_textanno.cpython-311.pyc
  inflating: lib/python3.11/test/test_dataclasses/__pycache__/dataclass_module_2_str.cpython-311.opt-1.pyc
  inflating: lib/python3.11/test/test_dataclasses/__pycache__/dataclass_module_1_str.cpython-311.pyc
  inflating: lib/python3.11/test/test_dataclasses/__pycache__/__init__.cpython-311.opt-2.pyc
  inflating: lib/python3.11/test/test_dataclasses/__pycache__/dataclass_module_1.cpython-311.opt-1.pyc
  inflating: lib/python3.11/test/test_dataclasses/__pycache__/dataclass_textanno.cpython-311.opt-1.pyc
  inflating: lib/python3.11/test/test_dataclasses/__pycache__/dataclass_module_1_str.cpython-311.opt-1.pyc
  inflating: lib/python3.11/test/test_dataclasses/__pycache__/dataclass_module_2_str.cpython-311.opt-2.pyc
  inflating: lib/python3.11/test/test_dataclasses/__pycache__/dataclass_module_1.cpython-311.pyc
  inflating: lib/python3.11/test/test_dataclasses/__pycache__/dataclass_module_1_str.cpython-311.opt-2.pyc
  inflating: lib/python3.11/test/test_dataclasses/dataclass_module_2_str.py
  inflating: lib/python3.11/test/tokenizedata/tokenize_tests-utf8-coding-cookie-and-no-utf8-bom-sig.txt
  inflating: lib/python3.11/test/tokenizedata/bad_coding2.py
  inflating: lib/python3.11/test/tokenizedata/badsyntax_3131.py
  inflating: lib/python3.11/test/tokenizedata/coding20731.py
  inflating: lib/python3.11/test/tokenizedata/__init__.py
  inflating: lib/python3.11/test/tokenizedata/tokenize_tests.txt
  inflating: lib/python3.11/test/tokenizedata/tokenize_tests-no-coding-cookie-and-utf8-bom-sig-only.txt
  inflating: lib/python3.11/test/tokenizedata/tokenize_tests-latin1-coding-cookie-and-utf8-bom-sig.txt
  inflating: lib/python3.11/test/tokenizedata/bad_coding.py
  inflating: lib/python3.11/test/tokenizedata/__pycache__/coding20731.cpython-311.pyc
  inflating: lib/python3.11/test/tokenizedata/__pycache__/coding20731.cpython-311.opt-1.pyc
  inflating: lib/python3.11/test/tokenizedata/__pycache__/__init__.cpython-311.opt-1.pyc
  inflating: lib/python3.11/test/tokenizedata/__pycache__/__init__.cpython-311.pyc
  inflating: lib/python3.11/test/tokenizedata/__pycache__/coding20731.cpython-311.opt-2.pyc
  inflating: lib/python3.11/test/tokenizedata/__pycache__/__init__.cpython-311.opt-2.pyc
  inflating: lib/python3.11/test/tokenizedata/tokenize_tests-utf8-coding-cookie-and-utf8-bom-sig.txt
  inflating: lib/python3.11/test/tokenizedata/badsyntax_pep3120.py
  inflating: lib/python3.11/test/test_email/data/msg_47.txt
  inflating: lib/python3.11/test/test_tty.py
  inflating: lib/python3.11/test/test_gdb/test_cfunction.py
  inflating: lib/python3.11/test/test_gdb/__init__.py
  inflating: lib/python3.11/test/test_gdb/test_cfunction_full.py
  inflating: lib/python3.11/test/test_gdb/util.py
  inflating: lib/python3.11/test/test_gdb/gdb_sample.py
  inflating: lib/python3.11/test/test_gdb/test_backtrace.py
  inflating: lib/python3.11/test/test_gdb/test_pretty_print.py
  inflating: lib/python3.11/test/test_gdb/__pycache__/test_pretty_print.cpython-311.opt-1.pyc
  inflating: lib/python3.11/test/test_gdb/__pycache__/test_cfunction_full.cpython-311.opt-1.pyc
  inflating: lib/python3.11/test/test_gdb/__pycache__/util.cpython-311.opt-1.pyc
  inflating: lib/python3.11/test/test_gdb/__pycache__/test_backtrace.cpython-311.opt-2.pyc
  inflating: lib/python3.11/test/test_gdb/__pycache__/test_misc.cpython-311.opt-1.pyc
  inflating: lib/python3.11/test/test_gdb/__pycache__/test_misc.cpython-311.opt-2.pyc
  inflating: lib/python3.11/test/test_gdb/__pycache__/gdb_sample.cpython-311.opt-2.pyc
  inflating: lib/python3.11/test/test_gdb/__pycache__/__init__.cpython-311.opt-1.pyc
  inflating: lib/python3.11/test/test_gdb/__pycache__/test_backtrace.cpython-311.pyc
  inflating: lib/python3.11/test/test_gdb/__pycache__/test_cfunction.cpython-311.pyc
  inflating: lib/python3.11/test/test_gdb/__pycache__/__init__.cpython-311.pyc
  inflating: lib/python3.11/test/test_gdb/__pycache__/gdb_sample.cpython-311.pyc
  inflating: lib/python3.11/test/test_gdb/__pycache__/test_cfunction.cpython-311.opt-1.pyc
  inflating: lib/python3.11/test/test_gdb/__pycache__/test_cfunction.cpython-311.opt-2.pyc
  inflating: lib/python3.11/test/test_gdb/__pycache__/gdb_sample.cpython-311.opt-1.pyc
  inflating: lib/python3.11/test/test_gdb/__pycache__/test_pretty_print.cpython-311.opt-2.pyc
  inflating: lib/python3.11/test/test_gdb/__pycache__/__init__.cpython-311.opt-2.pyc
  inflating: lib/python3.11/test/test_gdb/__pycache__/test_backtrace.cpython-311.opt-1.pyc
  inflating: lib/python3.11/test/test_gdb/__pycache__/test_cfunction_full.cpython-311.pyc
  inflating: lib/python3.11/test/test_gdb/__pycache__/test_misc.cpython-311.pyc
  inflating: lib/python3.11/test/test_gdb/__pycache__/util.cpython-311.opt-2.pyc
  inflating: lib/python3.11/test/test_gdb/__pycache__/test_cfunction_full.cpython-311.opt-2.pyc
  inflating: lib/python3.11/test/test_gdb/__pycache__/test_pretty_print.cpython-311.pyc
  inflating: lib/python3.11/test/test_gdb/__pycache__/util.cpython-311.pyc
  inflating: lib/python3.11/test/test_gdb/test_misc.py
  inflating: lib/python3.11/test/support/pty_helper.py
  inflating: lib/python3.11/test/support/__pycache__/pty_helper.cpython-311.opt-1.pyc
  inflating: lib/python3.11/test/support/__pycache__/pty_helper.cpython-311.pyc
  inflating: lib/python3.11/test/support/__pycache__/pty_helper.cpython-311.opt-2.pyc
  inflating: lib/python3.11/test/crashers/recursive_call.py
  inflating: lib/python3.11/test/crashers/trace_at_recursion_limit.py
  inflating: lib/python3.11/test/crashers/README
  inflating: lib/python3.11/test/crashers/mutation_inside_cyclegc.py
  inflating: lib/python3.11/test/crashers/bogus_code_obj.py
  inflating: lib/python3.11/test/crashers/infinite_loop_re.py
  inflating: lib/python3.11/test/crashers/gc_inspection.py
  inflating: lib/python3.11/test/crashers/__pycache__/infinite_loop_re.cpython-311.opt-1.pyc
  inflating: lib/python3.11/test/crashers/__pycache__/bogus_code_obj.cpython-311.pyc
  inflating: lib/python3.11/test/crashers/__pycache__/bogus_code_obj.cpython-311.opt-1.pyc
  inflating: lib/python3.11/test/crashers/__pycache__/infinite_loop_re.cpython-311.pyc
  inflating: lib/python3.11/test/crashers/__pycache__/recursive_call.cpython-311.opt-1.pyc
  inflating: lib/python3.11/test/crashers/__pycache__/gc_inspection.cpython-311.opt-2.pyc
  inflating: lib/python3.11/test/crashers/__pycache__/mutation_inside_cyclegc.cpython-311.opt-2.pyc
  inflating: lib/python3.11/test/crashers/__pycache__/mutation_inside_cyclegc.cpython-311.opt-1.pyc
  inflating: lib/python3.11/test/crashers/__pycache__/underlying_dict.cpython-311.opt-1.pyc
  inflating: lib/python3.11/test/crashers/__pycache__/infinite_loop_re.cpython-311.opt-2.pyc
  inflating: lib/python3.11/test/crashers/__pycache__/trace_at_recursion_limit.cpython-311.opt-1.pyc
  inflating: lib/python3.11/test/crashers/__pycache__/bogus_code_obj.cpython-311.opt-2.pyc
  inflating: lib/python3.11/test/crashers/__pycache__/underlying_dict.cpython-311.opt-2.pyc
  inflating: lib/python3.11/test/crashers/__pycache__/mutation_inside_cyclegc.cpython-311.pyc
  inflating: lib/python3.11/test/crashers/__pycache__/trace_at_recursion_limit.cpython-311.opt-2.pyc
  inflating: lib/python3.11/test/crashers/__pycache__/recursive_call.cpython-311.pyc
  inflating: lib/python3.11/test/crashers/__pycache__/gc_inspection.cpython-311.opt-1.pyc
  inflating: lib/python3.11/test/crashers/__pycache__/recursive_call.cpython-311.opt-2.pyc
  inflating: lib/python3.11/test/crashers/__pycache__/trace_at_recursion_limit.cpython-311.pyc
  inflating: lib/python3.11/test/crashers/__pycache__/gc_inspection.cpython-311.pyc
  inflating: lib/python3.11/test/crashers/__pycache__/underlying_dict.cpython-311.pyc
  inflating: lib/python3.11/test/crashers/underlying_dict.py
  inflating: lib/python3.11/test/typinganndata/ann_module4.py
  inflating: lib/python3.11/test/typinganndata/ann_module9.py
  inflating: lib/python3.11/test/typinganndata/ann_module6.py
  inflating: lib/python3.11/test/typinganndata/__init__.py
  inflating: lib/python3.11/test/typinganndata/ann_module8.py
  inflating: lib/python3.11/test/typinganndata/mod_generics_cache.py
  inflating: lib/python3.11/test/typinganndata/_typed_dict_helper.py
  inflating: lib/python3.11/test/typinganndata/ann_module2.py
  inflating: lib/python3.11/test/typinganndata/ann_module5.py
  inflating: lib/python3.11/test/typinganndata/ann_module3.py
  inflating: lib/python3.11/test/typinganndata/ann_module7.py
  inflating: lib/python3.11/test/typinganndata/__pycache__/ann_module2.cpython-311.opt-2.pyc
  inflating: lib/python3.11/test/typinganndata/__pycache__/ann_module7.cpython-311.opt-1.pyc
  inflating: lib/python3.11/test/typinganndata/__pycache__/mod_generics_cache.cpython-311.pyc
  inflating: lib/python3.11/test/typinganndata/__pycache__/ann_module6.cpython-311.opt-1.pyc
  inflating: lib/python3.11/test/typinganndata/__pycache__/ann_module3.cpython-311.pyc
  inflating: lib/python3.11/test/typinganndata/__pycache__/ann_module3.cpython-311.opt-1.pyc
  inflating: lib/python3.11/test/typinganndata/__pycache__/ann_module7.cpython-311.pyc
  inflating: lib/python3.11/test/typinganndata/__pycache__/ann_module.cpython-311.pyc
  inflating: lib/python3.11/test/typinganndata/__pycache__/ann_module3.cpython-311.opt-2.pyc
  inflating: lib/python3.11/test/typinganndata/__pycache__/ann_module.cpython-311.opt-2.pyc
  inflating: lib/python3.11/test/typinganndata/__pycache__/__init__.cpython-311.opt-1.pyc
  inflating: lib/python3.11/test/typinganndata/__pycache__/ann_module9.cpython-311.pyc
  inflating: lib/python3.11/test/typinganndata/__pycache__/ann_module6.cpython-311.pyc
  inflating: lib/python3.11/test/typinganndata/__pycache__/ann_module2.cpython-311.opt-1.pyc
  inflating: lib/python3.11/test/typinganndata/__pycache__/__init__.cpython-311.pyc
  inflating: lib/python3.11/test/typinganndata/__pycache__/ann_module8.cpython-311.opt-2.pyc
  inflating: lib/python3.11/test/typinganndata/__pycache__/ann_module8.cpython-311.opt-1.pyc
  inflating: lib/python3.11/test/typinganndata/__pycache__/_typed_dict_helper.cpython-311.opt-1.pyc
  inflating: lib/python3.11/test/typinganndata/__pycache__/ann_module7.cpython-311.opt-2.pyc
  inflating: lib/python3.11/test/typinganndata/__pycache__/ann_module6.cpython-311.opt-2.pyc
  inflating: lib/python3.11/test/typinganndata/__pycache__/ann_module9.cpython-311.opt-1.pyc
  inflating: lib/python3.11/test/typinganndata/__pycache__/_typed_dict_helper.cpython-311.pyc
  inflating: lib/python3.11/test/typinganndata/__pycache__/ann_module5.cpython-311.opt-2.pyc
  inflating: lib/python3.11/test/typinganndata/__pycache__/__init__.cpython-311.opt-2.pyc
  inflating: lib/python3.11/test/typinganndata/__pycache__/mod_generics_cache.cpython-311.opt-2.pyc
  inflating: lib/python3.11/test/typinganndata/__pycache__/ann_module.cpython-311.opt-1.pyc
  inflating: lib/python3.11/test/typinganndata/__pycache__/ann_module4.cpython-311.opt-2.pyc
  inflating: lib/python3.11/test/typinganndata/__pycache__/ann_module5.cpython-311.pyc
  inflating: lib/python3.11/test/typinganndata/__pycache__/ann_module2.cpython-311.pyc
  inflating: lib/python3.11/test/typinganndata/__pycache__/mod_generics_cache.cpython-311.opt-1.pyc
  inflating: lib/python3.11/test/typinganndata/__pycache__/_typed_dict_helper.cpython-311.opt-2.pyc
  inflating: lib/python3.11/test/typinganndata/__pycache__/ann_module4.cpython-311.pyc
  inflating: lib/python3.11/test/typinganndata/__pycache__/ann_module4.cpython-311.opt-1.pyc
  inflating: lib/python3.11/test/typinganndata/__pycache__/ann_module8.cpython-311.pyc
  inflating: lib/python3.11/test/typinganndata/__pycache__/ann_module9.cpython-311.opt-2.pyc
  inflating: lib/python3.11/test/typinganndata/__pycache__/ann_module5.cpython-311.opt-1.pyc
  inflating: lib/python3.11/test/typinganndata/ann_module.py
  inflating: lib/python3.11/test/test_capi/test_eval_code_ex.py
  inflating: lib/python3.11/test/test_capi/__main__.py
  inflating: lib/python3.11/test/test_capi/test_getargs.py
  inflating: lib/python3.11/test/test_capi/test_codecs.py
  inflating: lib/python3.11/test/test_capi/__init__.py
  inflating: lib/python3.11/test/test_capi/test_unicode.py
  inflating: lib/python3.11/test/test_capi/test_structmembers.py
  inflating: lib/python3.11/test/test_capi/__pycache__/test_unicode.cpython-311.opt-2.pyc
  inflating: lib/python3.11/test/test_capi/__pycache__/test_eval_code_ex.cpython-311.opt-1.pyc
  inflating: lib/python3.11/test/test_capi/__pycache__/test_structmembers.cpython-311.opt-1.pyc
  inflating: lib/python3.11/test/test_capi/__pycache__/test_misc.cpython-311.opt-1.pyc
  inflating: lib/python3.11/test/test_capi/__pycache__/test_misc.cpython-311.opt-2.pyc
  inflating: lib/python3.11/test/test_capi/__pycache__/__init__.cpython-311.opt-1.pyc
  inflating: lib/python3.11/test/test_capi/__pycache__/test_codecs.cpython-311.pyc
  inflating: lib/python3.11/test/test_capi/__pycache__/__main__.cpython-311.opt-1.pyc
  inflating: lib/python3.11/test/test_capi/__pycache__/__init__.cpython-311.pyc
  inflating: lib/python3.11/test/test_capi/__pycache__/test_eval_code_ex.cpython-311.opt-2.pyc
  inflating: lib/python3.11/test/test_capi/__pycache__/test_getargs.cpython-311.opt-1.pyc
  inflating: lib/python3.11/test/test_capi/__pycache__/test_codecs.cpython-311.opt-2.pyc
  inflating: lib/python3.11/test/test_capi/__pycache__/test_getargs.cpython-311.opt-2.pyc
  inflating: lib/python3.11/test/test_capi/__pycache__/test_getargs.cpython-311.pyc
  inflating: lib/python3.11/test/test_capi/__pycache__/test_unicode.cpython-311.opt-1.pyc
  inflating: lib/python3.11/test/test_capi/__pycache__/__main__.cpython-311.opt-2.pyc
  inflating: lib/python3.11/test/test_capi/__pycache__/test_unicode.cpython-311.pyc
  inflating: lib/python3.11/test/test_capi/__pycache__/__init__.cpython-311.opt-2.pyc
  inflating: lib/python3.11/test/test_capi/__pycache__/test_misc.cpython-311.pyc
  inflating: lib/python3.11/test/test_capi/__pycache__/test_structmembers.cpython-311.opt-2.pyc
  inflating: lib/python3.11/test/test_capi/__pycache__/__main__.cpython-311.pyc
  inflating: lib/python3.11/test/test_capi/__pycache__/test_codecs.cpython-311.opt-1.pyc
  inflating: lib/python3.11/test/test_capi/__pycache__/test_structmembers.cpython-311.pyc
  inflating: lib/python3.11/test/test_capi/__pycache__/test_eval_code_ex.cpython-311.pyc
  inflating: lib/python3.11/test/test_capi/test_misc.py
  inflating: lib/python3.11/test/clinic.test.c
  inflating: lib/python3.11/test/test_import/data/__pycache__/double_const.cpython-311.opt-1.pyc
  inflating: lib/python3.11/test/test_import/data/__pycache__/double_const.cpython-311.opt-2.pyc
  inflating: lib/python3.11/test/test_import/data/__pycache__/double_const.cpython-311.pyc
  inflating: lib/python3.11/test/test_import/data/double_const.py
  inflating: lib/python3.11/test/libregrtest/mypy.ini
  inflating: lib/python3.11/test/libregrtest/testresult.py
  inflating: lib/python3.11/test/libregrtest/filter.py
  inflating: lib/python3.11/test/libregrtest/run_workers.py
  inflating: lib/python3.11/test/libregrtest/worker.py
  inflating: lib/python3.11/test/libregrtest/findtests.py
  inflating: lib/python3.11/test/libregrtest/logger.py
  inflating: lib/python3.11/test/libregrtest/single.py
  inflating: lib/python3.11/test/libregrtest/__pycache__/result.cpython-311.opt-2.pyc
  inflating: lib/python3.11/test/libregrtest/__pycache__/findtests.cpython-311.opt-1.pyc
  inflating: lib/python3.11/test/libregrtest/__pycache__/runtests.cpython-311.pyc
  inflating: lib/python3.11/test/libregrtest/__pycache__/filter.cpython-311.opt-2.pyc
  inflating: lib/python3.11/test/libregrtest/__pycache__/logger.cpython-311.opt-1.pyc
  inflating: lib/python3.11/test/libregrtest/__pycache__/run_workers.cpython-311.opt-1.pyc
  inflating: lib/python3.11/test/libregrtest/__pycache__/single.cpython-311.opt-2.pyc
  inflating: lib/python3.11/test/libregrtest/__pycache__/results.cpython-311.pyc
  inflating: lib/python3.11/test/libregrtest/__pycache__/single.cpython-311.opt-1.pyc
  inflating: lib/python3.11/test/libregrtest/__pycache__/result.cpython-311.pyc
  inflating: lib/python3.11/test/libregrtest/__pycache__/results.cpython-311.opt-2.pyc
  inflating: lib/python3.11/test/libregrtest/__pycache__/logger.cpython-311.opt-2.pyc
  inflating: lib/python3.11/test/libregrtest/__pycache__/run_workers.cpython-311.opt-2.pyc
  inflating: lib/python3.11/test/libregrtest/__pycache__/worker.cpython-311.opt-2.pyc
  inflating: lib/python3.11/test/libregrtest/__pycache__/filter.cpython-311.opt-1.pyc
  inflating: lib/python3.11/test/libregrtest/__pycache__/worker.cpython-311.pyc
  inflating: lib/python3.11/test/libregrtest/__pycache__/testresult.cpython-311.opt-2.pyc
  inflating: lib/python3.11/test/libregrtest/__pycache__/runtests.cpython-311.opt-1.pyc
  inflating: lib/python3.11/test/libregrtest/__pycache__/testresult.cpython-311.pyc
  inflating: lib/python3.11/test/libregrtest/__pycache__/testresult.cpython-311.opt-1.pyc
  inflating: lib/python3.11/test/libregrtest/__pycache__/single.cpython-311.pyc
  inflating: lib/python3.11/test/libregrtest/__pycache__/filter.cpython-311.pyc
  inflating: lib/python3.11/test/libregrtest/__pycache__/worker.cpython-311.opt-1.pyc
  inflating: lib/python3.11/test/libregrtest/__pycache__/findtests.cpython-311.opt-2.pyc
  inflating: lib/python3.11/test/libregrtest/__pycache__/runtests.cpython-311.opt-2.pyc
  inflating: lib/python3.11/test/libregrtest/__pycache__/results.cpython-311.opt-1.pyc
  inflating: lib/python3.11/test/libregrtest/__pycache__/result.cpython-311.opt-1.pyc
  inflating: lib/python3.11/test/libregrtest/__pycache__/findtests.cpython-311.pyc
  inflating: lib/python3.11/test/libregrtest/__pycache__/logger.cpython-311.pyc
  inflating: lib/python3.11/test/libregrtest/__pycache__/run_workers.cpython-311.pyc
  inflating: lib/python3.11/test/libregrtest/runtests.py
  inflating: lib/python3.11/test/libregrtest/results.py
  inflating: lib/python3.11/test/libregrtest/result.py
  inflating: lib/python3.11/test/test_sqlite3/test_factory.py
  inflating: lib/python3.11/test/test_sqlite3/test_hooks.py
  inflating: lib/python3.11/test/test_sqlite3/__main__.py
  inflating: lib/python3.11/test/test_sqlite3/__init__.py
  inflating: lib/python3.11/test/test_sqlite3/test_backup.py
  inflating: lib/python3.11/test/test_sqlite3/test_regression.py
  inflating: lib/python3.11/test/test_sqlite3/test_dump.py
  inflating: lib/python3.11/test/test_sqlite3/test_dbapi.py
  inflating: lib/python3.11/test/test_sqlite3/test_types.py
  inflating: lib/python3.11/test/test_sqlite3/test_transactions.py
  inflating: lib/python3.11/test/test_sqlite3/__pycache__/test_backup.cpython-311.opt-1.pyc
  inflating: lib/python3.11/test/test_sqlite3/__pycache__/test_factory.cpython-311.opt-1.pyc
  inflating: lib/python3.11/test/test_sqlite3/__pycache__/test_regression.cpython-311.pyc
  inflating: lib/python3.11/test/test_sqlite3/__pycache__/test_dbapi.cpython-311.pyc
  inflating: lib/python3.11/test/test_sqlite3/__pycache__/test_hooks.cpython-311.pyc
  inflating: lib/python3.11/test/test_sqlite3/__pycache__/test_backup.cpython-311.pyc
  inflating: lib/python3.11/test/test_sqlite3/__pycache__/test_dbapi.cpython-311.opt-1.pyc
  inflating: lib/python3.11/test/test_sqlite3/__pycache__/test_userfunctions.cpython-311.opt-1.pyc
  inflating: lib/python3.11/test/test_sqlite3/__pycache__/__init__.cpython-311.opt-1.pyc
  inflating: lib/python3.11/test/test_sqlite3/__pycache__/test_backup.cpython-311.opt-2.pyc
  inflating: lib/python3.11/test/test_sqlite3/__pycache__/test_transactions.cpython-311.pyc
  inflating: lib/python3.11/test/test_sqlite3/__pycache__/test_types.cpython-311.opt-2.pyc
  inflating: lib/python3.11/test/test_sqlite3/__pycache__/__main__.cpython-311.opt-1.pyc
  inflating: lib/python3.11/test/test_sqlite3/__pycache__/__init__.cpython-311.pyc
  inflating: lib/python3.11/test/test_sqlite3/__pycache__/test_dump.cpython-311.opt-1.pyc
  inflating: lib/python3.11/test/test_sqlite3/__pycache__/test_hooks.cpython-311.opt-1.pyc
  inflating: lib/python3.11/test/test_sqlite3/__pycache__/test_dump.cpython-311.pyc
  inflating: lib/python3.11/test/test_sqlite3/__pycache__/test_factory.cpython-311.pyc
  inflating: lib/python3.11/test/test_sqlite3/__pycache__/test_transactions.cpython-311.opt-1.pyc
  inflating: lib/python3.11/test/test_sqlite3/__pycache__/test_dbapi.cpython-311.opt-2.pyc
  inflating: lib/python3.11/test/test_sqlite3/__pycache__/__main__.cpython-311.opt-2.pyc
  inflating: lib/python3.11/test/test_sqlite3/__pycache__/__init__.cpython-311.opt-2.pyc
  inflating: lib/python3.11/test/test_sqlite3/__pycache__/test_factory.cpython-311.opt-2.pyc
  inflating: lib/python3.11/test/test_sqlite3/__pycache__/test_transactions.cpython-311.opt-2.pyc
  inflating: lib/python3.11/test/test_sqlite3/__pycache__/test_types.cpython-311.pyc
  inflating: lib/python3.11/test/test_sqlite3/__pycache__/__main__.cpython-311.pyc
  inflating: lib/python3.11/test/test_sqlite3/__pycache__/test_dump.cpython-311.opt-2.pyc
  inflating: lib/python3.11/test/test_sqlite3/__pycache__/test_regression.cpython-311.opt-1.pyc
  inflating: lib/python3.11/test/test_sqlite3/__pycache__/test_regression.cpython-311.opt-2.pyc
  inflating: lib/python3.11/test/test_sqlite3/__pycache__/test_types.cpython-311.opt-1.pyc
  inflating: lib/python3.11/test/test_sqlite3/__pycache__/test_userfunctions.cpython-311.pyc
  inflating: lib/python3.11/test/test_sqlite3/__pycache__/test_hooks.cpython-311.opt-2.pyc
  inflating: lib/python3.11/test/test_sqlite3/__pycache__/test_userfunctions.cpython-311.opt-2.pyc
  inflating: lib/python3.11/test/test_sqlite3/test_userfunctions.py
  inflating: lib/python3.11/test/leakers/test_selftype.py
  inflating: lib/python3.11/test/leakers/__init__.py
  inflating: lib/python3.11/test/leakers/test_ctypes.py
  inflating: lib/python3.11/test/leakers/README.txt
  inflating: lib/python3.11/test/leakers/__pycache__/__init__.cpython-311.opt-1.pyc
  inflating: lib/python3.11/test/leakers/__pycache__/test_ctypes.cpython-311.opt-2.pyc
  inflating: lib/python3.11/test/leakers/__pycache__/__init__.cpython-311.pyc
  inflating: lib/python3.11/test/leakers/__pycache__/test_selftype.cpython-311.pyc
  inflating: lib/python3.11/test/leakers/__pycache__/test_ctypes.cpython-311.opt-1.pyc
  inflating: lib/python3.11/test/leakers/__pycache__/test_selftype.cpython-311.opt-2.pyc
  inflating: lib/python3.11/test/leakers/__pycache__/__init__.cpython-311.opt-2.pyc
  inflating: lib/python3.11/test/leakers/__pycache__/test_selftype.cpython-311.opt-1.pyc
  inflating: lib/python3.11/test/leakers/__pycache__/test_ctypes.cpython-311.pyc
  inflating: lib/python3.11/test/test_inspect/inspect_stock_annotations.py
  inflating: lib/python3.11/test/test_inspect/inspect_fodder.py
  inflating: lib/python3.11/test/test_inspect/__init__.py
  inflating: lib/python3.11/test/test_inspect/test_inspect.py
  inflating: lib/python3.11/test/test_inspect/inspect_stringized_annotations_2.py
  inflating: lib/python3.11/test/test_inspect/inspect_fodder2.py
  inflating: lib/python3.11/test/test_inspect/inspect_stringized_annotations.py
  inflating: lib/python3.11/test/test_inspect/__pycache__/inspect_stock_annotations.cpython-311.pyc
  inflating: lib/python3.11/test/test_inspect/__pycache__/inspect_stringized_annotations.cpython-311.pyc
  inflating: lib/python3.11/test/test_inspect/__pycache__/test_inspect.cpython-311.opt-2.pyc
  inflating: lib/python3.11/test/test_inspect/__pycache__/inspect_stringized_annotations_2.cpython-311.pyc
  inflating: lib/python3.11/test/test_inspect/__pycache__/inspect_fodder.cpython-311.opt-1.pyc
  inflating: lib/python3.11/test/test_inspect/__pycache__/__init__.cpython-311.opt-1.pyc
  inflating: lib/python3.11/test/test_inspect/__pycache__/__init__.cpython-311.pyc
  inflating: lib/python3.11/test/test_inspect/__pycache__/inspect_stock_annotations.cpython-311.opt-1.pyc
  inflating: lib/python3.11/test/test_inspect/__pycache__/inspect_stock_annotations.cpython-311.opt-2.pyc
  inflating: lib/python3.11/test/test_inspect/__pycache__/inspect_fodder.cpython-311.opt-2.pyc
  inflating: lib/python3.11/test/test_inspect/__pycache__/inspect_stringized_annotations_2.cpython-311.opt-1.pyc
  inflating: lib/python3.11/test/test_inspect/__pycache__/inspect_fodder2.cpython-311.opt-2.pyc
  inflating: lib/python3.11/test/test_inspect/__pycache__/__init__.cpython-311.opt-2.pyc
  inflating: lib/python3.11/test/test_inspect/__pycache__/inspect_stringized_annotations.cpython-311.opt-1.pyc
  inflating: lib/python3.11/test/test_inspect/__pycache__/inspect_fodder2.cpython-311.pyc
  inflating: lib/python3.11/test/test_inspect/__pycache__/inspect_fodder.cpython-311.pyc
  inflating: lib/python3.11/test/test_inspect/__pycache__/test_inspect.cpython-311.pyc
  inflating: lib/python3.11/test/test_inspect/__pycache__/inspect_stringized_annotations_2.cpython-311.opt-2.pyc
  inflating: lib/python3.11/test/test_inspect/__pycache__/test_inspect.cpython-311.opt-1.pyc
  inflating: lib/python3.11/test/test_inspect/__pycache__/inspect_fodder2.cpython-311.opt-1.pyc
  inflating: lib/python3.11/test/test_inspect/__pycache__/inspect_stringized_annotations.cpython-311.opt-2.pyc
  inflating: lib/python3.11/test/test_tomllib/data/invalid/invalid-comment-char.toml
  inflating: lib/python3.11/test/test_tomllib/data/invalid/boolean/invalid-true-casing.toml
  inflating: lib/python3.11/test/test_tomllib/data/invalid/boolean/invalid-false-casing.toml
  inflating: lib/python3.11/test/test_tomllib/data/invalid/literal-str/unclosed.toml
  inflating: lib/python3.11/test/test_tomllib/data/invalid/array-of-tables/overwrite-bool-with-aot.toml
  inflating: lib/python3.11/test/test_tomllib/data/invalid/array-of-tables/overwrite-array-in-parent.toml
  inflating: lib/python3.11/test/test_tomllib/data/invalid/inline-table-missing-comma.toml
  inflating: lib/python3.11/test/test_tomllib/data/invalid/unclosed-multiline-string.toml
  inflating: lib/python3.11/test/test_tomllib/data/invalid/array-missing-comma.toml
  inflating: lib/python3.11/test/test_tomllib/data/invalid/multiline-literal-str/file-ends-after-opening.toml
  inflating: lib/python3.11/test/test_tomllib/data/invalid/multiline-literal-str/unclosed.toml
  inflating: lib/python3.11/test/test_tomllib/data/invalid/dotted-keys/extend-defined-table-with-subtable.toml
  inflating: lib/python3.11/test/test_tomllib/data/invalid/dotted-keys/extend-defined-aot.toml
  inflating: lib/python3.11/test/test_tomllib/data/invalid/dotted-keys/extend-defined-table.toml
  inflating: lib/python3.11/test/test_tomllib/data/invalid/dotted-keys/access-non-table.toml
  inflating: lib/python3.11/test/test_tomllib/data/invalid/keys-and-vals/only-ws-after-dot.toml
  inflating: lib/python3.11/test/test_tomllib/data/invalid/keys-and-vals/overwrite-with-deep-table.toml
  inflating: lib/python3.11/test/test_tomllib/data/invalid/keys-and-vals/ends-early-table-def.toml
  inflating: lib/python3.11/test/test_tomllib/data/invalid/keys-and-vals/no-value.toml
  inflating: lib/python3.11/test/test_tomllib/data/invalid/keys-and-vals/ends-early.toml
  inflating: lib/python3.11/test/test_tomllib/data/invalid/basic-str-ends-in-escape.toml
  inflating: lib/python3.11/test/test_tomllib/data/invalid/missing-closing-square-bracket.toml
  inflating: lib/python3.11/test/test_tomllib/data/invalid/invalid-hex.toml
  inflating: lib/python3.11/test/test_tomllib/data/invalid/non-scalar-escaped.toml
  inflating: lib/python3.11/test/test_tomllib/data/invalid/table/redefine-1.toml
  inflating: lib/python3.11/test/test_tomllib/data/invalid/table/redefine-2.toml
  inflating: lib/python3.11/test/test_tomllib/data/invalid/table/eof-after-opening.toml
  inflating: lib/python3.11/test/test_tomllib/data/invalid/inline-table/unclosed-empty.toml
  inflating: lib/python3.11/test/test_tomllib/data/invalid/inline-table/define-twice-in-subtable.toml
  inflating: lib/python3.11/test/test_tomllib/data/invalid/inline-table/override-val-with-table.toml
  inflating: lib/python3.11/test/test_tomllib/data/invalid/inline-table/overwrite-implicitly.toml
  inflating: lib/python3.11/test/test_tomllib/data/invalid/inline-table/mutate.toml
  inflating: lib/python3.11/test/test_tomllib/data/invalid/inline-table/overwrite-value-in-inner-array.toml
  inflating: lib/python3.11/test/test_tomllib/data/invalid/inline-table/override-val-with-array.toml
  inflating: lib/python3.11/test/test_tomllib/data/invalid/inline-table/overwrite-value-in-inner-table.toml
  inflating: lib/python3.11/test/test_tomllib/data/invalid/inline-table/define-twice.toml
  inflating: lib/python3.11/test/test_tomllib/data/invalid/inline-table/override-val-in-table.toml
  inflating: lib/python3.11/test/test_tomllib/data/invalid/inline-table/file-end-after-key-val.toml
  inflating: lib/python3.11/test/test_tomllib/data/invalid/missing-closing-double-square-bracket.toml
  inflating: lib/python3.11/test/test_tomllib/data/invalid/dates-and-times/invalid-day.toml
  inflating: lib/python3.11/test/test_tomllib/data/invalid/multiline-basic-str/escape-only.toml
  inflating: lib/python3.11/test/test_tomllib/data/invalid/multiline-basic-str/carriage-return.toml
  inflating: lib/python3.11/test/test_tomllib/data/invalid/multiline-basic-str/unclosed-ends-in-whitespace-escape.toml
  inflating: lib/python3.11/test/test_tomllib/data/invalid/multiline-basic-str/file-ends-after-opening.toml
  inflating: lib/python3.11/test/test_tomllib/data/invalid/multiline-basic-str/last-line-escape.toml
  inflating: lib/python3.11/test/test_tomllib/data/invalid/invalid-escaped-unicode.toml
  inflating: lib/python3.11/test/test_tomllib/data/invalid/unclosed-string.toml
  inflating: lib/python3.11/test/test_tomllib/data/invalid/array/unclosed-empty.toml
  inflating: lib/python3.11/test/test_tomllib/data/invalid/array/unclosed-after-item.toml
  inflating: lib/python3.11/test/test_tomllib/data/invalid/array/file-end-after-val.toml
  inflating: lib/python3.11/test/test_tomllib/data/valid/five-quotes.toml
  inflating: lib/python3.11/test/test_tomllib/data/valid/no-newlines.toml
  inflating: lib/python3.11/test/test_tomllib/data/valid/no-newlines.json
  inflating: lib/python3.11/test/test_tomllib/data/valid/hex-char.toml
  inflating: lib/python3.11/test/test_tomllib/data/valid/boolean.toml
  inflating: lib/python3.11/test/test_tomllib/data/valid/apostrophes-in-literal-string.toml
  inflating: lib/python3.11/test/test_tomllib/data/valid/empty-inline-table.json
  inflating: lib/python3.11/test/test_tomllib/data/valid/trailing-comma.json
  inflating: lib/python3.11/test/test_tomllib/data/valid/apostrophes-in-literal-string.json
  inflating: lib/python3.11/test/test_tomllib/data/valid/empty-inline-table.toml
  inflating: lib/python3.11/test/test_tomllib/data/valid/hex-char.json
  inflating: lib/python3.11/test/test_tomllib/data/valid/boolean.json
  inflating: lib/python3.11/test/test_tomllib/data/valid/trailing-comma.toml
  inflating: lib/python3.11/test/test_tomllib/data/valid/dates-and-times/localtime.json
  inflating: lib/python3.11/test/test_tomllib/data/valid/dates-and-times/datetimes.toml
  inflating: lib/python3.11/test/test_tomllib/data/valid/dates-and-times/localtime.toml
  inflating: lib/python3.11/test/test_tomllib/data/valid/dates-and-times/datetimes.json
  inflating: lib/python3.11/test/test_tomllib/data/valid/five-quotes.json
  inflating: lib/python3.11/test/test_tomllib/data/valid/multiline-basic-str/ends-in-whitespace-escape.json
  inflating: lib/python3.11/test/test_tomllib/data/valid/multiline-basic-str/ends-in-whitespace-escape.toml
  inflating: lib/python3.11/test/test_tomllib/data/valid/array/open-parent-table.toml
  inflating: lib/python3.11/test/test_tomllib/data/valid/array/array-subtables.toml
  inflating: lib/python3.11/test/test_tomllib/data/valid/array/array-subtables.json
  inflating: lib/python3.11/test/test_tomllib/data/valid/array/open-parent-table.json
  inflating: lib/python3.11/test/test_tomllib/__main__.py
  inflating: lib/python3.11/test/test_tomllib/__init__.py
  inflating: lib/python3.11/test/test_tomllib/test_data.py
  inflating: lib/python3.11/test/test_tomllib/burntsushi.py
  inflating: lib/python3.11/test/test_tomllib/__pycache__/test_error.cpython-311.opt-2.pyc
  inflating: lib/python3.11/test/test_tomllib/__pycache__/test_misc.cpython-311.opt-1.pyc
  inflating: lib/python3.11/test/test_tomllib/__pycache__/test_misc.cpython-311.opt-2.pyc
  inflating: lib/python3.11/test/test_tomllib/__pycache__/__init__.cpython-311.opt-1.pyc
  inflating: lib/python3.11/test/test_tomllib/__pycache__/__main__.cpython-311.opt-1.pyc
  inflating: lib/python3.11/test/test_tomllib/__pycache__/__init__.cpython-311.pyc
  inflating: lib/python3.11/test/test_tomllib/__pycache__/test_data.cpython-311.opt-1.pyc
  inflating: lib/python3.11/test/test_tomllib/__pycache__/test_error.cpython-311.opt-1.pyc
  inflating: lib/python3.11/test/test_tomllib/__pycache__/__main__.cpython-311.opt-2.pyc
  inflating: lib/python3.11/test/test_tomllib/__pycache__/__init__.cpython-311.opt-2.pyc
  inflating: lib/python3.11/test/test_tomllib/__pycache__/test_data.cpython-311.opt-2.pyc
  inflating: lib/python3.11/test/test_tomllib/__pycache__/test_error.cpython-311.pyc
  inflating: lib/python3.11/test/test_tomllib/__pycache__/test_misc.cpython-311.pyc
  inflating: lib/python3.11/test/test_tomllib/__pycache__/burntsushi.cpython-311.opt-1.pyc
  inflating: lib/python3.11/test/test_tomllib/__pycache__/__main__.cpython-311.pyc
  inflating: lib/python3.11/test/test_tomllib/__pycache__/burntsushi.cpython-311.opt-2.pyc
  inflating: lib/python3.11/test/test_tomllib/__pycache__/burntsushi.cpython-311.pyc
  inflating: lib/python3.11/test/test_tomllib/__pycache__/test_data.cpython-311.pyc
  inflating: lib/python3.11/test/test_tomllib/test_error.py
  inflating: lib/python3.11/test/test_tomllib/test_misc.py
  inflating: lib/python3.11/test/archiver_tests.py
  inflating: lib/python3.11/test/configdata/cfgparser.1
  inflating: lib/python3.11/test/configdata/cfgparser.2
  inflating: lib/python3.11/test/configdata/cfgparser.3
  inflating: lib/python3.11/test/test_termios.py
  inflating: lib/python3.11/test/test_doctest/test_doctest.txt
  inflating: lib/python3.11/test/test_doctest/test_doctest.py
  inflating: lib/python3.11/test/test_doctest/test_doctest4.txt
  inflating: lib/python3.11/test/test_doctest/__init__.py
  inflating: lib/python3.11/test/test_doctest/doctest_aliases.py
  inflating: lib/python3.11/test/test_doctest/sample_doctest_no_doctests.py
  inflating: lib/python3.11/test/test_doctest/sample_doctest_no_docstrings.py
  inflating: lib/python3.11/test/test_doctest/test_doctest3.txt
  inflating: lib/python3.11/test/test_doctest/test_doctest2.txt
  inflating: lib/python3.11/test/test_doctest/doctest_lineno.py
  inflating: lib/python3.11/test/test_doctest/test_doctest2.py
  inflating: lib/python3.11/test/test_doctest/__pycache__/sample_doctest.cpython-311.pyc
  inflating: lib/python3.11/test/test_doctest/__pycache__/sample_doctest_no_docstrings.cpython-311.opt-1.pyc
  inflating: lib/python3.11/test/test_doctest/__pycache__/doctest_lineno.cpython-311.pyc
  inflating: lib/python3.11/test/test_doctest/__pycache__/test_doctest2.cpython-311.opt-1.pyc
  inflating: lib/python3.11/test/test_doctest/__pycache__/__init__.cpython-311.opt-1.pyc
  inflating: lib/python3.11/test/test_doctest/__pycache__/sample_doctest_no_doctests.cpython-311.opt-2.pyc
  inflating: lib/python3.11/test/test_doctest/__pycache__/__init__.cpython-311.pyc
  inflating: lib/python3.11/test/test_doctest/__pycache__/sample_doctest.cpython-311.opt-2.pyc
  inflating: lib/python3.11/test/test_doctest/__pycache__/doctest_aliases.cpython-311.pyc
  inflating: lib/python3.11/test/test_doctest/__pycache__/sample_doctest_no_doctests.cpython-311.opt-1.pyc
  inflating: lib/python3.11/test/test_doctest/__pycache__/doctest_lineno.cpython-311.opt-1.pyc
  inflating: lib/python3.11/test/test_doctest/__pycache__/sample_doctest.cpython-311.opt-1.pyc
  inflating: lib/python3.11/test/test_doctest/__pycache__/test_doctest.cpython-311.opt-2.pyc
  inflating: lib/python3.11/test/test_doctest/__pycache__/test_doctest2.cpython-311.pyc
  inflating: lib/python3.11/test/test_doctest/__pycache__/test_doctest2.cpython-311.opt-2.pyc
  inflating: lib/python3.11/test/test_doctest/__pycache__/test_doctest.cpython-311.opt-1.pyc
  inflating: lib/python3.11/test/test_doctest/__pycache__/doctest_aliases.cpython-311.opt-1.pyc
  inflating: lib/python3.11/test/test_doctest/__pycache__/__init__.cpython-311.opt-2.pyc
  inflating: lib/python3.11/test/test_doctest/__pycache__/sample_doctest_no_docstrings.cpython-311.opt-2.pyc
  inflating: lib/python3.11/test/test_doctest/__pycache__/sample_doctest_no_docstrings.cpython-311.pyc
  inflating: lib/python3.11/test/test_doctest/__pycache__/sample_doctest_no_doctests.cpython-311.pyc
  inflating: lib/python3.11/test/test_doctest/__pycache__/doctest_lineno.cpython-311.opt-2.pyc
  inflating: lib/python3.11/test/test_doctest/__pycache__/test_doctest.cpython-311.pyc
  inflating: lib/python3.11/test/test_doctest/__pycache__/doctest_aliases.cpython-311.opt-2.pyc
  inflating: lib/python3.11/test/test_doctest/sample_doctest.py
  inflating: lib/python3.11/test/regrtestdata/import_from_tests/test_regrtest_c.py
  inflating: lib/python3.11/test/regrtestdata/import_from_tests/test_regrtest_a.py
  inflating: lib/python3.11/test/regrtestdata/import_from_tests/__pycache__/test_regrtest_a.cpython-311.opt-1.pyc
  inflating: lib/python3.11/test/regrtestdata/import_from_tests/__pycache__/test_regrtest_c.cpython-311.opt-2.pyc
  inflating: lib/python3.11/test/regrtestdata/import_from_tests/__pycache__/test_regrtest_a.cpython-311.pyc
  inflating: lib/python3.11/test/regrtestdata/import_from_tests/__pycache__/test_regrtest_c.cpython-311.opt-1.pyc
  inflating: lib/python3.11/test/regrtestdata/import_from_tests/__pycache__/test_regrtest_a.cpython-311.opt-2.pyc
  inflating: lib/python3.11/test/regrtestdata/import_from_tests/__pycache__/test_regrtest_c.cpython-311.pyc
  inflating: lib/python3.11/test/regrtestdata/import_from_tests/test_regrtest_b/__init__.py
  inflating: lib/python3.11/test/regrtestdata/import_from_tests/test_regrtest_b/util.py
  inflating: lib/python3.11/test/regrtestdata/import_from_tests/test_regrtest_b/__pycache__/util.cpython-311.opt-1.pyc
  inflating: lib/python3.11/test/regrtestdata/import_from_tests/test_regrtest_b/__pycache__/__init__.cpython-311.opt-1.pyc
  inflating: lib/python3.11/test/regrtestdata/import_from_tests/test_regrtest_b/__pycache__/__init__.cpython-311.pyc
  inflating: lib/python3.11/test/regrtestdata/import_from_tests/test_regrtest_b/__pycache__/__init__.cpython-311.opt-2.pyc
  inflating: lib/python3.11/test/regrtestdata/import_from_tests/test_regrtest_b/__pycache__/util.cpython-311.opt-2.pyc
  inflating: lib/python3.11/test/regrtestdata/import_from_tests/test_regrtest_b/__pycache__/util.cpython-311.pyc
  inflating: lib/python3.11/test/test_future_stmt/badsyntax_future6.py
  inflating: lib/python3.11/test/test_future_stmt/test_future.py
  inflating: lib/python3.11/test/test_future_stmt/__init__.py
  inflating: lib/python3.11/test/test_future_stmt/future_test2.py
  inflating: lib/python3.11/test/test_future_stmt/test_future_multiple_features.py
  inflating: lib/python3.11/test/test_future_stmt/badsyntax_future7.py
  inflating: lib/python3.11/test/test_future_stmt/badsyntax_future8.py
  inflating: lib/python3.11/test/test_future_stmt/test_future_single_import.py
  inflating: lib/python3.11/test/test_future_stmt/badsyntax_future9.py
  inflating: lib/python3.11/test/test_future_stmt/badsyntax_future4.py
  inflating: lib/python3.11/test/test_future_stmt/badsyntax_future5.py
  inflating: lib/python3.11/test/test_future_stmt/future_test1.py
  inflating: lib/python3.11/test/test_future_stmt/test_future_flags.py
  inflating: lib/python3.11/test/test_future_stmt/badsyntax_future3.py
  inflating: lib/python3.11/test/test_future_stmt/__pycache__/future_test1.cpython-311.pyc
  inflating: lib/python3.11/test/test_future_stmt/__pycache__/test_future_multiple_features.cpython-311.opt-2.pyc
  inflating: lib/python3.11/test/test_future_stmt/__pycache__/__init__.cpython-311.opt-1.pyc
  inflating: lib/python3.11/test/test_future_stmt/__pycache__/test_future_single_import.cpython-311.pyc
  inflating: lib/python3.11/test/test_future_stmt/__pycache__/test_future_multiple_features.cpython-311.opt-1.pyc
  inflating: lib/python3.11/test/test_future_stmt/__pycache__/__init__.cpython-311.pyc
  inflating: lib/python3.11/test/test_future_stmt/__pycache__/test_future_multiple_features.cpython-311.pyc
  inflating: lib/python3.11/test/test_future_stmt/__pycache__/test_future_flags.cpython-311.opt-2.pyc
  inflating: lib/python3.11/test/test_future_stmt/__pycache__/future_test2.cpython-311.pyc
  inflating: lib/python3.11/test/test_future_stmt/__pycache__/test_future_flags.cpython-311.pyc
  inflating: lib/python3.11/test/test_future_stmt/__pycache__/future_test2.cpython-311.opt-2.pyc
  inflating: lib/python3.11/test/test_future_stmt/__pycache__/test_future_multiple_imports.cpython-311.opt-2.pyc
  inflating: lib/python3.11/test/test_future_stmt/__pycache__/test_future_single_import.cpython-311.opt-2.pyc
  inflating: lib/python3.11/test/test_future_stmt/__pycache__/__init__.cpython-311.opt-2.pyc
  inflating: lib/python3.11/test/test_future_stmt/__pycache__/future_test2.cpython-311.opt-1.pyc
  inflating: lib/python3.11/test/test_future_stmt/__pycache__/future_test1.cpython-311.opt-2.pyc
  inflating: lib/python3.11/test/test_future_stmt/__pycache__/test_future.cpython-311.pyc
  inflating: lib/python3.11/test/test_future_stmt/__pycache__/test_future.cpython-311.opt-2.pyc
  inflating: lib/python3.11/test/test_future_stmt/__pycache__/test_future_flags.cpython-311.opt-1.pyc
  inflating: lib/python3.11/test/test_future_stmt/__pycache__/future_test1.cpython-311.opt-1.pyc
  inflating: lib/python3.11/test/test_future_stmt/__pycache__/test_future_multiple_imports.cpython-311.pyc
  inflating: lib/python3.11/test/test_future_stmt/__pycache__/test_future_single_import.cpython-311.opt-1.pyc
  inflating: lib/python3.11/test/test_future_stmt/__pycache__/test_future_multiple_imports.cpython-311.opt-1.pyc
  inflating: lib/python3.11/test/test_future_stmt/__pycache__/test_future.cpython-311.opt-1.pyc
  inflating: lib/python3.11/test/test_future_stmt/test_future_multiple_imports.py
  inflating: lib/python3.11/test/test_future_stmt/badsyntax_future10.py
  inflating: lib/python3.11/test/test_module/final_a.py
  inflating: lib/python3.11/test/test_module/__init__.py
  inflating: lib/python3.11/test/test_module/bad_getattr.py
  inflating: lib/python3.11/test/test_module/bad_getattr2.py
  inflating: lib/python3.11/test/test_module/bad_getattr3.py
  inflating: lib/python3.11/test/test_module/final_b.py
  inflating: lib/python3.11/test/test_module/__pycache__/bad_getattr3.cpython-311.opt-1.pyc
  inflating: lib/python3.11/test/test_module/__pycache__/final_a.cpython-311.opt-1.pyc
  inflating: lib/python3.11/test/test_module/__pycache__/final_b.cpython-311.opt-1.pyc
  inflating: lib/python3.11/test/test_module/__pycache__/bad_getattr3.cpython-311.opt-2.pyc
  inflating: lib/python3.11/test/test_module/__pycache__/final_a.cpython-311.pyc
  inflating: lib/python3.11/test/test_module/__pycache__/bad_getattr.cpython-311.opt-2.pyc
  inflating: lib/python3.11/test/test_module/__pycache__/__init__.cpython-311.opt-1.pyc
  inflating: lib/python3.11/test/test_module/__pycache__/__init__.cpython-311.pyc
  inflating: lib/python3.11/test/test_module/__pycache__/good_getattr.cpython-311.pyc
  inflating: lib/python3.11/test/test_module/__pycache__/bad_getattr2.cpython-311.opt-1.pyc
  inflating: lib/python3.11/test/test_module/__pycache__/bad_getattr2.cpython-311.pyc
  inflating: lib/python3.11/test/test_module/__pycache__/bad_getattr.cpython-311.opt-1.pyc
  inflating: lib/python3.11/test/test_module/__pycache__/bad_getattr.cpython-311.pyc
  inflating: lib/python3.11/test/test_module/__pycache__/__init__.cpython-311.opt-2.pyc
  inflating: lib/python3.11/test/test_module/__pycache__/final_b.cpython-311.pyc
  inflating: lib/python3.11/test/test_module/__pycache__/final_a.cpython-311.opt-2.pyc
  inflating: lib/python3.11/test/test_module/__pycache__/bad_getattr2.cpython-311.opt-2.pyc
  inflating: lib/python3.11/test/test_module/__pycache__/bad_getattr3.cpython-311.pyc
  inflating: lib/python3.11/test/test_module/__pycache__/final_b.cpython-311.opt-2.pyc
  inflating: lib/python3.11/test/test_module/__pycache__/good_getattr.cpython-311.opt-2.pyc
  inflating: lib/python3.11/test/test_module/__pycache__/good_getattr.cpython-311.opt-1.pyc
  inflating: lib/python3.11/test/test_module/good_getattr.py
  inflating: lib/python3.11/test/__pycache__/test_termios.cpython-311.opt-2.pyc
  inflating: lib/python3.11/test/__pycache__/test_termios.cpython-311.opt-1.pyc
  inflating: lib/python3.11/test/__pycache__/archiver_tests.cpython-311.opt-1.pyc
  inflating: lib/python3.11/test/__pycache__/test_tty.cpython-311.pyc
  inflating: lib/python3.11/test/__pycache__/test_termios.cpython-311.pyc
  inflating: lib/python3.11/test/__pycache__/archiver_tests.cpython-311.opt-2.pyc
  inflating: lib/python3.11/test/__pycache__/test_tty.cpython-311.opt-2.pyc
  inflating: lib/python3.11/test/__pycache__/archiver_tests.cpython-311.pyc
  inflating: lib/python3.11/test/__pycache__/test_tty.cpython-311.opt-1.pyc
  inflating: lib/python3.11/test/test_cppext/__init__.py
  inflating: lib/python3.11/test/test_cppext/extension.cpp
  inflating: lib/python3.11/test/test_cppext/setup.py
  inflating: lib/python3.11/test/test_cppext/__pycache__/setup.cpython-311.pyc
  inflating: lib/python3.11/test/test_cppext/__pycache__/setup.cpython-311.opt-1.pyc
  inflating: lib/python3.11/test/test_cppext/__pycache__/__init__.cpython-311.opt-1.pyc
  inflating: lib/python3.11/test/test_cppext/__pycache__/__init__.cpython-311.pyc
  inflating: lib/python3.11/test/test_cppext/__pycache__/__init__.cpython-311.opt-2.pyc
  inflating: lib/python3.11/test/test_cppext/__pycache__/setup.cpython-311.opt-2.pyc
  inflating: lib/python3.11/test/certdata/keycert4.pem
  inflating: lib/python3.11/test/certdata/revocation.crl
  inflating: lib/python3.11/test/certdata/nullbytecert.pem
  inflating: lib/python3.11/test/certdata/ssl_key.pem
  inflating: lib/python3.11/test/certdata/keycertecc.pem
  inflating: lib/python3.11/test/certdata/badkey.pem
  inflating: lib/python3.11/test/certdata/secp384r1.pem
  inflating: lib/python3.11/test/certdata/talos-2019-0758.pem
  inflating: lib/python3.11/test/certdata/keycert3.pem
  inflating: lib/python3.11/test/certdata/ssl_key.passwd.pem
  inflating: lib/python3.11/test/certdata/capath/ceff1710.0
  inflating: lib/python3.11/test/certdata/capath/6e88d7b8.0
  inflating: lib/python3.11/test/certdata/capath/4e1295a3.0
  inflating: lib/python3.11/test/certdata/capath/5ed36f99.0
  inflating: lib/python3.11/test/certdata/capath/b1930218.0
  inflating: lib/python3.11/test/certdata/capath/99d0fa06.0
  inflating: lib/python3.11/test/certdata/keycert.pem
  inflating: lib/python3.11/test/certdata/nosan.pem
  inflating: lib/python3.11/test/certdata/keycert2.pem
  inflating: lib/python3.11/test/certdata/ffdh3072.pem
  inflating: lib/python3.11/test/certdata/idnsans.pem
  inflating: lib/python3.11/test/certdata/allsans.pem
  inflating: lib/python3.11/test/certdata/pycacert.pem
  inflating: lib/python3.11/test/certdata/make_ssl_certs.py
  inflating: lib/python3.11/test/certdata/badcert.pem
  inflating: lib/python3.11/test/certdata/nokia.pem
  inflating: lib/python3.11/test/certdata/ssl_cert.pem
  inflating: lib/python3.11/test/certdata/selfsigned_pythontestdotnet.pem
  inflating: lib/python3.11/test/certdata/keycert.passwd.pem
  inflating: lib/python3.11/test/certdata/__pycache__/make_ssl_certs.cpython-311.opt-1.pyc
  inflating: lib/python3.11/test/certdata/__pycache__/make_ssl_certs.cpython-311.pyc
  inflating: lib/python3.11/test/certdata/__pycache__/make_ssl_certs.cpython-311.opt-2.pyc
  inflating: lib/python3.11/test/certdata/pycakey.pem
  inflating: lib/python3.11/test/certdata/nullcert.pem
  inflating: lib/python3.11/lib-dynload/_testclinic.cpython-311-aarch64-linux-gnu.so
  inflating: lib/python3.11/ensurepip/_bundled/pip-24.0-py3-none-any.whl
  inflating: lib/python3.11/lib2to3/Grammar3.11.8.final.0.pickle
  inflating: lib/python3.11/lib2to3/PatternGrammar3.11.8.final.0.pickle
  inflating: lib/python3.11/idlelib/News3.txt
  inflating: lib/python3.11/site-packages/pip-24.0.dist-info/WHEEL
  inflating: lib/python3.11/site-packages/pip-24.0.dist-info/METADATA
  inflating: lib/python3.11/site-packages/pip-24.0.dist-info/entry_points.txt
  inflating: lib/python3.11/site-packages/pip-24.0.dist-info/AUTHORS.txt
  inflating: lib/python3.11/site-packages/pip-24.0.dist-info/top_level.txt
  inflating: lib/python3.11/site-packages/pip-24.0.dist-info/LICENSE.txt
  inflating: lib/python3.11/site-packages/pip-24.0.dist-info/REQUESTED
  inflating: lib/python3.11/site-packages/pip-24.0.dist-info/INSTALLER
  inflating: lib/python3.11/site-packages/pip-24.0.dist-info/RECORD
  inflating: lib/python3.11/site-packages/pip/_vendor/pyparsing/py.typed
  inflating: lib/python3.11/site-packages/pip/_vendor/certifi/py.typed
  inflating: lib/python3.11/site-packages/pip/_vendor/pyproject_hooks/_in_process/__init__.py
  inflating: lib/python3.11/site-packages/pip/_vendor/pyproject_hooks/_in_process/_in_process.py
  inflating: lib/python3.11/site-packages/pip/_vendor/pyproject_hooks/_in_process/__pycache__/__init__.cpython-311.pyc
  inflating: lib/python3.11/site-packages/pip/_vendor/pyproject_hooks/_in_process/__pycache__/_in_process.cpython-311.pyc
  inflating: lib/python3.11/site-packages/pip/_vendor/pyproject_hooks/__init__.py
  inflating: lib/python3.11/site-packages/pip/_vendor/pyproject_hooks/_compat.py
  inflating: lib/python3.11/site-packages/pip/_vendor/pyproject_hooks/__pycache__/_compat.cpython-311.pyc
  inflating: lib/python3.11/site-packages/pip/_vendor/pyproject_hooks/__pycache__/__init__.cpython-311.pyc
  inflating: lib/python3.11/site-packages/pip/_vendor/pyproject_hooks/__pycache__/_impl.cpython-311.pyc
  inflating: lib/python3.11/site-packages/pip/_vendor/pyproject_hooks/_impl.py
  inflating: lib/python3.11/site-packages/pip/_vendor/rich/py.typed
  inflating: lib/python3.11/site-packages/pip/_vendor/rich/_fileno.py
  inflating: lib/python3.11/site-packages/pip/_vendor/rich/_null_file.py
  inflating: lib/python3.11/site-packages/pip/_vendor/rich/__pycache__/_null_file.cpython-311.pyc
  inflating: lib/python3.11/site-packages/pip/_vendor/rich/__pycache__/_fileno.cpython-311.pyc
  inflating: lib/python3.11/site-packages/pip/_vendor/truststore/_api.py
  inflating: lib/python3.11/site-packages/pip/_vendor/truststore/py.typed
  inflating: lib/python3.11/site-packages/pip/_vendor/truststore/_windows.py
  inflating: lib/python3.11/site-packages/pip/_vendor/truststore/__init__.py
  inflating: lib/python3.11/site-packages/pip/_vendor/truststore/_macos.py
  inflating: lib/python3.11/site-packages/pip/_vendor/truststore/_ssl_constants.py
  inflating: lib/python3.11/site-packages/pip/_vendor/truststore/_openssl.py
  inflating: lib/python3.11/site-packages/pip/_vendor/truststore/__pycache__/_macos.cpython-311.pyc
  inflating: lib/python3.11/site-packages/pip/_vendor/truststore/__pycache__/_windows.cpython-311.pyc
  inflating: lib/python3.11/site-packages/pip/_vendor/truststore/__pycache__/__init__.cpython-311.pyc
  inflating: lib/python3.11/site-packages/pip/_vendor/truststore/__pycache__/_ssl_constants.cpython-311.pyc
  inflating: lib/python3.11/site-packages/pip/_vendor/truststore/__pycache__/_api.cpython-311.pyc
  inflating: lib/python3.11/site-packages/pip/_vendor/truststore/__pycache__/_openssl.cpython-311.pyc
  inflating: lib/python3.11/site-packages/pip/_vendor/urllib3/packages/backports/weakref_finalize.py
  inflating: lib/python3.11/site-packages/pip/_vendor/urllib3/packages/backports/__pycache__/weakref_finalize.cpython-311.pyc
  inflating: lib/python3.11/site-packages/pip/_vendor/tenacity/py.typed
  inflating: lib/python3.11/site-packages/pip/_vendor/idna/py.typed
  inflating: lib/python3.11/site-packages/pip/_vendor/resolvelib/py.typed
  inflating: lib/python3.11/site-packages/pip/_vendor/platformdirs/py.typed
  inflating: lib/python3.11/site-packages/pip/_vendor/distro/py.typed
  inflating: lib/python3.11/site-packages/pip/_vendor/colorama/tests/__init__.py
  inflating: lib/python3.11/site-packages/pip/_vendor/colorama/tests/ansitowin32_test.py
  inflating: lib/python3.11/site-packages/pip/_vendor/colorama/tests/winterm_test.py
  inflating: lib/python3.11/site-packages/pip/_vendor/colorama/tests/isatty_test.py
  inflating: lib/python3.11/site-packages/pip/_vendor/colorama/tests/ansi_test.py
  inflating: lib/python3.11/site-packages/pip/_vendor/colorama/tests/initialise_test.py
  inflating: lib/python3.11/site-packages/pip/_vendor/colorama/tests/__pycache__/winterm_test.cpython-311.pyc
  inflating: lib/python3.11/site-packages/pip/_vendor/colorama/tests/__pycache__/utils.cpython-311.pyc
  inflating: lib/python3.11/site-packages/pip/_vendor/colorama/tests/__pycache__/__init__.cpython-311.pyc
  inflating: lib/python3.11/site-packages/pip/_vendor/colorama/tests/__pycache__/isatty_test.cpython-311.pyc
  inflating: lib/python3.11/site-packages/pip/_vendor/colorama/tests/__pycache__/ansi_test.cpython-311.pyc
  inflating: lib/python3.11/site-packages/pip/_vendor/colorama/tests/__pycache__/ansitowin32_test.cpython-311.pyc
  inflating: lib/python3.11/site-packages/pip/_vendor/colorama/tests/__pycache__/initialise_test.cpython-311.pyc
  inflating: lib/python3.11/site-packages/pip/_vendor/colorama/tests/utils.py
  inflating: lib/python3.11/site-packages/pip/_vendor/cachecontrol/py.typed
  inflating: lib/python3.11/site-packages/pip/_vendor/tomli/py.typed
  inflating: lib/python3.11/site-packages/pip/_vendor/packaging/py.typed
  inflating: lib/python3.11/site-packages/pip/_vendor/chardet/py.typed
  inflating: lib/python3.11/site-packages/pip/_vendor/chardet/resultdict.py
  inflating: lib/python3.11/site-packages/pip/_vendor/chardet/codingstatemachinedict.py
  inflating: lib/python3.11/site-packages/pip/_vendor/chardet/macromanprober.py
  inflating: lib/python3.11/site-packages/pip/_vendor/chardet/__pycache__/codingstatemachinedict.cpython-311.pyc
  inflating: lib/python3.11/site-packages/pip/_vendor/chardet/__pycache__/resultdict.cpython-311.pyc
  inflating: lib/python3.11/site-packages/pip/_vendor/chardet/__pycache__/macromanprober.cpython-311.pyc
  inflating: lib/python3.11/site-packages/pip/_internal/utils/_jaraco_text.py
  inflating: lib/python3.11/site-packages/pip/_internal/utils/__pycache__/_jaraco_text.cpython-311.pyc
